G,W,ADJOE,ADJDE,BARTHAG,EFG_O,EFG_D,TOR,TORD,ORB,DRB,FTR,FTRD,2P_O,2P_D,3P_O,3P_D,ADJ_T,WAB,YEAR,Made_Tournament,CONF_A10,CONF_ACC,CONF_AE,CONF_ASun,CONF_Amer,CONF_B10,CONF_B12,CONF_BE,CONF_BSky,CONF_BSth,CONF_BW,CONF_CAA,CONF_CUSA,CONF_Horz,CONF_Ivy,CONF_MAAC,CONF_MAC,CONF_MEAC,CONF_MVC,CONF_MWC,CONF_NEC,CONF_OVC,CONF_P12,CONF_Pat,CONF_SB,CONF_SC,CONF_SEC,CONF_SWAC,CONF_Slnd,CONF_Sum,CONF_WAC,CONF_WCC
1.0,0.9552238805970149,1.0,0.25552486187845336,0.9775269044102131,0.6375000000000002,0.3263888888888897,0.19095477386934667,0.48611111111111116,1.0,0.5575153374233128,0.4123314065510597,0.2975778546712802,0.7556818181818179,0.2029411764705884,0.3682432432432434,0.6093750000000004,0.6736111111111116,0.9184782608695653,0.0,Made Tournament,False,True,False,False,False,False,False,False,False,False,False,False,False,False,False,False,False,False,False,False,False,False,False,False,False,False,False,False,False,False,False,False
1.0,1.0,1.0,0.14502762430939287,0.9956741928676935,0.8562500000000002,0.2291666666666674,0.2814070351758795,0.7083333333333335,0.4675925925925928,0.5207055214723926,0.4816955684007709,0.2837370242214532,0.9545454545454546,0.17352941176470615,0.6047297297297298,0.42968749999999956,0.3263888888888893,0.9266304347826088,0.0,Made Tournament,False,False,False,False,False,False,False,True,False,False,False,False,False,False,False,False,False,False,False,False,False,False,False,False,False,False,False,False,False,False,False,False
0.875,0.6865671641791045,0.8909574468085109,0.4875690607734806,0.8443764507280016,0.7250000000000001,0.4236111111111116,0.18090452261306544,0.1712962962962965,0.675925925925926,0.6863496932515338,0.4354527938342967,0.1453287197231833,0.6988636363636362,0.3147058823529414,0.685810810810811,0.6640625,0.24305555555555536,0.7472826086956522,0.0,Made Tournament,False,True,False,False,False,False,False,False,False,False,False,False,False,False,False,False,False,False,False,False,False,False,False,False,False,False,False,False,False,False,False,False
0.958333333333333,0.835820895522388,0.9335106382978728,0.1477900552486191,0.9848069212914117,0.7749999999999999,0.34722222222222276,0.16080402010050254,0.5416666666666667,0.5462962962962963,0.263036809815951,0.40462427745664753,0.4013840830449824,0.6818181818181817,0.30294117647058805,0.8817567567567566,0.4921875,0.0,0.9184782608695653,0.0,Made Tournament,False,True,False,False,False,False,False,False,False,False,False,False,False,False,False,False,False,False,False,False,False,False,False,False,False,False,False,False,False,False,False,False
0.958333333333333,0.9253731343283582,0.960106382978724,0.13121546961325992,0.9913483857353871,0.8312500000000003,0.11805555555555625,0.4321608040201006,0.5138888888888888,0.6527777777777779,0.42868098159509205,0.6551059730250484,0.5363321799307956,0.6875,0.13235294117647056,0.9493243243243241,0.32031249999999956,0.5625,1.0,0.0,Made Tournament,False,False,False,False,False,False,True,False,False,False,False,False,False,False,False,False,False,False,False,False,False,False,False,False,False,False,False,False,False,False,False,False
0.958333333333333,0.8656716417910448,0.8936170212765964,0.29143646408839796,0.9387001477104874,0.6187499999999999,0.3819444444444451,0.2613065326633166,0.6712962962962963,0.7407407407407409,0.5881901840490797,0.7206165703275531,0.3529411764705881,0.6818181818181817,0.2911764705882356,0.4831081081081079,0.6093750000000004,0.4861111111111116,0.8668478260869565,0.0,Made Tournament,False,False,False,False,False,False,False,False,False,False,False,False,False,False,False,False,False,False,False,False,False,False,True,False,False,False,False,False,False,False,False,False
0.958333333333333,0.6567164179104478,0.7207446808510642,0.2196132596685083,0.9064148554547373,0.4750000000000001,0.2708333333333339,0.46231155778894495,0.6898148148148147,0.712962962962963,0.8826687116564411,0.531791907514451,0.2145328719723183,0.375,0.40882352941176503,0.5912162162162162,0.17968749999999956,0.24305555555555536,0.6766304347826088,0.0,Made Tournament,False,True,False,False,False,False,False,False,False,False,False,False,False,False,False,False,False,False,False,False,False,False,False,False,False,False,False,False,False,False,False,False
0.958333333333333,0.835820895522388,0.8882978723404258,0.23342541436464082,0.9558978687486811,0.7437499999999999,0.2638888888888897,0.48241206030150763,0.4398148148148149,0.6064814814814816,0.5881901840490797,0.4393063583815029,0.22491349480968847,0.43181818181818166,0.24411764705882355,1.0,0.4140625,0.6111111111111116,0.9021739130434783,0.0,Made Tournament,False,False,False,False,False,False,True,False,False,False,False,False,False,False,False,False,False,False,False,False,False,False,False,False,False,False,False,False,False,False,False,False
0.5416666666666665,0.5373134328358209,0.75,0.5621546961325965,0.685904199198143,0.6000000000000001,0.5972222222222228,0.07035175879396971,0.26388888888888906,0.3148148148148149,0.60659509202454,0.4123314065510597,0.3044982698961938,0.5965909090909092,0.6500000000000004,0.5574324324324325,0.46093749999999956,0.645833333333333,0.6277173913043479,0.0,No Tournament,True,False,False,False,False,False,False,False,False,False,False,False,False,False,False,False,False,False,False,False,False,False,False,False,False,False,False,False,False,False,False,False
0.625,0.44776119402985076,0.6223404255319149,0.5372928176795577,0.5892593374129562,0.71875,0.41666666666666696,0.5427135678391959,0.24537037037037046,0.4537037037037037,0.45935582822085896,0.4624277456647401,0.5813148788927334,0.7102272727272725,0.09705882352941186,0.631756756756757,0.9218750000000009,0.8055555555555554,0.47282608695652173,0.0,No Tournament,True,False,False,False,False,False,False,False,False,False,False,False,False,False,False,False,False,False,False,False,False,False,False,False,False,False,False,False,False,False,False,False
0.375,0.44776119402985076,0.4521276595744679,0.4074585635359118,0.5404093690652035,0.5687500000000001,0.5555555555555558,0.693467336683417,0.875,0.5694444444444444,0.3673312883435582,0.4624277456647401,0.6470588235294115,0.6022727272727271,0.6558823529411764,0.49662162162162193,0.39062499999999956,0.38194444444444464,0.5217391304347827,0.0,No Tournament,True,False,False,False,False,False,False,False,False,False,False,False,False,False,False,False,False,False,False,False,False,False,False,False,False,False,False,False,False,False,False,False
0.5416666666666665,0.2985074626865672,0.4414893617021276,0.48204419889502725,0.447457269466132,0.16875000000000018,0.34722222222222276,0.512562814070352,0.0,0.712962962962963,0.11579754601227021,0.49325626204238926,0.2837370242214532,0.28977272727272707,0.28529411764705914,0.1317567567567568,0.5390624999999996,0.45833333333333304,0.3695652173913044,0.0,No Tournament,True,False,False,False,False,False,False,False,False,False,False,False,False,False,False,False,False,False,False,False,False,False,False,False,False,False,False,False,False,False,False,False
1.0,0.8059701492537313,0.8005319148936172,0.37154696132596676,0.8638953365688964,0.5249999999999999,0.36805555555555625,0.3015075376884422,0.4212962962962963,0.7546296296296295,0.42868098159509205,0.6743737957610794,0.17993079584775074,0.4431818181818179,0.4147058823529415,0.6655405405405408,0.35937499999999956,0.3611111111111116,0.6630434782608696,0.0,No Tournament,True,False,False,False,False,False,False,False,False,False,False,False,False,False,False,False,False,False,False,False,False,False,False,False,False,False,False,False,False,False,False,False
0.375,0.208955223880597,0.3829787234042552,0.5428176795580106,0.3262291622705211,0.33125000000000027,0.6875000000000004,0.5326633165829147,0.5694444444444446,0.3148148148148149,0.8213190184049077,0.35838150289017334,0.45328719723183375,0.2727272727272725,0.585294117647059,0.4290540540540544,0.7578125000000004,0.3472222222222223,0.3423913043478261,0.0,No Tournament,True,False,False,False,False,False,False,False,False,False,False,False,False,False,False,False,False,False,False,False,False,False,False,False,False,False,False,False,False,False,False,False
0.5416666666666665,0.3880597014925373,0.4601063829787231,0.41574585635359096,0.5410424140113947,0.4187500000000002,0.3402777777777781,0.40201005025125625,0.3842592592592595,0.36111111111111116,0.5820552147239262,0.5741811175337188,0.6366782006920413,0.4659090909090904,0.4617647058823531,0.3885135135135136,0.22656249999999956,0.666666666666667,0.44836956521739135,0.0,No Tournament,True,False,False,False,False,False,False,False,False,False,False,False,False,False,False,False,False,False,False,False,False,False,False,False,False,False,False,False,False,False,False,False
0.5416666666666665,0.4776119402985075,0.6063829787234041,0.34944751381215466,0.753006963494408,0.5,0.2916666666666674,0.40201005025125625,0.5416666666666667,0.5787037037037039,0.3305214723926382,0.6165703275529868,0.6159169550173009,0.43749999999999956,0.32058823529411784,0.625,0.38281249999999956,0.25694444444444464,0.5244565217391305,0.0,No Tournament,True,False,False,False,False,False,False,False,False,False,False,False,False,False,False,False,False,False,False,False,False,False,False,False,False,False,False,False,False,False,False,False
0.5416666666666665,0.44776119402985076,0.7393617021276597,0.506906077348066,0.7248364633889006,0.7687500000000003,0.5208333333333339,0.12060301507537674,0.48611111111111116,0.23611111111111138,0.66180981595092,0.5240847784200389,0.4948096885813147,0.8409090909090908,0.4852941176470589,0.5641891891891895,0.59375,0.5,0.5353260869565217,0.0,No Tournament,True,False,False,False,False,False,False,False,False,False,False,False,False,False,False,False,False,False,False,False,False,False,False,False,False,False,False,False,False,False,False,False
0.5416666666666665,0.2985074626865672,0.3085106382978724,0.40193370165745845,0.38478581979320525,0.33125000000000027,0.4583333333333339,0.6030150753768844,0.5138888888888888,0.12037037037037057,0.42868098159509205,0.624277456647399,0.6055363321799305,0.35795454545454497,0.5500000000000003,0.375,0.34374999999999956,0.5277777777777777,0.3695652173913044,0.0,No Tournament,True,False,False,False,False,False,False,False,False,False,False,False,False,False,False,False,False,False,False,False,False,False,False,False,False,False,False,False,False,False,False,False
0.45833333333333304,0.6268656716417911,0.7553191489361706,0.5179558011049723,0.7287402405570795,0.5687500000000001,0.43055555555555625,0.3015075376884422,0.5601851851851851,0.6111111111111112,0.7661042944785272,0.6127167630057806,0.5397923875432524,0.4659090909090904,0.5500000000000003,0.679054054054054,0.28906249999999956,0.47916666666666696,0.6820652173913044,0.0,No Tournament,True,False,False,False,False,False,False,False,False,False,False,False,False,False,False,False,False,False,False,False,False,False,False,False,False,False,False,False,False,False,False,False
0.5416666666666665,0.1791044776119403,0.27127659574468055,0.37154696132596676,0.374973623127242,0.3187500000000001,0.6250000000000004,0.6532663316582916,0.6064814814814814,0.1712962962962965,0.47162576687116586,0.16570327552986508,0.5259515570934254,0.35795454545454497,0.5205882352941176,0.34121621621621623,0.7656250000000004,0.4027777777777777,0.3532608695652174,0.0,No Tournament,False,True,False,False,False,False,False,False,False,False,False,False,False,False,False,False,False,False,False,False,False,False,False,False,False,False,False,False,False,False,False,False
0.45833333333333304,0.4776119402985075,0.7260638297872339,0.34116022099447507,0.8414222409791096,0.5125000000000002,0.31250000000000044,0.23115577889447247,0.46759259259259256,0.5648148148148149,0.5759202453987731,0.4508670520231215,0.23183391003460196,0.4829545454545454,0.25588235294117645,0.5371621621621623,0.5078125,0.17361111111111072,0.6195652173913044,0.0,No Tournament,False,True,False,False,False,False,False,False,False,False,False,False,False,False,False,False,False,False,False,False,False,False,False,False,False,False,False,False,False,False,False,False
0.708333333333333,0.5671641791044776,0.7287234042553195,0.37154696132596676,0.823274952521629,0.5874999999999999,0.5208333333333339,0.4522613065326633,0.5509259259259258,0.6805555555555556,0.4532208588957056,0.624277456647399,0.5155709342560553,0.6534090909090908,0.4558823529411766,0.46283783783783816,0.6093750000000004,0.7430555555555562,0.6875,0.0,No Tournament,False,True,False,False,False,False,False,False,False,False,False,False,False,False,False,False,False,False,False,False,False,False,False,False,False,False,False,False,False,False,False,False
0.875,0.5970149253731344,0.7739361702127665,0.34668508287292843,0.8634733066047688,0.4624999999999999,0.3958333333333339,0.32160804020100486,0.15277777777777768,0.8981481481481481,0.38573619631901845,0.3892100192678227,0.3425605536332179,0.4431818181818179,0.4911764705882353,0.570945945945946,0.28124999999999956,0.4027777777777777,0.6847826086956522,0.0,No Tournament,False,True,False,False,False,False,False,False,False,False,False,False,False,False,False,False,False,False,False,False,False,False,False,False,False,False,False,False,False,False,False,False
0.45833333333333304,0.6567164179104478,0.7101063829787235,0.10911602209944782,0.9478792994302595,0.59375,0.09027777777777857,0.3618090452261309,0.800925925925926,0.9444444444444444,0.5084355828220859,0.3930635838150289,0.6470588235294115,0.6420454545454541,0.09705882352941186,0.5033783783783785,0.28906249999999956,0.3611111111111116,0.8016304347826088,0.0,No Tournament,False,True,False,False,False,False,False,False,False,False,False,False,False,False,False,False,False,False,False,False,False,False,False,False,False,False,False,False,False,False,False,False
0.625,0.44776119402985076,0.7659574468085109,0.4765193370165748,0.7696771470774425,0.3812500000000001,0.5000000000000009,0.2613065326633166,0.18981481481481488,0.8425925925925926,0.5820552147239262,0.6666666666666667,0.2733564013840828,0.35795454545454497,0.3735294117647059,0.5101351351351351,0.703125,0.4513888888888893,0.5760869565217391,0.0,No Tournament,False,True,False,False,False,False,False,False,False,False,False,False,False,False,False,False,False,False,False,False,False,False,False,False,False,False,False,False,False,False,False,False
0.7916666666666665,0.5671641791044776,0.6569148936170213,0.33563535911602216,0.8006963494408103,0.4750000000000001,0.3888888888888897,0.4522613065326633,0.45833333333333326,0.5648148148148149,0.6679447852760736,1.0,0.4048442906574392,0.4829545454545454,0.5264705882352945,0.5101351351351351,0.22656249999999956,0.5902777777777777,0.6711956521739131,0.0,No Tournament,False,True,False,False,False,False,False,False,False,False,False,False,False,False,False,False,False,False,False,False,False,False,False,False,False,False,False,False,False,False,False,False
0.45833333333333304,0.2985074626865672,0.5877659574468086,0.37983425414364635,0.7080607723148343,0.4375,0.4236111111111116,0.6633165829145728,0.20833333333333326,0.675925925925926,0.6311349693251533,0.8323699421965323,0.5813148788927334,0.5568181818181817,0.473529411764706,0.2939189189189193,0.39062499999999956,0.7222222222222232,0.5163043478260869,0.0,No Tournament,False,True,False,False,False,False,False,False,False,False,False,False,False,False,False,False,False,False,False,False,False,False,False,False,False,False,False,False,False,False,False,False
0.5416666666666665,0.6567164179104478,0.5292553191489362,0.45441988950276224,0.5736442287402406,0.5187500000000003,0.36805555555555625,0.49246231155778886,0.5324074074074074,0.7731481481481481,0.2875766871165646,0.8362235067437382,0.18685121107266423,0.6363636363636358,0.5323529411764709,0.34121621621621623,0.1953124999999991,0.36805555555555536,0.5760869565217391,0.0,No Tournament,False,False,True,False,False,False,False,False,False,False,False,False,False,False,False,False,False,False,False,False,False,False,False,False,False,False,False,False,False,False,False,False
0.375,0.208955223880597,0.11968085106382942,0.45441988950276224,0.15794471407469932,0.10625000000000018,0.43055555555555625,0.7236180904522611,0.48611111111111116,0.3333333333333335,0.4654907975460123,0.5626204238921004,0.43598615916954997,0.24999999999999956,0.4617647058823531,0.07770270270270285,0.4140625,0.31944444444444375,0.21467391304347822,0.0,No Tournament,False,False,True,False,False,False,False,False,False,False,False,False,False,False,False,False,False,False,False,False,False,False,False,False,False,False,False,False,False,False,False,False
0.5416666666666665,0.23880597014925373,0.38829787234042534,0.7886740331491708,0.14971512977421397,0.4187500000000002,0.6875000000000004,0.2814070351758795,0.5138888888888888,0.03703703703703731,0.9133435582822083,0.4470134874759155,0.667820069204152,0.2840909090909087,0.7558823529411764,0.5506756756756754,0.4921875,0.5694444444444446,0.20380434782608697,0.0,No Tournament,False,False,True,False,False,False,False,False,False,False,False,False,False,False,False,False,False,False,False,False,False,False,False,False,False,False,False,False,False,False,False,False
0.375,0.208955223880597,0.2579787234042552,0.7720994475138117,0.08598860519096856,0.42500000000000027,0.8402777777777781,0.7336683417085428,0.7453703703703705,0.4537037037037037,0.6986196319018403,0.40077071290944133,0.5605536332179928,0.43749999999999956,0.8500000000000001,0.4493243243243241,0.6640625,1.0,0.2119565217391305,0.0,No Tournament,False,False,True,False,False,False,False,False,False,False,False,False,False,False,False,False,False,False,False,False,False,False,False,False,False,False,False,False,False,False,False,False
0.45833333333333304,0.5074626865671642,0.36968085106382986,0.5207182320441985,0.33087149187592313,0.26875000000000027,0.4722222222222232,0.33165829145728654,0.19907407407407418,0.5277777777777779,0.04831288343558304,0.578034682080925,0.43944636678200677,0.24999999999999956,0.4382352941176473,0.4020270270270272,0.5390624999999996,0.4236111111111107,0.4782608695652174,0.0,No Tournament,False,False,True,False,False,False,False,False,False,False,False,False,False,False,False,False,False,False,False,False,False,False,False,False,False,False,False,False,False,False,False,False
0.20833333333333304,0.26865671641791045,0.38829787234042534,0.8107734806629829,0.13874235070690016,0.7000000000000002,0.7708333333333339,0.7839195979899498,0.5787037037037037,0.3240740740740744,0.7354294478527605,0.4470134874759155,0.5743944636678198,0.7159090909090908,0.75,0.6047297297297298,0.6796875000000004,0.8125000000000009,0.32608695652173914,0.0,No Tournament,False,False,True,False,False,False,False,False,False,False,False,False,False,False,False,False,False,False,False,False,False,False,False,False,False,False,False,False,False,False,False,False
0.5416666666666665,0.1791044776119403,0.36702127659574435,0.8743093922651926,0.09780544418653725,0.4812500000000002,0.9166666666666674,0.3919597989949748,0.5972222222222221,0.3148148148148149,0.49003067484662566,0.7938342967244705,0.5882352941176467,0.5568181818181817,0.8970588235294117,0.3952702702702706,0.7500000000000004,0.5625,0.12771739130434778,0.0,No Tournament,False,False,True,False,False,False,False,False,False,False,False,False,False,False,False,False,False,False,False,False,False,False,False,False,False,False,False,False,False,False,False,False
0.875,0.6268656716417911,0.5984042553191489,0.5566298342541431,0.543152563832032,0.7312500000000002,0.40972222222222276,0.57286432160804,0.3472222222222221,0.4814814814814816,0.44708588957055206,0.6396917148362238,0.5397923875432524,0.6818181818181817,0.30294117647058805,0.7398648648648649,0.671875,0.4513888888888893,0.5054347826086957,0.0,No Tournament,False,False,True,False,False,False,False,False,False,False,False,False,False,False,False,False,False,False,False,False,False,False,False,False,False,False,False,False,False,False,False,False
0.5416666666666665,0.3283582089552239,0.46542553191489366,0.5124309392265194,0.4437645072800168,0.4125000000000001,0.5416666666666674,0.5929648241206029,0.5046296296296295,0.49537037037037046,0.6986196319018403,0.5009633911368017,0.17301038062283736,0.4090909090909087,0.6500000000000004,0.4493243243243241,0.3671875,0.41666666666666696,0.39673913043478265,0.0,No Tournament,False,False,False,False,True,False,False,False,False,False,False,False,False,False,False,False,False,False,False,False,False,False,False,False,False,False,False,False,False,False,False,False
0.5416666666666665,0.6268656716417911,0.8351063829787235,0.5234806629834252,0.784659210803967,0.6125000000000003,0.2708333333333339,0.19095477386934667,0.5046296296296295,0.8194444444444444,0.7599693251533739,0.49325626204238926,0.4913494809688579,0.6534090909090908,0.4205882352941175,0.5101351351351351,0.14843749999999956,0.36805555555555536,0.6521739130434783,0.0,No Tournament,False,False,False,False,True,False,False,False,False,False,False,False,False,False,False,False,False,False,False,False,False,False,False,False,False,False,False,False,False,False,False,False
0.708333333333333,0.5373134328358209,0.5611702127659575,0.2969613259668509,0.7594429204473517,0.23125000000000018,0.1041666666666674,0.29145728643216073,0.5509259259259258,0.662037037037037,0.5329754601226995,0.7822736030828519,0.5743944636678198,0.2556818181818179,0.2029411764705884,0.3479729729729728,0.16406249999999956,0.8611111111111125,0.532608695652174,0.0,No Tournament,False,False,False,False,True,False,False,False,False,False,False,False,False,False,False,False,False,False,False,False,False,False,False,False,False,False,False,False,False,False,False,False
0.375,0.7164179104477612,0.8617021276595747,0.3162983425414363,0.9187592319054653,0.8062499999999999,0.2222222222222232,0.5326633165829147,0.49537037037037046,1.0,0.4654907975460123,0.4701348747591523,0.2975778546712802,0.6761363636363633,0.2029411764705884,0.9966216216216215,0.3671875,0.31944444444444375,0.782608695652174,0.0,No Tournament,False,False,False,False,True,False,False,False,False,False,False,False,False,False,False,False,False,False,False,False,False,False,False,False,False,False,False,False,False,False,False,False
0.625,0.208955223880597,0.3404255319148932,0.5013812154696131,0.32137581768305545,0.1875,0.2638888888888897,0.8442211055276381,0.125,0.7638888888888891,0.7108895705521472,0.4393063583815029,0.4775086505190309,0.3181818181818179,0.3382352941176472,0.09121621621621645,0.27343749999999956,0.39583333333333304,0.2826086956521739,0.0,No Tournament,False,False,False,False,True,False,False,False,False,False,False,False,False,False,False,False,False,False,False,False,False,False,False,False,False,False,False,False,False,False,False,False
0.708333333333333,0.35820895522388063,0.31914893617021267,0.3936464088397793,0.4064148554547372,0.1875,0.34722222222222276,0.6030150753768844,0.5046296296296295,0.6481481481481484,0.5452453987730062,0.37379576107899815,0.4982698961937715,0.2784090909090904,0.30882352941176494,0.192567567567568,0.53125,0.4513888888888893,0.3831521739130435,0.0,No Tournament,False,False,False,False,True,False,False,False,False,False,False,False,False,False,False,False,False,False,False,False,False,False,False,False,False,False,False,False,False,False,False,False
0.375,0.3283582089552239,0.40159574468085113,0.45441988950276224,0.43363578814095793,0.42500000000000027,0.2569444444444451,0.7839195979899498,0.04166666666666674,0.6111111111111112,0.5881901840490797,0.6011560693641622,0.11418685121107264,0.5397727272727271,0.30882352941176494,0.30743243243243246,0.30468749999999956,0.45833333333333304,0.4103260869565218,0.0,No Tournament,False,False,False,False,True,False,False,False,False,False,False,False,False,False,False,False,False,False,False,False,False,False,False,False,False,False,False,False,False,False,False,False
0.20833333333333304,0.3283582089552239,0.4122340425531914,0.6284530386740328,0.27737919392276844,0.45625000000000027,0.7083333333333339,0.19095477386934667,0.412037037037037,0.4120370370370372,0.3182515337423315,0.37764932562620435,0.4048442906574392,0.24999999999999956,0.6794117647058826,0.7871621621621623,0.6406250000000004,0.645833333333333,0.36684782608695654,0.0,No Tournament,False,False,False,True,False,False,False,False,False,False,False,False,False,False,False,False,False,False,False,False,False,False,False,False,False,False,False,False,False,False,False,False
0.2916666666666665,0.23880597014925373,0.4228723404255317,0.6146408839779003,0.2999577970035872,0.39375000000000027,0.6805555555555562,0.5025125628140703,0.46759259259259256,0.4722222222222223,0.8397239263803682,0.4585741811175339,0.5951557093425603,0.375,0.7558823529411764,0.5304054054054057,0.4765625,0.5347222222222223,0.3315217391304348,0.0,No Tournament,False,False,False,True,False,False,False,False,False,False,False,False,False,False,False,False,False,False,False,False,False,False,False,False,False,False,False,False,False,False,False,False
0.45833333333333304,0.26865671641791045,0.44414893617021267,0.6477900552486182,0.2918337201941338,0.5687500000000001,0.6597222222222228,0.512562814070352,0.4398148148148149,0.40740740740740744,0.5697852760736195,0.5048169556840079,0.4844290657439443,0.5625,0.585294117647059,0.5371621621621623,0.671875,0.8263888888888902,0.25,0.0,No Tournament,False,False,False,True,False,False,False,False,False,False,False,False,False,False,False,False,False,False,False,False,False,False,False,False,False,False,False,False,False,False,False,False
0.708333333333333,0.5373134328358209,0.4228723404255317,0.5234806629834252,0.38541886473939646,0.5874999999999999,0.5486111111111116,0.47236180904522596,0.5787037037037037,0.4027777777777779,0.625,0.4662813102119463,0.4809688581314877,0.5965909090909092,0.5558823529411767,0.5304054054054057,0.5078125,0.5486111111111116,0.44565217391304346,0.0,No Tournament,False,False,False,True,False,False,False,False,False,False,False,False,False,False,False,False,False,False,False,False,False,False,False,False,False,False,False,False,False,False,False,False
0.45833333333333304,0.5373134328358209,0.7632978723404258,0.7582872928176787,0.5103397341211225,0.96875,0.5833333333333335,0.18090452261306544,0.1342592592592593,0.2777777777777781,0.7661042944785272,0.2736030828516378,0.18339100346020754,0.8011363636363638,0.6264705882352941,0.9222972972972974,0.484375,0.645833333333333,0.5461956521739131,0.0,No Tournament,False,False,False,True,False,False,False,False,False,False,False,False,False,False,False,False,False,False,False,False,False,False,False,False,False,False,False,False,False,False,False,False
0.375,0.208955223880597,0.48404255319148914,0.7748618784530383,0.22895125553914328,0.5500000000000003,0.7708333333333339,0.33165829145728654,0.25462962962962954,0.32870370370370394,0.7354294478527605,0.4701348747591523,0.31141868512110715,0.49999999999999956,0.797058823529412,0.6047297297297298,0.5859375,0.6527777777777786,0.23369565217391303,0.0,No Tournament,False,False,False,True,False,False,False,False,False,False,False,False,False,False,False,False,False,False,False,False,False,False,False,False,False,False,False,False,False,False,False,False
0.20833333333333304,0.1791044776119403,0.4042553191489362,0.7914364640883971,0.1599493564043047,0.4812500000000002,0.7777777777777786,0.6733668341708541,0.19907407407407418,0.6944444444444446,0.6740797546012267,0.35838150289017334,0.5121107266435985,0.4431818181818179,0.7029411764705884,0.570945945945946,0.7578125000000004,0.3611111111111116,0.24456521739130438,0.0,No Tournament,False,False,False,True,False,False,False,False,False,False,False,False,False,False,False,False,False,False,False,False,False,False,False,False,False,False,False,False,False,False,False,False
0.708333333333333,0.41791044776119407,0.5505319148936172,0.45165745856353556,0.6006541464443975,0.48750000000000027,0.7083333333333339,0.14070351758793964,0.5601851851851851,0.15740740740740766,0.44095092024539895,0.34296724470134876,0.16262975778546707,0.39204545454545414,0.5794117647058825,0.6114864864864864,0.7968750000000004,0.4861111111111116,0.4891304347826087,0.0,No Tournament,False,False,False,False,False,True,False,False,False,False,False,False,False,False,False,False,False,False,False,False,False,False,False,False,False,False,False,False,False,False,False,False
0.45833333333333304,0.208955223880597,0.3936170212765955,0.4765193370165748,0.4023000633044945,0.21875,0.5763888888888897,0.3015075376884422,0.4490740740740742,0.38888888888888906,0.5084355828220859,0.597302504816956,0.4290657439446366,0.2840909090909087,0.44411764705882373,0.2533783783783785,0.7656250000000004,0.5138888888888893,0.33695652173913043,0.0,No Tournament,False,False,False,False,False,True,False,False,False,False,False,False,False,False,False,False,False,False,False,False,False,False,False,False,False,False,False,False,False,False,False,False
0.708333333333333,0.44776119402985076,0.6436170212765959,0.41574585635359096,0.7245199409158051,0.4937499999999999,0.46527777777777857,0.3919597989949748,0.625,0.6342592592592593,0.44095092024539895,0.4238921001926783,0.6193771626297577,0.49999999999999956,0.3735294117647059,0.5033783783783785,0.6484375000000004,0.43055555555555536,0.5353260869565217,0.0,No Tournament,False,False,False,False,False,True,False,False,False,False,False,False,False,False,False,False,False,False,False,False,False,False,False,False,False,False,False,False,False,False,False,False
0.5416666666666665,0.5671641791044776,0.6648936170212765,0.37430939226519344,0.7756910740662587,0.6312500000000001,0.21527777777777857,0.23115577889447247,0.3194444444444444,0.5740740740740742,0.4532208588957056,0.2620423892100192,0.45674740484429055,0.625,0.13235294117647056,0.5777027027027026,0.4765625,0.17361111111111072,0.6304347826086957,0.0,No Tournament,False,False,False,False,False,True,False,False,False,False,False,False,False,False,False,False,False,False,False,False,False,False,False,False,False,False,False,False,False,False,False,False
0.7916666666666665,0.5970149253731344,0.5531914893617018,0.30524861878453047,0.7474150664697193,0.4375,0.2222222222222232,0.5326633165829147,0.3842592592592595,0.5601851851851853,0.5023006134969326,0.554913294797688,0.2975778546712802,0.47727272727272707,0.19705882352941195,0.41554054054054035,0.39062499999999956,0.4513888888888893,0.6548913043478262,0.0,No Tournament,False,False,False,False,False,True,False,False,False,False,False,False,False,False,False,False,False,False,False,False,False,False,False,False,False,False,False,False,False,False,False,False
0.5416666666666665,0.44776119402985076,0.43882978723404253,0.38812154696132595,0.548533445874657,0.2625000000000002,0.37500000000000044,0.34170854271356776,0.4305555555555558,0.4907407407407409,0.5207055214723926,0.49710982658959546,0.7162629757785464,0.3011363636363633,0.25588235294117645,0.3006756756756759,0.6406250000000004,0.3472222222222223,0.5543478260869565,0.0,No Tournament,False,False,False,False,False,True,False,False,False,False,False,False,False,False,False,False,False,False,False,False,False,False,False,False,False,False,False,False,False,False,False,False
0.45833333333333304,0.14925373134328357,0.33776595744680815,0.5814917127071819,0.24730955897868748,0.2124999999999999,0.5972222222222228,0.5427135678391959,0.29166666666666674,0.3333333333333335,0.9194785276073616,0.49710982658959546,0.2733564013840828,0.2443181818181812,0.5147058823529411,0.33445945945945965,0.703125,0.6527777777777786,0.30434782608695654,0.0,No Tournament,False,False,False,False,False,True,False,False,False,False,False,False,False,False,False,False,False,False,False,False,False,False,False,False,False,False,False,False,False,False,False,False
0.625,0.4776119402985075,0.6303191489361701,0.22513812154696122,0.8614686642751634,0.3250000000000002,0.3888888888888897,0.6834170854271358,0.7268518518518519,0.875,0.6188650306748467,0.8053949903660889,0.6435986159169547,0.4602272727272725,0.5441176470588234,0.18581081081081097,0.20312499999999956,0.3888888888888884,0.6494565217391305,0.0,No Tournament,False,False,False,False,False,False,True,False,False,False,False,False,False,False,False,False,False,False,False,False,False,False,False,False,False,False,False,False,False,False,False,False
0.5416666666666665,0.26865671641791045,0.5558510638297873,0.31353591160221006,0.7419286769360625,0.3687499999999999,0.2569444444444451,0.562814070351759,0.4212962962962963,0.49537037037037046,0.6986196319018403,0.6435452793834298,0.6608996539792384,0.4090909090909087,0.20882352941176485,0.375,0.453125,0.2152777777777768,0.5027173913043479,0.0,No Tournament,False,False,False,False,False,False,True,False,False,False,False,False,False,False,False,False,False,False,False,False,False,False,False,False,False,False,False,False,False,False,False,False
0.625,0.3283582089552239,0.4069148936170208,0.31353591160221006,0.5915805022156574,0.20625000000000027,0.5208333333333339,0.7236180904522611,0.7546296296296298,0.5185185185185186,0.6495398773006134,0.9248554913294802,0.6782006920415222,0.1761363636363633,0.5323529411764709,0.42229729729729737,0.49999999999999956,0.5763888888888893,0.5027173913043479,0.0,No Tournament,False,False,False,False,False,False,True,False,False,False,False,False,False,False,False,False,False,False,False,False,False,False,False,False,False,False,False,False,False,False,False,False
0.7916666666666665,0.5671641791044776,0.7446808510638299,0.2941988950276242,0.8797214602236759,0.7124999999999999,0.3888888888888897,0.2613065326633166,0.4212962962962963,0.42592592592592604,0.3182515337423315,0.6127167630057806,0.4048442906574392,0.7897727272727271,0.3735294117647059,0.5371621621621623,0.484375,0.645833333333333,0.6358695652173914,0.0,No Tournament,False,False,False,False,False,False,False,True,False,False,False,False,False,False,False,False,False,False,False,False,False,False,False,False,False,False,False,False,False,False,False,False
0.45833333333333304,0.23880597014925373,0.5079787234042552,0.5096685082872923,0.49261447562776955,0.4375,0.5555555555555558,0.8040201005025127,0.4490740740740742,0.5833333333333335,0.5513803680981595,0.5741811175337188,0.7958477508650514,0.4545454545454546,0.473529411764706,0.4763513513513513,0.625,0.4236111111111107,0.4320652173913043,0.0,No Tournament,False,False,False,False,False,False,False,True,False,False,False,False,False,False,False,False,False,False,False,False,False,False,False,False,False,False,False,False,False,False,False,False
0.625,0.41791044776119407,0.7047872340425534,0.34116022099447507,0.8284448195821903,0.5500000000000003,0.2222222222222232,0.562814070351759,0.31018518518518534,0.4722222222222223,0.45935582822085896,0.6281310211946052,0.951557093425605,0.6136363636363633,0.17352941176470615,0.4493243243243241,0.5078125,0.47916666666666696,0.5706521739130435,0.0,No Tournament,False,False,False,False,False,False,False,True,False,False,False,False,False,False,False,False,False,False,False,False,False,False,False,False,False,False,False,False,False,False,False,False
0.625,0.5671641791044776,0.6409574468085109,0.3549723756906076,0.773897446718717,0.6000000000000001,0.36805555555555625,0.6532663316582916,0.5601851851851851,0.46296296296296324,0.6004601226993864,0.7283236994219655,0.2145328719723183,0.6704545454545454,0.355882352941177,0.4493243243243241,0.46093749999999956,0.645833333333333,0.657608695652174,0.0,No Tournament,False,False,False,False,False,False,False,True,False,False,False,False,False,False,False,False,False,False,False,False,False,False,False,False,False,False,False,False,False,False,False,False
0.45833333333333304,0.1791044776119403,0.3058510638297869,0.4129834254143643,0.37022578603080813,0.1875,0.5347222222222228,0.743718592964824,0.6620370370370372,0.43518518518518534,0.6127300613496931,0.6319845857418114,0.7439446366782003,0.19886363636363624,0.4676470588235295,0.32094594594594605,0.6406250000000004,0.7569444444444455,0.3804347826086957,0.0,No Tournament,False,False,False,False,False,False,False,True,False,False,False,False,False,False,False,False,False,False,False,False,False,False,False,False,False,False,False,False,False,False,False,False
0.5416666666666665,0.44776119402985076,0.7127659574468086,0.7527624309392262,0.4650770204684532,0.875,0.7361111111111116,0.2613065326633166,0.27314814814814814,0.39814814814814836,0.5084355828220859,0.5510597302504818,0.557093425605536,0.8409090909090908,0.7147058823529413,0.7533783783783785,0.703125,0.5138888888888893,0.3940217391304348,0.0,No Tournament,False,False,False,False,False,False,False,False,True,False,False,False,False,False,False,False,False,False,False,False,False,False,False,False,False,False,False,False,False,False,False,False
0.5416666666666665,0.5373134328358209,0.35904255319148914,0.47375690607734766,0.36684954631778854,0.39375000000000027,0.4236111111111116,0.9246231155778892,0.5509259259259258,0.7546296296296295,0.2691717791411046,0.8863198458574184,0.6885813148788926,0.3125,0.40882352941176503,0.6114864864864864,0.46093749999999956,0.3263888888888893,0.4782608695652174,0.0,No Tournament,False,False,False,False,False,False,False,False,True,False,False,False,False,False,False,False,False,False,False,False,False,False,False,False,False,False,False,False,False,False,False,False
0.2916666666666665,0.3880597014925373,0.36170212765957466,0.6118784530386736,0.2475205739607512,0.4812500000000002,0.5763888888888897,0.48241206030150763,0.412037037037037,0.3055555555555558,0.45935582822085896,0.6512524084778422,0.4705882352941173,0.4204545454545454,0.6500000000000004,0.570945945945946,0.4375,0.625,0.38858695652173914,0.0,No Tournament,False,False,False,False,False,False,False,False,True,False,False,False,False,False,False,False,False,False,False,False,False,False,False,False,False,False,False,False,False,False,False,False
0.375,0.5074626865671642,0.5505319148936172,0.5124309392265194,0.5358725469508335,0.6875,0.4236111111111116,0.48241206030150763,0.5324074074074074,0.47685185185185186,0.244631901840491,0.5857418111753372,0.8131487889273352,0.6363636363636358,0.4911764705882353,0.679054054054054,0.35937499999999956,0.28472222222222143,0.5298913043478262,0.0,No Tournament,False,False,False,False,False,False,False,False,True,False,False,False,False,False,False,False,False,False,False,False,False,False,False,False,False,False,False,False,False,False,False,False
0.375,0.35820895522388063,0.5744680851063833,0.7168508287292812,0.3574593796159527,0.5249999999999999,0.729166666666667,0.38190954773869357,0.3657407407407407,0.6898148148148149,0.4041411042944787,0.35067437379576116,0.8477508650519028,0.375,0.7205882352941178,0.6722972972972974,0.6328125,0.5069444444444446,0.35054347826086957,0.0,No Tournament,False,False,False,False,False,False,False,False,True,False,False,False,False,False,False,False,False,False,False,False,False,False,False,False,False,False,False,False,False,False,False,False
0.375,0.3880597014925373,0.38829787234042534,0.4350828729281768,0.44017725258493345,0.5125000000000002,0.5416666666666674,0.46231155778894495,0.6157407407407409,0.26388888888888906,0.3059815950920246,0.6820809248554915,0.5813148788927334,0.4602272727272725,0.5794117647058825,0.6385135135135136,0.46874999999999956,0.7222222222222232,0.39945652173913043,0.0,No Tournament,False,False,False,False,False,False,False,False,True,False,False,False,False,False,False,False,False,False,False,False,False,False,False,False,False,False,False,False,False,False,False,False
0.20833333333333304,0.059701492537313425,0.20744680851063801,0.7527624309392262,0.06963494408102976,0.17500000000000027,0.8888888888888897,0.46231155778894495,0.4212962962962963,0.19444444444444464,0.5329754601226995,0.5587668593448942,0.43252595155709317,0.09659090909090873,0.75,0.41554054054054035,0.8984375000000004,0.6388888888888893,0.17391304347826086,0.0,No Tournament,False,False,False,False,False,False,False,False,True,False,False,False,False,False,False,False,False,False,False,False,False,False,False,False,False,False,False,False,False,False,False,False
0.2916666666666665,0.208955223880597,0.43085106382978733,0.8743093922651926,0.13156784131673346,0.5187500000000003,0.8680555555555558,0.64321608040201,0.4398148148148149,0.5138888888888891,0.5452453987730062,0.8400770712909444,0.9204152249134945,0.4659090909090904,0.7794117647058822,0.6182432432432434,0.8125,0.5277777777777777,0.25,0.0,No Tournament,False,False,False,False,False,False,False,False,True,False,False,False,False,False,False,False,False,False,False,False,False,False,False,False,False,False,False,False,False,False,False,False
0.2916666666666665,0.2985074626865672,0.457446808510638,0.6588397790055245,0.2958430048533445,0.5500000000000003,0.6875000000000004,0.3919597989949748,0.5694444444444446,0.4907407407407409,0.6004601226993864,0.4739884393063585,0.38062283737024205,0.6875,0.6029411764705883,0.2871621621621623,0.7734375,0.75,0.3070652173913043,0.0,No Tournament,False,False,False,False,False,False,False,False,True,False,False,False,False,False,False,False,False,False,False,False,False,False,False,False,False,False,False,False,False,False,False,False
0.2916666666666665,0.3283582089552239,0.31914893617021267,0.6201657458563532,0.20173032285292253,0.4312499999999999,0.46527777777777857,0.32160804020100486,0.4305555555555558,0.37962962962962976,0.6311349693251533,0.51252408477842,0.557093425605536,0.48863636363636376,0.5735294117647061,0.3952702702702706,0.32031249999999956,0.5069444444444446,0.3342391304347826,0.0,No Tournament,False,False,False,False,False,False,False,False,True,False,False,False,False,False,False,False,False,False,False,False,False,False,False,False,False,False,False,False,False,False,False,False
0.20833333333333304,0.08955223880597014,0.332446808510638,0.8881215469613251,0.0775480059084195,0.4312499999999999,0.9930555555555558,0.5326633165829147,0.412037037037037,0.2685185185185186,0.6311349693251533,0.531791907514451,0.802768166089965,0.3352272727272725,0.8147058823529414,0.6182432432432434,1.0,0.4722222222222223,0.17934782608695643,0.0,No Tournament,False,False,False,False,False,False,False,False,True,False,False,False,False,False,False,False,False,False,False,False,False,False,False,False,False,False,False,False,False,False,False,False
0.125,0.23880597014925373,0.3936170212765955,0.7582872928176787,0.1693395231061405,0.4437500000000001,0.7013888888888893,0.29145728643216073,0.5509259259259258,0.1805555555555558,0.5943251533742331,0.7630057803468211,0.6055363321799305,0.5738636363636362,0.6441176470588239,0.3006756756756759,0.734375,0.5,0.27445652173913043,0.0,No Tournament,False,False,False,False,False,False,False,False,False,True,False,False,False,False,False,False,False,False,False,False,False,False,False,False,False,False,False,False,False,False,False,False
0.125,0.14925373134328357,0.34574468085106336,0.6864640883977895,0.1786241823169445,0.4750000000000001,0.7361111111111116,0.4422110552763818,0.29166666666666674,0.3055555555555558,0.3673312883435582,0.22350674373795765,0.5501730103806228,0.49999999999999956,0.6735294117647062,0.44256756756756754,0.703125,0.5,0.26358695652173914,0.0,No Tournament,False,False,False,False,False,False,False,False,False,True,False,False,False,False,False,False,False,False,False,False,False,False,False,False,False,False,False,False,False,False,False,False
0.375,0.5074626865671642,0.4228723404255317,0.43784530386740306,0.47794893437434055,0.4437500000000001,0.20138888888888928,0.5326633165829147,0.21759259259259278,0.5787037037037039,0.4961656441717792,0.5433526011560696,0.3425605536332179,0.4829545454545454,0.29705882352941204,0.41554054054054035,0.1953124999999991,0.38194444444444464,0.4945652173913044,0.0,No Tournament,False,False,False,False,False,False,False,False,False,True,False,False,False,False,False,False,False,False,False,False,False,False,False,False,False,False,False,False,False,False,False,False
0.375,0.3880597014925373,0.4069148936170208,0.5787292817679552,0.31683899556868533,0.33125000000000027,0.5555555555555558,0.512562814070352,0.5416666666666667,0.6250000000000002,0.5145705521472392,0.51252408477842,0.6193771626297577,0.30681818181818166,0.585294117647059,0.42229729729729737,0.4921875,0.5625,0.4048913043478261,0.0,No Tournament,False,False,False,False,False,False,False,False,False,True,False,False,False,False,False,False,False,False,False,False,False,False,False,False,False,False,False,False,False,False,False,False
0.2916666666666665,0.5074626865671642,0.6489361702127661,0.6588397790055245,0.4894492508968136,0.59375,0.6597222222222228,0.2412060301507537,0.7083333333333335,0.6388888888888888,0.66180981595092,0.5163776493256265,0.36332179930795827,0.5227272727272725,0.7147058823529413,0.7398648648648649,0.4921875,0.3402777777777777,0.5298913043478262,0.0,No Tournament,False,False,False,False,False,False,False,False,False,True,False,False,False,False,False,False,False,False,False,False,False,False,False,False,False,False,False,False,False,False,False,False
0.2916666666666665,0.26865671641791045,0.34840425531914887,0.6947513812154691,0.1766195399873391,0.6687500000000002,0.6666666666666674,0.7839195979899498,0.4768518518518521,0.13425925925925952,0.5268404907975459,0.1502890173410405,0.7543252595155707,0.6477272727272725,0.6441176470588239,0.5979729729729732,0.625,0.13194444444444375,0.30434782608695654,0.0,No Tournament,False,False,False,False,False,False,False,False,False,True,False,False,False,False,False,False,False,False,False,False,False,False,False,False,False,False,False,False,False,False,False,False
0.375,0.1791044776119403,0.3829787234042552,0.7803867403314912,0.15077020468453262,0.5187500000000003,0.7430555555555562,0.7035175879396987,0.4027777777777779,0.5324074074074077,0.44095092024539895,0.48940269749518306,0.5051903114186849,0.5227272727272725,0.6147058823529412,0.5168918918918917,0.7656250000000004,0.5555555555555554,0.17934782608695643,0.0,No Tournament,False,False,False,False,False,False,False,False,False,True,False,False,False,False,False,False,False,False,False,False,False,False,False,False,False,False,False,False,False,False,False,False
0.20833333333333304,0.208955223880597,0.2180851063829783,0.6754143646408832,0.10424140113948091,0.3062499999999999,0.6319444444444451,0.7537688442211057,0.5601851851851851,0.3657407407407409,0.64340490797546,0.5086705202312138,0.5882352941176467,0.40340909090909083,0.7147058823529413,0.2398648648648649,0.453125,0.44444444444444464,0.2554347826086956,0.0,No Tournament,False,False,False,False,False,False,False,False,False,True,False,False,False,False,False,False,False,False,False,False,False,False,False,False,False,False,False,False,False,False,False,False
0.2916666666666665,0.3880597014925373,0.457446808510638,0.645027624309392,0.3076598438489132,0.48750000000000027,0.5486111111111116,0.5829145728643217,0.375,0.7546296296296295,0.5636503067484664,0.2851637764932562,0.43252595155709317,0.5056818181818179,0.6147058823529412,0.4831081081081079,0.42187499999999956,0.33333333333333304,0.41304347826086957,0.0,No Tournament,False,False,False,False,False,False,False,False,False,True,False,False,False,False,False,False,False,False,False,False,False,False,False,False,False,False,False,False,False,False,False,False
0.2916666666666665,0.5671641791044776,0.5585106382978724,0.6008287292817678,0.4547372863473306,0.7375000000000003,0.29861111111111205,0.4321608040201006,0.27314814814814814,0.3657407407407409,0.6802147239263803,0.7514450867052027,0.3494809688581313,0.7556818181818179,0.3500000000000001,0.6182432432432434,0.3359375,0.8125000000000009,0.5516304347826086,0.0,No Tournament,False,False,False,False,False,False,False,False,False,True,False,False,False,False,False,False,False,False,False,False,False,False,False,False,False,False,False,False,False,False,False,False
0.20833333333333304,0.208955223880597,0.579787234042553,0.6616022099447507,0.4174931420130829,0.3500000000000001,0.6805555555555562,0.16080402010050254,0.27314814814814814,0.5555555555555558,0.4532208588957056,0.5240847784200389,0.6366782006920413,0.2443181818181812,0.5205882352941176,0.5506756756756754,0.9062500000000004,0.36805555555555536,0.3586956521739131,0.0,No Tournament,False,False,False,False,False,False,False,False,False,False,True,False,False,False,False,False,False,False,False,False,False,False,False,False,False,False,False,False,False,False,False,False
0.20833333333333304,0.208955223880597,0.4414893617021276,0.6284530386740328,0.3058662165013716,0.25,0.5069444444444451,0.5527638190954773,0.3194444444444444,0.5370370370370372,0.4961656441717792,0.851637764932563,0.6193771626297577,0.21590909090909038,0.40882352941176503,0.40878378378378377,0.6406250000000004,0.520833333333333,0.3125,0.0,No Tournament,False,False,False,False,False,False,False,False,False,False,True,False,False,False,False,False,False,False,False,False,False,False,False,False,False,False,False,False,False,False,False,False
0.20833333333333304,0.208955223880597,0.3829787234042552,0.5566298342541431,0.31272420341844265,0.26875000000000027,0.5763888888888897,0.5929648241206029,0.5509259259259258,0.4398148148148151,0.6372699386503067,0.7899807321772643,0.4913494809688579,0.36931818181818166,0.39117647058823524,0.19932432432432456,0.8828125000000009,0.645833333333333,0.32065217391304346,0.0,No Tournament,False,False,False,False,False,False,False,False,False,False,True,False,False,False,False,False,False,False,False,False,False,False,False,False,False,False,False,False,False,False,False,False
0.625,0.5074626865671642,0.6170212765957448,0.3908839779005522,0.7220932686220721,0.45625000000000027,0.5347222222222228,0.3919597989949748,0.6342592592592593,0.44444444444444464,0.5943251533742331,0.6165703275529868,0.5847750865051902,0.32954545454545414,0.5382352941176469,0.6385135135135136,0.515625,0.6180555555555562,0.6032608695652174,0.0,No Tournament,False,False,False,False,False,False,False,False,False,False,True,False,False,False,False,False,False,False,False,False,False,False,False,False,False,False,False,False,False,False,False,False
0.20833333333333304,0.23880597014925373,0.2180851063829783,0.36325966850828717,0.32485756488710693,0.34375,0.3402777777777781,0.7236180904522611,0.625,0.31944444444444464,0.45935582822085896,0.4624277456647401,0.3460207612456747,0.2784090909090904,0.44411764705882373,0.5844594594594597,0.25781249999999956,0.3402777777777777,0.3342391304347826,0.0,No Tournament,False,False,False,False,False,False,False,False,False,False,True,False,False,False,False,False,False,False,False,False,False,False,False,False,False,False,False,False,False,False,False,False
0.875,0.746268656716418,0.5505319148936172,0.30524861878453047,0.7439333192656679,0.5437500000000002,0.08333333333333437,0.47236180904522596,0.412037037037037,0.5092592592592595,0.44708588957055206,0.5202312138728327,0.44636678200692037,0.4943181818181812,0.026470588235294468,0.6385135135135136,0.375,0.4236111111111107,0.6630434782608696,0.0,No Tournament,False,False,False,False,False,False,False,False,False,False,True,False,False,False,False,False,False,False,False,False,False,False,False,False,False,False,False,False,False,False,False,False
0.45833333333333304,0.3283582089552239,0.3936170212765955,0.5234806629834252,0.357248364633889,0.40625,0.3958333333333339,0.6231155778894473,0.3935185185185184,0.47685185185185186,0.44095092024539895,0.5857418111753372,0.570934256055363,0.3636363636363633,0.3794117647058828,0.4898648648648649,0.49999999999999956,0.41666666666666696,0.32608695652173914,0.0,No Tournament,False,False,False,False,False,False,False,False,False,False,True,False,False,False,False,False,False,False,False,False,False,False,False,False,False,False,False,False,False,False,False,False
0.5416666666666665,0.5074626865671642,0.5718085106382977,0.33839779005524884,0.7310614053597806,0.4937499999999999,0.2291666666666674,0.5025125628140703,0.4212962962962963,0.49537037037037046,0.42868098159509205,0.22350674373795765,0.6920415224913492,0.4431818181818179,0.39117647058823524,0.5777027027027026,0.12499999999999911,0.3888888888888884,0.5543478260869565,0.0,No Tournament,False,False,False,False,False,False,False,False,False,False,True,False,False,False,False,False,False,False,False,False,False,False,False,False,False,False,False,False,False,False,False,False
0.375,0.44776119402985076,0.3085106382978724,0.21132596685082872,0.5967503692762185,0.3125,0.3263888888888897,0.6030150753768844,0.800925925925926,0.5694444444444444,0.3673312883435582,0.4315992292870905,0.7370242214532869,0.2840909090909087,0.4147058823529415,0.45608108108108114,0.28124999999999956,0.20833333333333304,0.48641304347826086,0.0,No Tournament,False,False,False,False,False,False,False,False,False,False,False,True,False,False,False,False,False,False,False,False,False,False,False,False,False,False,False,False,False,False,False,False
0.375,0.1791044776119403,0.41755319148936154,0.6698895027624308,0.24994724625448408,0.1812499999999999,0.5833333333333335,0.4221105527638189,0.05092592592592604,0.5324074074074077,0.4348159509202454,0.7938342967244705,0.3494809688581313,0.1761363636363633,0.6029411764705883,0.3547297297297298,0.49999999999999956,0.4236111111111107,0.26902173913043476,0.0,No Tournament,False,False,False,False,False,False,False,False,False,False,False,True,False,False,False,False,False,False,False,False,False,False,False,False,False,False,False,False,False,False,False,False
0.375,0.14925373134328357,0.3723404255319145,0.5538674033149169,0.3054441865372441,0.11874999999999991,0.6319444444444451,0.33165829145728654,0.4768518518518521,0.44444444444444464,0.48389570552147254,0.5895953757225434,0.8858131487889269,0.09659090909090873,0.6088235294117648,0.3682432432432434,0.6328125,0.24305555555555536,0.23913043478260876,0.0,No Tournament,False,False,False,False,False,False,False,False,False,False,False,True,False,False,False,False,False,False,False,False,False,False,False,False,False,False,False,False,False,False,False,False
0.375,0.3880597014925373,0.5372340425531914,0.5400552486187844,0.4917704156995147,0.5874999999999999,0.47916666666666696,0.4221105527638189,0.26388888888888906,0.4212962962962965,0.5452453987730062,0.33911368015414256,0.4013840830449824,0.6761363636363633,0.4676470588235295,0.4493243243243241,0.5390624999999996,0.7222222222222232,0.453804347826087,0.0,No Tournament,False,False,False,False,False,False,False,False,False,False,False,True,False,False,False,False,False,False,False,False,False,False,False,False,False,False,False,False,False,False,False,False
0.625,0.6567164179104478,0.6728723404255317,0.4765193370165748,0.6951888584089471,0.5625,0.4513888888888893,0.32160804020100486,0.3194444444444444,0.6388888888888888,0.5575153374233128,0.689788053949904,0.07612456747404839,0.5397727272727271,0.4205882352941175,0.5641891891891895,0.5390624999999996,0.5833333333333339,0.641304347826087,0.0,No Tournament,False,False,False,False,False,False,False,False,False,False,False,True,False,False,False,False,False,False,False,False,False,False,False,False,False,False,False,False,False,False,False,False
0.45833333333333304,0.5671641791044776,0.5638297872340425,0.36049723756906094,0.7036294576914961,0.5750000000000002,0.14583333333333393,0.3718592964824119,0.22685185185185186,0.5277777777777779,0.3734662576687118,0.5934489402697496,0.5259515570934254,0.5852272727272725,0.361764705882353,0.5236486486486487,0.023437499999999112,0.39583333333333304,0.5679347826086957,0.0,No Tournament,False,False,False,False,False,False,False,False,False,False,False,True,False,False,False,False,False,False,False,False,False,False,False,False,False,False,False,False,False,False,False,False
0.5416666666666665,0.4776119402985075,0.5691489361702127,0.45994475138121516,0.6107828655834564,0.5812500000000003,0.5763888888888897,0.47236180904522596,0.3935185185185184,0.36111111111111116,0.48389570552147254,0.6589595375722546,0.2110726643598615,0.44886363636363624,0.638235294117647,0.6722972972972974,0.42968749999999956,0.29166666666666696,0.4945652173913044,0.0,No Tournament,False,False,False,False,False,False,False,False,False,False,False,True,False,False,False,False,False,False,False,False,False,False,False,False,False,False,False,False,False,False,False,False
0.45833333333333304,0.5074626865671642,0.5239361702127661,0.48480662983425393,0.5378771892804389,0.28125,0.34722222222222276,0.4422110552763818,0.4398148148148149,0.9351851851851851,0.391871165644172,0.9055876685934494,0.6643598615916952,0.3238636363636358,0.29705882352941204,0.3277027027027031,0.53125,0.31944444444444375,0.5163043478260869,0.0,No Tournament,False,False,False,False,False,False,False,False,False,False,False,True,False,False,False,False,False,False,False,False,False,False,False,False,False,False,False,False,False,False,False,False
0.2916666666666665,0.5074626865671642,0.7340425531914896,0.49585635359115976,0.7307448828866849,0.78125,0.4236111111111116,0.2412060301507537,0.21759259259259278,0.3564814814814816,0.38573619631901845,0.578034682080925,0.2110726643598615,0.8068181818181817,0.4852941176470589,0.6385135135135136,0.3671875,0.5,0.5815217391304348,0.0,No Tournament,False,False,False,False,False,False,False,False,False,False,False,True,False,False,False,False,False,False,False,False,False,False,False,False,False,False,False,False,False,False,False,False
0.625,0.3880597014925373,0.49468085106382986,0.6229281767955799,0.3650559189702468,0.5375000000000001,0.791666666666667,0.29145728643216073,0.49537037037037046,0.5370370370370372,0.41641104294478537,0.4470134874759155,0.31487889273356373,0.40340909090909083,0.6794117647058826,0.7398648648648649,0.8515625000000004,0.6388888888888893,0.33967391304347827,0.0,No Tournament,False,False,False,False,False,False,False,False,False,False,False,False,True,False,False,False,False,False,False,False,False,False,False,False,False,False,False,False,False,False,False,False
0.375,0.2985074626865672,0.4627659574468086,0.5980662983425411,0.3566153196876978,0.6000000000000001,0.3263888888888897,0.5829145728643217,0.1157407407407407,0.587962962962963,0.5207055214723926,0.5394990366088634,0.4809688581314877,0.5738636363636362,0.3500000000000001,0.6452702702702702,0.3671875,0.2777777777777777,0.28804347826086957,0.0,No Tournament,False,False,False,False,False,False,False,False,False,False,False,False,True,False,False,False,False,False,False,False,False,False,False,False,False,False,False,False,False,False,False,False
0.45833333333333304,0.1791044776119403,0.27127659574468055,0.6146408839779003,0.1708166279805866,0.26875000000000027,0.4583333333333339,0.4120603015075379,0.337962962962963,0.23148148148148184,0.7354294478527605,0.4123314065510597,0.5501730103806228,0.20454545454545459,0.4617647058823531,0.46283783783783816,0.546875,0.44444444444444464,0.21467391304347822,0.0,No Tournament,False,False,False,False,False,False,False,False,False,False,False,False,True,False,False,False,False,False,False,False,False,False,False,False,False,False,False,False,False,False,False,False
0.45833333333333304,0.5970149253731344,0.47606382978723394,0.47375690607734766,0.49725680523317145,0.5562499999999999,0.40277777777777857,0.34170854271356776,0.5601851851851851,0.49537037037037046,0.4961656441717792,0.8246628131021199,0.4256055363321798,0.6477272727272725,0.5029411764705887,0.40878378378378377,0.28124999999999956,0.729166666666667,0.5679347826086957,0.0,No Tournament,False,False,False,False,False,False,False,False,False,False,False,False,True,False,False,False,False,False,False,False,False,False,False,False,False,False,False,False,False,False,False,False
0.625,0.4776119402985075,0.6648936170212765,0.5980662983425411,0.566997256805233,0.7375000000000003,0.6180555555555558,0.29145728643216073,0.3842592592592595,0.3935185185185188,0.6127300613496931,0.36994219653179194,0.4878892733564011,0.9431818181818183,0.5617647058823532,0.43581081081081097,0.703125,1.0,0.44836956521739135,0.0,No Tournament,False,False,False,False,False,False,False,False,False,False,False,False,True,False,False,False,False,False,False,False,False,False,False,False,False,False,False,False,False,False,False,False
0.375,0.26865671641791045,0.41755319148936154,0.7113259668508283,0.21808398396286136,0.4312499999999999,0.6875000000000004,0.6030150753768844,0.3935185185185184,0.5648148148148149,0.6311349693251533,0.8670520231213876,0.7162629757785464,0.5227272727272725,0.6794117647058826,0.33445945945945965,0.6093750000000004,0.604166666666667,0.2853260869565218,0.0,No Tournament,False,False,False,False,False,False,False,False,False,False,False,False,True,False,False,False,False,False,False,False,False,False,False,False,False,False,False,False,False,False,False,False
1.0,0.7164179104477612,0.5505319148936172,0.33839779005524884,0.7117535345009496,0.34375,0.14583333333333393,0.09045226130653261,0.3935185185185184,0.8564814814814816,0.37960122699386534,0.36223506743737977,0.4844290657439443,0.4602272727272725,0.1911764705882355,0.192567567567568,0.24218749999999956,0.013888888888888395,0.5081521739130435,0.0,No Tournament,False,False,False,False,False,False,False,False,False,False,False,False,True,False,False,False,False,False,False,False,False,False,False,False,False,False,False,False,False,False,False,False
0.375,0.26865671641791045,0.5292553191489362,0.8273480662983417,0.2265245832454104,0.5500000000000003,0.8888888888888897,0.4422110552763818,0.5046296296296295,0.39814814814814836,0.6924846625766872,0.7668593448940273,0.5155709342560553,0.7272727272727271,0.6794117647058826,0.31418918918918903,1.0,0.604166666666667,0.2826086956521739,0.0,No Tournament,False,False,False,False,False,False,False,False,False,False,False,False,True,False,False,False,False,False,False,False,False,False,False,False,False,False,False,False,False,False,False,False
0.125,0.1791044776119403,0.26063829787233983,0.6588397790055245,0.13715973834142223,0.4375,0.5694444444444451,0.6834170854271358,0.4398148148148149,0.24074074074074092,0.5207055214723926,0.5587668593448942,0.5916955017301035,0.26136363636363624,0.5323529411764709,0.5844594594594597,0.5546875,0.14583333333333215,0.25271739130434784,0.0,No Tournament,False,False,False,False,False,False,False,False,False,False,False,False,True,False,False,False,False,False,False,False,False,False,False,False,False,False,False,False,False,False,False,False
0.5416666666666665,0.7164179104477612,0.6196808510638299,0.5013812154696131,0.6221776746148976,0.7000000000000002,0.36111111111111205,0.4321608040201006,0.46759259259259256,0.662037037037037,0.5820552147239262,0.4547206165703277,0.2768166089965396,0.6818181818181817,0.40882352941176503,0.6587837837837838,0.3671875,0.4861111111111116,0.657608695652174,0.0,No Tournament,False,False,False,False,False,False,False,False,False,False,False,False,True,False,False,False,False,False,False,False,False,False,False,False,False,False,False,False,False,False,False,False
0.5416666666666665,0.5074626865671642,0.4813829787234045,0.5676795580110494,0.4041991981430681,0.625,0.4236111111111116,0.3618090452261309,0.5787037037037037,0.2962962962962965,0.66180981595092,0.7437379576107901,0.5121107266435985,0.607954545454545,0.4205882352941175,0.625,0.453125,0.729166666666667,0.4211956521739131,0.0,No Tournament,False,False,False,False,False,False,False,False,False,False,False,False,True,False,False,False,False,False,False,False,False,False,False,False,False,False,False,False,False,False,False,False
0.375,0.08955223880597014,0.32180851063829774,0.838397790055248,0.09063093479637055,0.2875000000000001,1.0000000000000004,0.46231155778894495,0.3935185185185184,0.3657407407407409,0.4225460122699387,0.6088631984585744,0.8442906574394462,0.3352272727272725,0.9441176470588237,0.3277027027027031,1.0,0.7708333333333339,0.13043478260869568,0.0,No Tournament,False,False,False,False,False,False,False,False,False,False,False,False,True,False,False,False,False,False,False,False,False,False,False,False,False,False,False,False,False,False,False,False
0.5416666666666665,0.44776119402985076,0.6196808510638299,0.6118784530386736,0.5089681367377084,0.6312500000000001,0.6250000000000004,0.5527638190954773,0.18981481481481488,0.7175925925925928,0.47162576687116586,0.6936416184971101,0.2837370242214532,0.6193181818181817,0.5441176470588234,0.6114864864864864,0.6953125,0.4027777777777777,0.4266304347826087,0.0,No Tournament,False,False,False,False,False,False,False,False,False,False,False,False,True,False,False,False,False,False,False,False,False,False,False,False,False,False,False,False,False,False,False,False
0.375,0.1791044776119403,0.14627659574468055,0.4350828729281768,0.19107406625870435,0.1499999999999999,0.5694444444444451,0.8341708542713568,0.6435185185185184,0.5231481481481481,0.66180981595092,0.35838150289017334,0.8581314878892732,0.15909090909090873,0.5617647058823532,0.32094594594594605,0.5546875,0.20138888888888928,0.25271739130434784,0.0,No Tournament,False,False,False,False,False,False,False,False,False,False,False,False,False,True,False,False,False,False,False,False,False,False,False,False,False,False,False,False,False,False,False,False
0.2916666666666665,0.3880597014925373,0.6648936170212765,0.6947513812154691,0.4720405148765561,0.6000000000000001,0.7083333333333339,0.4321608040201006,0.3935185185185184,0.6666666666666667,0.5207055214723926,0.7283236994219655,0.8546712802768164,0.5681818181818179,0.7382352941176475,0.625,0.5625,0.8680555555555562,0.4565217391304348,0.0,No Tournament,False,False,False,False,False,False,False,False,False,False,False,False,False,True,False,False,False,False,False,False,False,False,False,False,False,False,False,False,False,False,False,False
0.20833333333333304,0.059701492537313425,0.1303191489361697,0.5538674033149169,0.1099388056552015,0.0,0.40972222222222276,0.7638190954773869,0.25462962962962954,0.6388888888888888,0.6004601226993864,0.8323699421965323,0.6159169550173009,0.0,0.32058823529411784,0.21283783783783772,0.625,0.7083333333333339,0.15217391304347816,0.0,No Tournament,False,False,False,False,False,False,False,False,False,False,False,False,False,True,False,False,False,False,False,False,False,False,False,False,False,False,False,False,False,False,False,False
0.45833333333333304,0.5074626865671642,0.6994680851063828,0.5732044198895028,0.6284026165857776,0.6499999999999999,0.5555555555555558,0.23115577889447247,0.24537037037037046,0.41666666666666696,0.2875766871165646,0.6435452793834298,0.2698961937716262,0.6420454545454541,0.44411764705882373,0.5844594594594597,0.7734375,0.3541666666666661,0.5027173913043479,0.0,No Tournament,False,False,False,False,False,False,False,False,False,False,False,False,False,True,False,False,False,False,False,False,False,False,False,False,False,False,False,False,False,False,False,False
0.20833333333333304,0.1791044776119403,0.38829787234042534,0.6118784530386736,0.27031019202363366,0.4937499999999999,0.4722222222222232,0.6231155778894473,0.29166666666666674,0.38888888888888906,0.5207055214723926,0.36994219653179194,0.7197231833910032,0.4545454545454546,0.3970588235294117,0.5439189189189189,0.65625,0.43055555555555536,0.30434782608695654,0.0,No Tournament,False,False,False,False,False,False,False,False,False,False,False,False,False,True,False,False,False,False,False,False,False,False,False,False,False,False,False,False,False,False,False,False
0.7916666666666665,0.6567164179104478,0.792553191489362,0.5676795580110494,0.7160793416332559,0.6687500000000002,0.43055555555555625,0.17085427135678377,0.3287037037037037,0.6064814814814816,0.5268404907975459,0.7784200385356457,0.3564013840830449,0.4943181818181812,0.40882352941176503,0.8479729729729728,0.5078125,0.8680555555555562,0.5923913043478262,0.0,No Tournament,False,False,False,False,False,False,False,False,False,False,False,False,False,True,False,False,False,False,False,False,False,False,False,False,False,False,False,False,False,False,False,False
0.7916666666666665,0.8059701492537313,0.579787234042553,0.1698895027624312,0.8662165013715973,0.5187500000000003,0.07638888888888973,0.5527638190954773,0.5138888888888888,0.7916666666666667,0.23849693251533766,0.5202312138728327,0.5847750865051902,0.43749999999999956,0.020588235294117574,0.625,0.42968749999999956,0.38194444444444464,0.6956521739130436,0.0,No Tournament,False,False,False,False,False,False,False,False,False,False,False,False,False,True,False,False,False,False,False,False,False,False,False,False,False,False,False,False,False,False,False,False
0.625,0.5671641791044776,0.4148936170212765,0.32182320441988965,0.5922135471618485,0.5625,0.36111111111111205,0.3015075376884422,0.7083333333333335,0.04629629629629661,0.28144171779141125,0.4393063583815029,0.9169550173010377,0.43749999999999956,0.40882352941176503,0.7128378378378377,0.35937499999999956,0.2986111111111107,0.5190217391304348,0.0,No Tournament,False,False,False,False,False,False,False,False,False,False,False,False,False,True,False,False,False,False,False,False,False,False,False,False,False,False,False,False,False,False,False,False
0.375,0.23880597014925373,0.44680851063829774,0.7638121546961321,0.2056341000211015,0.4125000000000001,0.7083333333333339,0.21105527638190957,0.25462962962962954,0.21296296296296324,0.7906441717791406,0.3159922928709056,0.37024221453287187,0.2784090909090904,0.7852941176470591,0.6587837837837838,0.484375,0.7777777777777786,0.30434782608695654,0.0,No Tournament,False,False,False,False,False,False,False,False,False,False,False,False,False,True,False,False,False,False,False,False,False,False,False,False,False,False,False,False,False,False,False,False
0.125,0.1791044776119403,0.43085106382978733,0.6947513812154691,0.24393331926566783,0.48750000000000027,0.5138888888888893,0.5326633165829147,0.28240740740740744,0.34722222222222254,0.6372699386503067,0.5895953757225434,0.5051903114186849,0.4090909090909087,0.43235294117647083,0.5844594594594597,0.6406250000000004,0.666666666666667,0.30434782608695654,0.0,No Tournament,False,False,False,False,False,False,False,False,False,False,False,False,False,False,True,False,False,False,False,False,False,False,False,False,False,False,False,False,False,False,False,False
0.625,0.6567164179104478,0.7180851063829787,0.5593922651933703,0.6589997889850179,0.6937500000000001,0.5625000000000004,0.2412060301507537,0.5601851851851851,0.4814814814814816,0.3673312883435582,0.6281310211946052,0.44290657439446357,0.5625,0.5323529411764709,0.7331081081081083,0.5703125000000004,0.27083333333333304,0.5679347826086957,0.0,No Tournament,False,False,False,False,False,False,False,False,False,False,False,False,False,False,True,False,False,False,False,False,False,False,False,False,False,False,False,False,False,False,False,False
0.125,0.23880597014925373,0.3164893617021276,0.6063535911602207,0.21207005697404513,0.39375000000000027,0.5625000000000004,0.4422110552763818,0.6342592592592593,0.19907407407407418,0.9317484662576687,0.4123314065510597,0.4844290657439443,0.3636363636363633,0.5029411764705887,0.46283783783783816,0.625,0.7847222222222223,0.3695652173913044,0.0,No Tournament,False,False,False,False,False,False,False,False,False,False,False,False,False,False,True,False,False,False,False,False,False,False,False,False,False,False,False,False,False,False,False,False
0.125,0.23880597014925373,0.375,0.4930939226519335,0.36410635155096005,0.3187500000000001,0.6458333333333339,0.7336683417085428,0.7361111111111109,0.6805555555555556,0.5391104294478528,0.6396917148362238,0.7093425605536328,0.3011363636363633,0.6794117647058826,0.4763513513513513,0.5234375,0.43055555555555536,0.34782608695652173,0.0,No Tournament,False,False,False,False,False,False,False,False,False,False,False,False,False,False,True,False,False,False,False,False,False,False,False,False,False,False,False,False,False,False,False,False
0.20833333333333304,0.3283582089552239,0.3856382978723403,0.37154696132596676,0.5031652247309558,0.5874999999999999,0.2222222222222232,0.8040201005025127,0.3564814814814816,0.5324074074074077,0.45935582822085896,0.38150289017341055,0.4048442906574392,0.4261363636363633,0.30882352941176494,0.8074324324324325,0.22656249999999956,0.3402777777777777,0.4429347826086957,0.0,No Tournament,False,False,False,False,False,False,False,False,False,False,False,False,False,False,True,False,False,False,False,False,False,False,False,False,False,False,False,False,False,False,False,False
0.125,0.26865671641791045,0.36170212765957466,0.5925414364640877,0.25997045790251105,0.4125000000000001,0.44444444444444464,0.5929648241206029,0.3472222222222221,0.4537037037037037,0.5881901840490797,0.39691714836223513,0.4048442906574392,0.607954545454545,0.44411764705882373,0.21283783783783772,0.49999999999999956,0.45833333333333304,0.38858695652173914,0.0,No Tournament,False,False,False,False,False,False,False,False,False,False,False,False,False,False,True,False,False,False,False,False,False,False,False,False,False,False,False,False,False,False,False,False
0.20833333333333304,0.5970149253731344,0.7287234042553195,0.3936464088397793,0.8064992614475628,0.7375000000000003,0.40277777777777857,0.27135678391959783,0.48611111111111116,0.4583333333333335,0.3305214723926382,0.4739884393063585,0.32179930795847733,0.6477272727272725,0.3794117647058828,0.7331081081081083,0.546875,0.520833333333333,0.6820652173913044,0.0,No Tournament,False,False,False,False,False,False,False,False,False,False,False,False,False,False,True,False,False,False,False,False,False,False,False,False,False,False,False,False,False,False,False,False
0.625,0.3880597014925373,0.579787234042553,0.7638121546961321,0.3241190124498839,0.4125000000000001,0.7986111111111116,0.2412060301507537,0.6157407407407409,0.5972222222222223,0.7292944785276072,0.5895953757225434,0.5951557093425603,0.39204545454545414,0.7323529411764707,0.46283783783783816,0.7500000000000004,0.4513888888888893,0.3125,0.0,No Tournament,False,False,False,False,False,False,False,False,False,False,False,False,False,False,False,True,False,False,False,False,False,False,False,False,False,False,False,False,False,False,False,False
0.625,0.5373134328358209,0.478723404255319,0.5676795580110494,0.3999788985017936,0.5562499999999999,0.43055555555555625,0.4120603015075379,0.5509259259259258,0.31018518518518534,0.809049079754601,0.4238921001926783,0.4256055363321798,0.5340909090909087,0.4676470588235295,0.5506756756756754,0.4140625,0.7222222222222232,0.49184782608695654,0.0,No Tournament,False,False,False,False,False,False,False,False,False,False,False,False,False,False,False,True,False,False,False,False,False,False,False,False,False,False,False,False,False,False,False,False
0.45833333333333304,0.35820895522388063,0.36170212765957466,0.548342541436464,0.2998522895125554,0.4812500000000002,0.611111111111112,0.7035175879396987,0.8935185185185186,0.2500000000000002,0.7108895705521472,0.7013487475915223,0.8650519031141863,0.3977272727272725,0.6911764705882355,0.5979729729729732,0.4140625,0.4722222222222223,0.3423913043478261,0.0,No Tournament,False,False,False,False,False,False,False,False,False,False,False,False,False,False,False,True,False,False,False,False,False,False,False,False,False,False,False,False,False,False,False,False
0.375,0.1791044776119403,0.4228723404255317,0.838397790055248,0.14507280016881197,0.4375,0.7083333333333339,0.38190954773869357,0.3657407407407407,0.2870370370370372,0.6802147239263803,0.5510597302504818,0.5121107266435985,0.4261363636363633,0.6147058823529412,0.46959459459459474,0.7656250000000004,0.47916666666666696,0.17391304347826086,0.0,No Tournament,False,False,False,False,False,False,False,False,False,False,False,False,False,False,False,True,False,False,False,False,False,False,False,False,False,False,False,False,False,False,False,False
0.875,0.8059701492537313,0.5558510638297873,0.3439226519337013,0.712175564465077,0.46875,0.1875000000000009,0.3015075376884422,0.6620370370370372,0.4861111111111114,0.6004601226993864,0.647398843930636,0.532871972318339,0.375,0.24411764705882355,0.631756756756757,0.23437499999999956,0.8055555555555554,0.6793478260869565,0.0,No Tournament,False,False,False,False,False,False,False,False,False,False,False,False,False,False,False,True,False,False,False,False,False,False,False,False,False,False,False,False,False,False,False,False
0.5416666666666665,0.1791044776119403,0.21276595744680815,0.5980662983425411,0.1384258282338046,0.15625,0.3888888888888897,0.7638190954773869,0.3657407407407407,0.6805555555555556,0.6372699386503067,0.4778420038535647,0.4740484429065741,0.3181818181818179,0.30882352941176494,0.06418918918918926,0.5703125000000004,0.33333333333333304,0.15760869565217395,0.0,No Tournament,False,False,False,False,False,False,False,False,False,False,False,False,False,False,False,True,False,False,False,False,False,False,False,False,False,False,False,False,False,False,False,False
0.375,0.23880597014925373,0.17819148936170182,0.45994475138121516,0.20056974045157205,0.02499999999999991,0.21527777777777857,0.8241206030150752,0.412037037037037,0.9398148148148147,0.5145705521472392,0.24662813102119463,0.6332179930795845,0.0,0.3147058823529414,0.46283783783783816,0.20312499999999956,0.5277777777777777,0.23097826086956524,0.0,No Tournament,False,False,False,False,False,False,False,False,False,False,False,False,False,False,False,True,False,False,False,False,False,False,False,False,False,False,False,False,False,False,False,False
0.625,0.35820895522388063,0.353723404255319,0.49585635359115976,0.3380460012660898,0.3687499999999999,0.3055555555555558,0.57286432160804,0.48611111111111116,0.4861111111111114,0.5207055214723926,0.531791907514451,0.36678200692041507,0.4715909090909087,0.2676470588235298,0.2871621621621623,0.4375,0.22916666666666607,0.3016304347826087,0.0,No Tournament,False,False,False,False,False,False,False,False,False,False,False,False,False,False,False,True,False,False,False,False,False,False,False,False,False,False,False,False,False,False,False,False
0.375,0.3880597014925373,0.2739361702127656,0.43232044198895014,0.31652247309558973,0.33125000000000027,0.3055555555555558,0.6030150753768844,0.4398148148148149,0.5694444444444444,0.3305214723926382,0.5202312138728327,0.3425605536332179,0.3636363636363633,0.2676470588235298,0.3682432432432434,0.4453125,0.25694444444444464,0.3940217391304348,0.0,No Tournament,False,False,False,False,False,False,False,False,False,False,False,False,False,False,False,True,False,False,False,False,False,False,False,False,False,False,False,False,False,False,False,False
0.708333333333333,0.5970149253731344,0.5851063829787235,0.506906077348066,0.5782865583456425,0.6000000000000001,0.2638888888888897,0.8743718592964822,0.4027777777777779,0.9722222222222223,0.5575153374233128,0.7398843930635839,0.5743944636678198,0.5738636363636362,0.3264705882352943,0.6452702702702702,0.28906249999999956,0.6319444444444446,0.5108695652173914,0.0,No Tournament,False,False,False,False,False,False,False,False,False,False,False,False,False,False,False,True,False,False,False,False,False,False,False,False,False,False,False,False,False,False,False,False
0.708333333333333,0.7164179104477612,0.6436170212765959,0.41022099447513805,0.7302173454315256,0.6437500000000003,0.2361111111111116,0.20100502512562812,0.3472222222222221,0.4814814814814816,0.5820552147239262,0.34682080924855496,0.36678200692041507,0.4204545454545454,0.3735294117647059,0.7398648648648649,0.13281249999999956,0.4375,0.6467391304347827,0.0,No Tournament,False,False,False,False,False,False,False,False,False,False,False,False,False,False,False,False,True,False,False,False,False,False,False,False,False,False,False,False,False,False,False,False
0.708333333333333,0.5671641791044776,0.4601063829787231,0.45441988950276224,0.4988394175986494,0.6125000000000003,0.2361111111111116,0.64321608040201,0.3287037037037037,0.4583333333333335,0.3305214723926382,0.5086705202312138,0.5813148788927334,0.5284090909090904,0.15000000000000036,0.6520270270270272,0.5234375,0.29166666666666696,0.4592391304347826,0.0,No Tournament,False,False,False,False,False,False,False,False,False,False,False,False,False,False,False,False,True,False,False,False,False,False,False,False,False,False,False,False,False,False,False,False
0.5416666666666665,0.3880597014925373,0.3803191489361697,0.5566298342541431,0.3096644861785186,0.40625,0.5208333333333339,0.5025125628140703,0.3842592592592595,0.46296296296296324,0.45935582822085896,0.7167630057803471,0.4878892733564011,0.375,0.361764705882353,0.5506756756756754,0.7421875,0.5069444444444446,0.36141304347826086,0.0,No Tournament,False,False,False,False,False,False,False,False,False,False,False,False,False,False,False,False,True,False,False,False,False,False,False,False,False,False,False,False,False,False,False,False
0.375,0.3880597014925373,0.6781914893617023,0.6256906077348061,0.554758387845537,0.5812500000000003,0.5277777777777781,0.010050251256281229,0.27314814814814814,0.38888888888888906,0.6495398773006134,0.323699421965318,0.46366782006920415,0.5795454545454541,0.5617647058823532,0.5371621621621623,0.46874999999999956,0.375,0.4347826086956522,0.0,No Tournament,False,False,False,False,False,False,False,False,False,False,False,False,False,False,False,False,True,False,False,False,False,False,False,False,False,False,False,False,False,False,False,False
0.2916666666666665,0.3880597014925373,0.5558510638297873,0.5179558011049723,0.5356615319687698,0.3999999999999999,0.5000000000000009,0.3919597989949748,0.7361111111111109,0.6018518518518521,0.9808282208588954,0.8439306358381506,0.7301038062283733,0.5056818181818179,0.3794117647058828,0.2871621621621623,0.65625,0.6388888888888893,0.47282608695652173,0.0,No Tournament,False,False,False,False,False,False,False,False,False,False,False,False,False,False,False,False,True,False,False,False,False,False,False,False,False,False,False,False,False,False,False,False
0.45833333333333304,0.5074626865671642,0.5478723404255321,0.5842541436464086,0.4596961384258282,0.4125000000000001,0.5277777777777781,0.40201005025125625,0.3564814814814816,0.7407407407407409,0.4348159509202454,0.7090558766859347,0.46020761245674735,0.47727272727272707,0.4911764705882353,0.375,0.5859375,0.43055555555555536,0.4945652173913044,0.0,No Tournament,False,False,False,False,False,False,False,False,False,False,False,False,False,False,False,False,True,False,False,False,False,False,False,False,False,False,False,False,False,False,False,False
0.5416666666666665,0.3283582089552239,0.3085106382978724,0.49585635359115976,0.29426039248786656,0.1812499999999999,0.5416666666666674,0.5025125628140703,0.7268518518518519,0.4537037037037037,0.6311349693251533,0.5587668593448942,0.5813148788927334,0.2386363636363633,0.473529411764706,0.2398648648648649,0.5859375,0.22916666666666607,0.32065217391304346,0.0,No Tournament,False,False,False,False,False,False,False,False,False,False,False,False,False,False,False,False,True,False,False,False,False,False,False,False,False,False,False,False,False,False,False,False
0.375,0.4776119402985075,0.41755319148936154,0.41850828729281764,0.4908208482802278,0.3374999999999999,0.3888888888888897,0.5025125628140703,0.6435185185185184,0.6481481481481484,0.41641104294478537,0.7745664739884397,0.6747404844290654,0.2386363636363633,0.30882352941176494,0.5641891891891895,0.53125,0.45833333333333304,0.5027173913043479,0.0,No Tournament,False,False,False,False,False,False,False,False,False,False,False,False,False,False,False,False,True,False,False,False,False,False,False,False,False,False,False,False,False,False,False,False
0.708333333333333,0.6268656716417911,0.6728723404255317,0.575966850828729,0.5999155940071744,0.7375000000000003,0.43055555555555625,0.34170854271356776,0.1435185185185186,0.3148148148148149,0.29984662576687127,0.6088631984585744,0.4048442906574392,0.6647727272727271,0.3500000000000001,0.7398648648648649,0.625,0.604166666666667,0.5407608695652174,0.0,No Tournament,False,False,False,False,False,False,False,False,False,False,False,False,False,False,False,False,True,False,False,False,False,False,False,False,False,False,False,False,False,False,False,False
0.45833333333333304,0.44776119402985076,0.6143617021276597,0.4765193370165748,0.6406414855454737,0.6437500000000003,0.5277777777777781,0.31155778894472363,0.4027777777777779,0.4537037037037037,0.22622699386503098,0.48940269749518306,0.24221453287197225,0.6306818181818183,0.32058823529411784,0.6114864864864864,0.8203125000000004,0.5555555555555554,0.4184782608695652,0.0,No Tournament,False,False,False,False,False,False,False,False,False,False,False,False,False,False,False,False,True,False,False,False,False,False,False,False,False,False,False,False,False,False,False,False
0.375,0.2985074626865672,0.46808510638297873,0.5207182320441985,0.43796159527326434,0.3250000000000002,0.5972222222222228,0.4422110552763818,0.3842592592592595,0.5787037037037039,0.28144171779141125,0.855491329479769,0.5778546712802766,0.3238636363636358,0.5794117647058825,0.43581081081081097,0.5625,0.4861111111111116,0.3532608695652174,0.0,No Tournament,False,False,False,False,False,False,False,False,False,False,False,False,False,False,False,False,True,False,False,False,False,False,False,False,False,False,False,False,False,False,False,False
0.375,0.3283582089552239,0.33776595744680815,0.6892265193370162,0.17123865794471407,0.2937500000000002,0.4375000000000009,0.5025125628140703,0.46759259259259256,0.6435185185185186,0.9072085889570549,0.36223506743737977,0.43944636678200677,0.3863636363636358,0.42647058823529393,0.26013513513513553,0.484375,0.4027777777777777,0.30978260869565216,0.0,No Tournament,False,False,False,False,False,False,False,False,False,False,False,False,False,False,False,False,False,True,False,False,False,False,False,False,False,False,False,False,False,False,False,False
0.2916666666666665,0.1791044776119403,0.27925531914893575,0.7223756906077341,0.11626925511711331,0.11250000000000027,0.6527777777777781,0.4221105527638189,0.4768518518518521,0.5833333333333335,0.8519938650306744,0.6011560693641622,0.7370242214532869,0.0,0.6264705882352941,0.41554054054054035,0.6484375000000004,0.6319444444444446,0.24456521739130438,0.0,No Tournament,False,False,False,False,False,False,False,False,False,False,False,False,False,False,False,False,False,True,False,False,False,False,False,False,False,False,False,False,False,False,False,False
0.375,0.11940298507462685,0.1010638297872335,0.7527624309392262,0.03291833720194133,0.1499999999999999,0.5694444444444451,0.7638190954773869,0.6435185185185184,0.4212962962962965,1.0,0.2890173410404626,0.6747404844290654,0.10227272727272663,0.6852941176470586,0.3479729729729728,0.38281249999999956,0.3541666666666661,0.14130434782608692,0.0,No Tournament,False,False,False,False,False,False,False,False,False,False,False,False,False,False,False,False,False,True,False,False,False,False,False,False,False,False,False,False,False,False,False,False
0.125,0.14925373134328357,0.0,0.5897790055248615,0.025321797847647185,0.1499999999999999,0.47916666666666696,0.9045226130653268,0.6805555555555556,0.337962962962963,0.6311349693251533,0.8053949903660889,0.5778546712802766,0.21590909090909038,0.5441176470588234,0.21283783783783772,0.38281249999999956,0.5833333333333339,0.1875,0.0,No Tournament,False,False,False,False,False,False,False,False,False,False,False,False,False,False,False,False,False,True,False,False,False,False,False,False,False,False,False,False,False,False,False,False
0.375,0.26865671641791045,0.19680851063829774,0.6395027624309386,0.1079341633255961,0.07500000000000018,0.40277777777777857,0.6834170854271358,0.5509259259259258,0.6712962962962965,0.9133435582822083,1.0,0.5121107266435985,0.15909090909090873,0.4382352941176473,0.1520270270270272,0.39843749999999956,0.6597222222222223,0.24728260869565216,0.0,No Tournament,False,False,False,False,False,False,False,False,False,False,False,False,False,False,False,False,False,True,False,False,False,False,False,False,False,False,False,False,False,False,False,False
0.45833333333333304,0.23880597014925373,0.34308510638297873,0.7527624309392262,0.14116902300063303,0.42500000000000027,0.6666666666666674,0.9547738693467338,0.5416666666666667,0.6157407407407407,0.5391104294478528,0.6050096339113682,0.9584775086505186,0.5056818181818179,0.697058823529412,0.3479729729729728,0.5390624999999996,0.4375,0.26358695652173914,0.0,No Tournament,False,False,False,False,False,False,False,False,False,False,False,False,False,False,False,False,False,True,False,False,False,False,False,False,False,False,False,False,False,False,False,False
0.375,0.208955223880597,0.24202127659574435,0.5925414364640877,0.1622705212070057,0.10000000000000009,0.5069444444444451,0.32160804020100486,0.7268518518518519,0.5694444444444444,0.7967791411042944,0.5472061657032756,0.5778546712802766,0.17045454545454497,0.6676470588235297,0.192567567567568,0.21874999999999956,0.5555555555555554,0.2119565217391305,0.0,No Tournament,False,False,False,False,False,False,False,False,False,False,False,False,False,False,False,False,False,True,False,False,False,False,False,False,False,False,False,False,False,False,False,False
0.5416666666666665,0.41791044776119407,0.49468085106382986,0.7279005524861875,0.27358092424562136,0.39375000000000027,0.4722222222222232,0.4221105527638189,0.5694444444444446,0.6527777777777779,0.8213190184049077,0.7668593448940273,0.695501730103806,0.34659090909090917,0.2911764705882356,0.5033783783783785,0.7500000000000004,0.44444444444444464,0.3858695652173913,0.0,No Tournament,False,False,False,False,False,False,False,False,False,False,False,False,False,False,False,False,False,True,False,False,False,False,False,False,False,False,False,False,False,False,False,False
0.45833333333333304,0.26865671641791045,0.2739361702127656,0.7914364640883971,0.08609411268200043,0.2124999999999999,0.5486111111111116,0.6030150753768844,0.48611111111111116,0.5416666666666667,0.6495398773006134,0.5934489402697496,0.9238754325259513,0.2386363636363633,0.6205882352941181,0.30743243243243246,0.42187499999999956,0.4652777777777777,0.22826086956521735,0.0,No Tournament,False,False,False,False,False,False,False,False,False,False,False,False,False,False,False,False,False,True,False,False,False,False,False,False,False,False,False,False,False,False,False,False
0.2916666666666665,0.26865671641791045,0.33776595744680815,0.7085635359116016,0.16079341633255959,0.33125000000000027,0.4583333333333339,0.693467336683417,0.5138888888888888,0.7314814814814814,0.625,0.6589595375722546,0.557093425605536,0.3238636363636358,0.4794117647058824,0.4493243243243241,0.4375,0.31944444444444375,0.2608695652173913,0.0,No Tournament,False,False,False,False,False,False,False,False,False,False,False,False,False,False,False,False,False,True,False,False,False,False,False,False,False,False,False,False,False,False,False,False
0.375,0.3880597014925373,0.05319148936170137,0.4654696132596685,0.10687908841527749,0.16875000000000018,0.4236111111111116,0.8442211055276381,0.8564814814814814,0.3564814814814816,0.60659509202454,0.7013487475915223,0.6643598615916952,0.20454545454545459,0.4382352941176473,0.26013513513513553,0.453125,0.3541666666666661,0.3804347826086957,0.0,No Tournament,False,False,False,False,False,False,False,False,False,False,False,False,False,False,False,False,False,True,False,False,False,False,False,False,False,False,False,False,False,False,False,False
0.5416666666666665,0.4776119402985075,0.4521276595744679,0.7444751381215462,0.22420341844270944,0.4624999999999999,0.5069444444444451,0.3517587939698492,0.4212962962962963,0.5092592592592595,0.64340490797546,0.5086705202312138,0.5847750865051902,0.5113636363636362,0.5147058823529411,0.4290540540540544,0.484375,0.4513888888888893,0.4266304347826087,0.0,No Tournament,False,False,False,False,False,False,False,False,False,False,False,False,False,False,False,False,False,True,False,False,False,False,False,False,False,False,False,False,False,False,False,False
0.45833333333333304,0.08955223880597014,0.03457446808510589,0.4212707182320443,0.11890694239290989,0.03750000000000009,0.4375000000000009,0.9999999999999998,0.375,0.3148148148148149,0.35506134969325154,0.6435452793834298,1.0,0.18749999999999956,0.44411764705882373,0.030405405405405483,0.4765625,0.4236111111111107,0.20380434782608697,0.0,No Tournament,False,False,False,False,False,False,False,False,False,False,False,False,False,False,False,False,False,False,True,False,False,False,False,False,False,False,False,False,False,False,False,False
0.375,0.14925373134328357,0.4813829787234045,0.7168508287292812,0.26936062460434684,0.5187500000000003,0.5902777777777781,0.7035175879396987,0.15277777777777768,0.3425925925925928,0.4225460122699387,0.4624277456647401,0.301038062283737,0.375,0.4970588235294118,0.7398648648648649,0.7265625000000004,0.2986111111111107,0.22554347826086962,0.0,No Tournament,False,False,False,False,False,False,False,False,False,False,False,False,False,False,False,False,False,False,True,False,False,False,False,False,False,False,False,False,False,False,False,False
0.625,0.6865671641791045,0.5558510638297873,0.32182320441988965,0.7332770626714497,0.6875,0.1736111111111116,0.47236180904522596,0.5046296296296295,0.2962962962962965,0.25076687116564433,0.9749518304431601,0.2629757785467126,0.7159090909090908,0.1911764705882355,0.5844594594594597,0.32812499999999956,0.520833333333333,0.6467391304347827,0.0,No Tournament,False,False,False,False,False,False,False,False,False,False,False,False,False,False,False,False,False,False,True,False,False,False,False,False,False,False,False,False,False,False,False,False
0.45833333333333304,0.4776119402985075,0.49202127659574435,0.34116022099447507,0.653513399451361,0.33125000000000027,0.34722222222222276,0.5025125628140703,0.6990740740740742,0.550925925925926,0.44708588957055206,0.35838150289017334,0.5743944636678198,0.3181818181818179,0.44411764705882373,0.40878378378378377,0.27343749999999956,0.4375,0.5353260869565217,0.0,No Tournament,False,False,False,False,False,False,False,False,False,False,False,False,False,False,False,False,False,False,True,False,False,False,False,False,False,False,False,False,False,False,False,False
0.45833333333333304,0.3880597014925373,0.332446808510638,0.3770718232044197,0.43848913272842366,0.14375000000000027,0.2638888888888897,0.512562814070352,0.4490740740740742,0.42592592592592604,0.29984662576687127,0.7668593448940273,0.7647058823529409,0.23295454545454541,0.3147058823529414,0.17905405405405395,0.31249999999999956,0.6388888888888893,0.4429347826086957,0.0,No Tournament,False,False,False,False,False,False,False,False,False,False,False,False,False,False,False,False,False,False,True,False,False,False,False,False,False,False,False,False,False,False,False,False
0.45833333333333304,0.3880597014925373,0.4122340425531914,0.40193370165745845,0.5020046423296054,0.3687499999999999,0.43055555555555625,0.5427135678391959,0.8564814814814814,0.20370370370370394,0.5943251533742331,0.4200385356454721,0.5051903114186849,0.3011363636363633,0.4147058823529415,0.5439189189189189,0.5078125,0.25694444444444464,0.4320652173913043,0.0,No Tournament,False,False,False,False,False,False,False,False,False,False,False,False,False,False,False,False,False,False,True,False,False,False,False,False,False,False,False,False,False,False,False,False
0.45833333333333304,0.3283582089552239,0.4069148936170208,0.5290055248618781,0.3631567841316733,0.23125000000000018,0.5625000000000004,0.512562814070352,0.4305555555555558,0.4583333333333335,0.44095092024539895,0.6820809248554915,0.4256055363321798,0.26704545454545414,0.4676470588235295,0.32094594594594605,0.6875000000000004,0.541666666666667,0.39673913043478265,0.0,No Tournament,False,False,False,False,False,False,False,False,False,False,False,False,False,False,False,False,False,False,True,False,False,False,False,False,False,False,False,False,False,False,False,False
0.5416666666666665,0.6268656716417911,0.5372340425531914,0.4654696132596685,0.5711120489554757,0.5437500000000002,0.5208333333333339,0.5929648241206029,0.7731481481481481,0.6296296296296298,0.2875766871165646,0.6820809248554915,0.7993079584775082,0.5909090909090908,0.6735294117647062,0.4763513513513513,0.26562499999999956,0.5902777777777777,0.595108695652174,0.0,No Tournament,False,False,False,False,False,False,False,False,False,False,False,False,False,False,False,False,False,False,True,False,False,False,False,False,False,False,False,False,False,False,False,False
0.375,0.3283582089552239,0.353723404255319,0.5455801104972373,0.2947879299430259,0.3500000000000001,0.5833333333333335,0.5326633165829147,0.5972222222222221,0.2870370370370372,0.44095092024539895,0.6936416184971101,0.532871972318339,0.3636363636363633,0.5970588235294119,0.41554054054054035,0.5078125,0.4097222222222223,0.38858695652173914,0.0,No Tournament,False,False,False,False,False,False,False,False,False,False,False,False,False,False,False,False,False,False,False,True,False,False,False,False,False,False,False,False,False,False,False,False
0.375,0.5074626865671642,0.6223404255319149,0.38812154696132595,0.7305338679046212,0.5812500000000003,0.5972222222222228,0.29145728643216073,0.6712962962962963,0.4212962962962965,0.28144171779141125,0.7437379576107901,0.5190311418685118,0.7443181818181817,0.5735294117647061,0.36148648648648685,0.59375,0.5763888888888893,0.5869565217391305,0.0,No Tournament,False,False,False,False,False,False,False,False,False,False,False,False,False,False,False,False,False,False,False,True,False,False,False,False,False,False,False,False,False,False,False,False
0.5416666666666665,0.44776119402985076,0.7047872340425534,0.6477900552486182,0.5592952099599071,0.46875,0.6041666666666674,0.2814070351758795,0.1064814814814814,0.6898148148148149,0.2569018404907979,0.7976878612716765,0.46020761245674735,0.3352272727272725,0.6029411764705883,0.6047297297297298,0.546875,0.47916666666666696,0.453804347826087,0.0,No Tournament,False,False,False,False,False,False,False,False,False,False,False,False,False,False,False,False,False,False,False,True,False,False,False,False,False,False,False,False,False,False,False,False
0.875,0.6268656716417911,0.42553191489361675,0.3328729281767955,0.5906309347963705,0.1937500000000001,0.1875000000000009,0.4120603015075379,0.4027777777777779,0.5833333333333335,0.5759202453987731,0.8323699421965323,0.6159169550173009,0.3238636363636358,0.22058823529411775,0.12500000000000022,0.30468749999999956,0.7083333333333339,0.5461956521739131,0.0,No Tournament,False,False,False,False,False,False,False,False,False,False,False,False,False,False,False,False,False,False,False,True,False,False,False,False,False,False,False,False,False,False,False,False
0.5416666666666665,0.4776119402985075,0.6223404255319149,0.43232044198895014,0.6903355138214813,0.6000000000000001,0.3541666666666674,0.7537688442211057,0.375,0.5740740740740742,0.47162576687116586,0.8593448940269752,0.5294117647058822,0.5909090909090908,0.42647058823529393,0.6114864864864864,0.32031249999999956,0.6805555555555554,0.5,0.0,No Tournament,False,False,False,False,False,False,False,False,False,False,False,False,False,False,False,False,False,False,False,True,False,False,False,False,False,False,False,False,False,False,False,False
0.875,0.746268656716418,0.5106382978723403,0.12845303867403324,0.8546106773580924,0.30000000000000027,0.0,0.49246231155778886,0.46759259259259256,0.7314814814814814,0.38573619631901845,0.8053949903660889,0.32871972318339093,0.3238636363636358,0.026470588235294468,0.36148648648648685,0.07812499999999911,0.27083333333333304,0.6875,0.0,No Tournament,False,False,False,False,False,False,False,False,False,False,False,False,False,False,False,False,False,False,False,True,False,False,False,False,False,False,False,False,False,False,False,False
0.20833333333333304,0.14925373134328357,0.3058510638297869,0.46270718232044183,0.31905465288035445,0.2749999999999999,0.43055555555555625,0.57286432160804,0.3935185185185184,0.41666666666666696,0.5391104294478528,0.6512524084778422,0.8892733564013837,0.43181818181818166,0.3970588235294117,0.17229729729729737,0.546875,0.5972222222222223,0.266304347826087,0.0,No Tournament,False,False,False,False,False,False,False,False,False,False,False,False,False,False,False,False,False,False,False,True,False,False,False,False,False,False,False,False,False,False,False,False
0.45833333333333304,0.44776119402985076,0.4893617021276597,0.34116022099447507,0.6514032496307238,0.45625000000000027,0.2569444444444451,0.5427135678391959,0.6064814814814814,0.4722222222222223,0.5943251533742331,0.7437379576107901,0.6332179930795845,0.5397727272727271,0.2911764705882356,0.375,0.3359375,0.8055555555555554,0.5135869565217391,0.0,No Tournament,False,False,False,False,False,False,False,False,False,False,False,False,False,False,False,False,False,False,False,True,False,False,False,False,False,False,False,False,False,False,False,False
0.2916666666666665,0.3880597014925373,0.6781914893617023,0.5649171270718227,0.6140535978054442,0.6125000000000003,0.5347222222222228,0.40201005025125625,0.3287037037037037,0.5138888888888891,0.477760736196319,0.4624277456647401,0.39446366782006925,0.48863636363636376,0.5264705882352945,0.7195945945945947,0.53125,0.39583333333333304,0.4836956521739131,0.0,No Tournament,False,False,False,False,False,False,False,False,False,False,False,False,False,False,False,False,False,False,False,True,False,False,False,False,False,False,False,False,False,False,False,False
0.375,0.3283582089552239,0.625,0.6174033149171265,0.5091791517197721,0.6875,0.46527777777777857,0.3517587939698492,0.26388888888888906,3.3306690738754696e-16,0.5820552147239262,0.9364161849710986,0.5986159169550171,0.5795454545454541,0.42647058823529393,0.6722972972972974,0.546875,0.2499999999999991,0.39673913043478265,0.0,No Tournament,False,False,False,False,False,False,False,False,False,False,False,False,False,False,False,False,False,False,False,True,False,False,False,False,False,False,False,False,False,False,False,False
0.375,0.1791044776119403,0.2260638297872335,0.7582872928176787,0.07533234859675038,0.3062499999999999,0.5625000000000004,0.64321608040201,0.28240740740740744,0.3750000000000002,0.772239263803681,0.20423892100192664,0.3391003460207611,0.35795454545454497,0.7029411764705884,0.32094594594594605,0.3359375,0.43055555555555536,0.20380434782608697,0.0,No Tournament,False,False,False,False,False,False,False,False,False,False,False,False,False,False,False,False,False,False,False,False,True,False,False,False,False,False,False,False,False,False,False,False
0.2916666666666665,0.08955223880597014,0.20478723404255295,0.8936464088397784,0.03207427727368643,0.1499999999999999,0.6944444444444446,0.64321608040201,0.1712962962962965,0.5462962962962963,0.5697852760736195,0.36608863198458597,0.3044982698961938,0.09659090909090873,0.7088235294117649,0.46959459459459474,0.5859375,0.44444444444444464,0.08967391304347827,0.0,No Tournament,False,False,False,False,False,False,False,False,False,False,False,False,False,False,False,False,False,False,False,False,True,False,False,False,False,False,False,False,False,False,False,False
0.45833333333333304,0.44776119402985076,0.40957446808510634,0.7085635359116016,0.21460223675880988,0.34375,0.5208333333333339,0.49246231155778886,0.625,0.6527777777777779,0.625,0.7630057803468211,0.5605536332179928,0.5056818181818179,0.44999999999999973,0.1655405405405408,0.671875,0.7638888888888893,0.34510869565217395,0.0,No Tournament,False,False,False,False,False,False,False,False,False,False,False,False,False,False,False,False,False,False,False,False,True,False,False,False,False,False,False,False,False,False,False,False
0.625,0.3880597014925373,0.19414893617021223,0.4212707182320443,0.24403882675669972,0.2124999999999999,0.4722222222222232,0.3718592964824119,1.0,0.3333333333333335,0.7845092024539877,0.34682080924855496,0.6435986159169547,0.2386363636363633,0.5264705882352945,0.3006756756756759,0.4140625,0.541666666666667,0.3070652173913043,0.0,No Tournament,False,False,False,False,False,False,False,False,False,False,False,False,False,False,False,False,False,False,False,False,True,False,False,False,False,False,False,False,False,False,False,False
0.5416666666666665,0.26865671641791045,0.14893617021276562,0.5317679558011048,0.1349440810297531,0.2625000000000002,0.41666666666666696,0.693467336683417,0.8379629629629628,0.3703703703703707,0.8458588957055215,0.5356454720616572,0.38408304498269885,0.5113636363636362,0.4558823529411766,0.023648648648648907,0.39843749999999956,0.49305555555555536,0.21467391304347822,0.0,No Tournament,False,False,False,False,False,False,False,False,False,False,False,False,False,False,False,False,False,False,False,False,True,False,False,False,False,False,False,False,False,False,False,False
0.375,0.3283582089552239,0.35106382978723394,0.7306629834254137,0.15889428149398607,0.375,0.5347222222222228,0.6733668341708541,0.46759259259259256,0.7083333333333333,0.7047546012269936,0.6589595375722546,0.6089965397923873,0.48863636363636376,0.4970588235294118,0.26013513513513553,0.5859375,0.7083333333333339,0.30978260869565216,0.0,No Tournament,False,False,False,False,False,False,False,False,False,False,False,False,False,False,False,False,False,False,False,False,True,False,False,False,False,False,False,False,False,False,False,False
0.45833333333333304,0.3880597014925373,0.19946808510638236,0.5317679558011048,0.16807343321375817,0.21875,0.2222222222222232,0.693467336683417,0.5231481481481484,0.6527777777777779,0.5697852760736195,0.5587668593448942,0.45328719723183375,0.3181818181818179,0.26176470588235334,0.20608108108108114,0.3671875,0.30555555555555536,0.3125,0.0,No Tournament,False,False,False,False,False,False,False,False,False,False,False,False,False,False,False,False,False,False,False,False,True,False,False,False,False,False,False,False,False,False,False,False
0.2916666666666665,0.3283582089552239,0.3936170212765955,0.7610497237569058,0.16891749314201307,0.3687499999999999,0.5138888888888893,0.5025125628140703,0.3194444444444444,0.6203703703703705,0.60659509202454,0.6512524084778422,0.2802768166089964,0.26704545454545414,0.6558823529411764,0.5777027027027026,0.28906249999999956,0.3472222222222223,0.3179347826086957,0.0,No Tournament,False,False,False,False,False,False,False,False,False,False,False,False,False,False,False,False,False,False,False,False,True,False,False,False,False,False,False,False,False,False,False,False
0.625,0.6268656716417911,0.3936170212765955,0.4350828729281768,0.4456636421185904,0.3250000000000002,0.2361111111111116,0.613065326633166,0.7175925925925926,0.8703703703703702,0.4041411042944787,0.4238921001926783,0.7785467128027679,0.32954545454545414,0.26176470588235334,0.4290540540540544,0.3359375,0.3263888888888893,0.4945652173913044,0.0,No Tournament,False,False,False,False,False,False,False,False,False,False,False,False,False,False,False,False,False,False,False,False,True,False,False,False,False,False,False,False,False,False,False,False
0.45833333333333304,0.5373134328358209,0.7606382978723407,0.6505524861878449,0.6126820004220299,1.0,0.5138888888888893,0.5829145728643217,0.3287037037037037,0.3842592592592593,0.6127300613496931,0.49710982658959546,0.5294117647058822,1.0,0.4911764705882353,0.6182432432432434,0.546875,0.7430555555555562,0.5516304347826086,0.0,No Tournament,False,False,False,False,False,False,False,False,False,False,False,False,False,False,False,False,False,False,False,False,False,True,False,False,False,False,False,False,False,False,False,False
0.20833333333333304,0.2985074626865672,0.3856382978723403,0.6312154696132595,0.25311247098543993,0.46875,0.5555555555555558,0.4522613065326633,0.6064814814814814,0.4027777777777779,0.8458588957055215,0.49325626204238926,0.6470588235294115,0.4659090909090904,0.638235294117647,0.4831081081081079,0.39843749999999956,0.4027777777777777,0.35054347826086957,0.0,No Tournament,False,False,False,False,False,False,False,False,False,False,False,False,False,False,False,False,False,False,False,False,False,True,False,False,False,False,False,False,False,False,False,False
0.375,0.3880597014925373,0.5558510638297873,0.6505524861878449,0.4010339734121122,0.8500000000000001,0.6736111111111116,0.6834170854271358,0.6805555555555556,0.4120370370370372,0.8151840490797544,0.7206165703275531,0.7093425605536328,0.7727272727272729,0.5970588235294119,0.8277027027027026,0.7187500000000004,0.7777777777777786,0.39945652173913043,0.0,No Tournament,False,False,False,False,False,False,False,False,False,False,False,False,False,False,False,False,False,False,False,False,False,True,False,False,False,False,False,False,False,False,False,False
0.2916666666666665,0.1791044776119403,0.32180851063829774,0.6367403314917124,0.19328972357037347,0.2625000000000002,0.5972222222222228,0.2814070351758795,0.5231481481481484,0.4120370370370372,0.809049079754601,0.35838150289017334,0.7197231833910032,0.14772727272727249,0.697058823529412,0.4898648648648649,0.38281249999999956,0.2777777777777777,0.19565217391304346,0.0,No Tournament,False,False,False,False,False,False,False,False,False,False,False,False,False,False,False,False,False,False,False,False,False,True,False,False,False,False,False,False,False,False,False,False
0.7916666666666665,0.5970149253731344,0.5372340425531914,0.48480662983425393,0.5537033129352184,0.3500000000000001,0.5000000000000009,0.512562814070352,0.7824074074074072,0.9490740740740742,0.4961656441717792,0.5279383429672448,1.0,0.29545454545454497,0.4617647058823531,0.6047297297297298,0.5703125000000004,0.2986111111111107,0.5108695652173914,0.0,No Tournament,False,False,False,False,False,False,False,False,False,False,False,False,False,False,False,False,False,False,False,False,False,True,False,False,False,False,False,False,False,False,False,False
0.2916666666666665,0.41791044776119407,0.5851063829787235,0.5372928176795577,0.5474783709643385,0.5750000000000002,0.611111111111112,0.4321608040201006,0.5787037037037037,0.4907407407407409,0.32438650306748484,0.4816955684007709,0.6574394463667816,0.5397727272727271,0.585294117647059,0.5979729729729732,0.6015625,0.22916666666666607,0.44021739130434784,0.0,No Tournament,False,False,False,False,False,False,False,False,False,False,False,False,False,False,False,False,False,False,False,False,False,True,False,False,False,False,False,False,False,False,False,False
0.20833333333333304,0.14925373134328357,0.26063829787233983,0.6256906077348061,0.15477948934374341,0.1499999999999999,0.5833333333333335,0.6231155778894473,0.4305555555555558,0.662037037037037,0.5145705521472392,0.5895953757225434,0.7647058823529409,0.21590909090909038,0.5205882352941176,0.21283783783783772,0.6875000000000004,0.36805555555555536,0.23097826086956524,0.0,No Tournament,False,False,False,False,False,False,False,False,False,False,False,False,False,False,False,False,False,False,False,False,False,True,False,False,False,False,False,False,False,False,False,False
0.125,0.059701492537313425,0.16489361702127603,0.6422651933701653,0.09073644228740241,0.10625000000000018,0.7361111111111116,0.6331658291457287,0.5138888888888888,0.4814814814814816,0.5329754601226995,0.5433526011560696,0.3494809688581313,0.22727272727272707,0.8323529411764707,0.10472972972972983,0.4921875,0.6875000000000009,0.16304347826086962,0.0,No Tournament,False,False,False,False,False,False,False,False,False,False,False,False,False,False,False,False,False,False,False,False,False,True,False,False,False,False,False,False,False,False,False,False
0.625,0.5074626865671642,0.49202127659574435,0.6367403314917124,0.3484912428782443,0.5062500000000001,0.5138888888888893,0.47236180904522596,0.375,0.5277777777777779,0.5207055214723926,0.5394990366088634,0.2837370242214532,0.5227272727272725,0.5676470588235292,0.4831081081081079,0.42187499999999956,0.38194444444444464,0.44021739130434784,0.0,No Tournament,False,False,False,False,False,False,False,False,False,False,False,False,False,False,False,False,False,False,False,False,False,True,False,False,False,False,False,False,False,False,False,False
0.2916666666666665,0.5074626865671642,0.3989361702127656,0.39640883977900554,0.4922979531546739,0.5,0.4236111111111116,0.57286432160804,0.800925925925926,0.6157407407407407,0.4961656441717792,0.7668593448940273,0.72318339100346,0.5340909090909087,0.25,0.46283783783783816,0.65625,0.4722222222222223,0.5217391304347827,0.0,No Tournament,False,False,False,False,False,False,False,False,False,False,False,False,False,False,False,False,False,False,False,False,False,True,False,False,False,False,False,False,False,False,False,False
0.2916666666666665,0.4776119402985075,0.579787234042553,0.7058011049723754,0.3736020257438277,0.625,0.5000000000000009,0.4321608040201006,0.28240740740740744,0.4398148148148151,0.6740797546012267,0.8631984585741814,0.38062283737024205,0.607954545454545,0.43235294117647083,0.5844594594594597,0.625,0.5625,0.5217391304347827,0.0,No Tournament,False,False,False,False,False,False,False,False,False,False,False,False,False,False,False,False,False,False,False,False,False,True,False,False,False,False,False,False,False,False,False,False
0.5416666666666665,0.41791044776119407,0.625,0.39640883977900554,0.7243089259337412,0.3562500000000002,0.5972222222222228,0.3618090452261309,0.49537037037037046,0.6203703703703705,0.4225460122699387,0.624277456647399,0.5640138408304496,0.34090909090909083,0.6029411764705883,0.4290540540540544,0.546875,0.47916666666666696,0.5706521739130435,0.0,No Tournament,False,False,False,False,False,False,False,False,False,False,False,False,False,False,False,False,False,False,False,False,False,False,True,False,False,False,False,False,False,False,False,False
0.2916666666666665,0.3880597014925373,0.5824468085106385,0.3936464088397793,0.6893859464021946,0.3187500000000001,0.5972222222222228,0.40201005025125625,0.6342592592592593,0.587962962962963,0.6863496932515338,0.9132947976878616,0.6262975778546711,0.3863636363636358,0.5147058823529411,0.30743243243243246,0.6640625,0.3263888888888893,0.6141304347826088,0.0,No Tournament,False,False,False,False,False,False,False,False,False,False,False,False,False,False,False,False,False,False,False,False,False,False,True,False,False,False,False,False,False,False,False,False
0.5416666666666665,0.41791044776119407,0.7127659574468086,0.38812154696132595,0.799430259548428,0.4937499999999999,0.4375000000000009,0.34170854271356776,0.29166666666666674,0.6805555555555556,0.5820552147239262,0.4123314065510597,0.4186851211072662,0.4659090909090904,0.3794117647058828,0.6114864864864864,0.546875,0.5833333333333339,0.578804347826087,0.0,No Tournament,False,False,False,False,False,False,False,False,False,False,False,False,False,False,False,False,False,False,False,False,False,False,True,False,False,False,False,False,False,False,False,False
0.708333333333333,0.5373134328358209,0.6728723404255317,0.3439226519337013,0.8059717239924035,0.3562500000000002,0.31250000000000044,0.3919597989949748,0.6990740740740742,0.7083333333333333,0.9072085889570549,0.7552986512524089,0.7889273356401383,0.3806818181818179,0.355882352941177,0.3952702702702706,0.3671875,1.0,0.625,0.0,No Tournament,False,False,False,False,False,False,False,False,False,False,False,False,False,False,False,False,False,False,False,False,False,False,True,False,False,False,False,False,False,False,False,False
0.375,0.208955223880597,0.43351063829787195,0.506906077348066,0.41348385735387205,0.5187500000000003,0.4513888888888893,0.6231155778894473,0.16203703703703698,0.2685185185185186,0.5329754601226995,0.36608863198458597,0.5432525951557092,0.5511363636363633,0.4147058823529415,0.49662162162162193,0.5859375,0.5347222222222223,0.40217391304347827,0.0,No Tournament,False,False,False,False,False,False,False,False,False,False,False,False,False,False,False,False,False,False,False,False,False,False,True,False,False,False,False,False,False,False,False,False
0.45833333333333304,0.3283582089552239,0.17553191489361675,0.5842541436464086,0.12312724203418443,0.4125000000000001,0.5694444444444451,0.864321608040201,0.5787037037037037,0.2500000000000002,0.5697852760736195,0.3892100192678227,0.6332179930795845,0.40340909090909083,0.7382352941176475,0.46283783783783816,0.21093749999999956,0.013888888888888395,0.3016304347826087,0.0,No Tournament,False,False,False,False,False,False,False,False,False,False,False,False,False,False,False,False,False,False,False,False,False,False,False,True,False,False,False,False,False,False,False,False
0.5416666666666665,0.5074626865671642,0.36702127659574435,0.5400552486187844,0.3118801434901877,0.45625000000000027,0.41666666666666696,0.5025125628140703,0.3194444444444444,0.5972222222222223,0.3611963190184051,0.3892100192678227,0.3529411764705881,0.4943181818181812,0.4147058823529415,0.41554054054054035,0.5078125,0.7847222222222223,0.4320652173913043,0.0,No Tournament,False,False,False,False,False,False,False,False,False,False,False,False,False,False,False,False,False,False,False,False,False,False,False,True,False,False,False,False,False,False,False,False
0.625,0.5074626865671642,0.4494680851063828,0.6008287292817678,0.33973412112259965,0.6125000000000003,0.4583333333333339,0.613065326633166,0.3842592592592595,0.38888888888888906,0.44095092024539895,0.5934489402697496,0.4186851211072662,0.5909090909090908,0.5205882352941176,0.5979729729729732,0.38281249999999956,0.5972222222222223,0.41304347826086957,0.0,No Tournament,False,False,False,False,False,False,False,False,False,False,False,False,False,False,False,False,False,False,False,False,False,False,False,True,False,False,False,False,False,False,False,False
0.375,0.44776119402985076,0.5132978723404253,0.5428176795580106,0.4672926777801223,0.6062500000000002,0.4236111111111116,0.522613065326633,0.45833333333333326,0.5370370370370372,0.45935582822085896,0.8593448940269752,0.6747404844290654,0.6022727272727271,0.3794117647058828,0.5777027027027026,0.53125,0.7083333333333339,0.4375,0.0,No Tournament,False,False,False,False,False,False,False,False,False,False,False,False,False,False,False,False,False,False,False,False,False,False,False,True,False,False,False,False,False,False,False,False
0.2916666666666665,0.3283582089552239,0.4707446808510638,0.7251381215469608,0.2552226208060772,0.6312500000000001,0.6805555555555562,0.49246231155778886,0.5972222222222221,0.3935185185185188,0.5943251533742331,0.3198458574181118,0.6920415224913492,0.5511363636363633,0.6029411764705883,0.6587837837837838,0.7109375000000004,0.25694444444444464,0.35054347826086957,0.0,No Tournament,False,False,False,False,False,False,False,False,False,False,False,False,False,False,False,False,False,False,False,False,False,False,False,True,False,False,False,False,False,False,False,False
0.375,0.14925373134328357,0.37765957446808507,0.7941988950276238,0.14138003798269677,0.5062500000000001,0.6597222222222228,0.47236180904522596,0.3472222222222221,0.19444444444444464,0.7354294478527605,0.38535645472061675,0.46020761245674735,0.41477272727272707,0.6676470588235297,0.625,0.5703125000000004,0.5902777777777777,0.15760869565217395,0.0,No Tournament,False,False,False,False,False,False,False,False,False,False,False,False,False,False,False,False,False,False,False,False,False,False,False,True,False,False,False,False,False,False,False,False
0.45833333333333304,0.44776119402985076,0.5132978723404253,0.534530386740331,0.4727790673137792,0.6062500000000002,0.5347222222222228,0.5829145728643217,0.5231481481481484,0.5092592592592595,0.5145705521472392,0.3892100192678227,0.24221453287197225,0.44886363636363624,0.44999999999999973,0.814189189189189,0.625,0.4722222222222223,0.4239130434782609,0.0,No Tournament,False,False,False,False,False,False,False,False,False,False,False,False,False,False,False,False,False,False,False,False,False,False,False,True,False,False,False,False,False,False,False,False
0.375,0.23880597014925373,0.4228723404255317,0.7030386740331487,0.22863473306604767,0.33125000000000027,0.5972222222222228,0.5427135678391959,0.375,0.6157407407407407,0.5943251533742331,0.647398843930636,0.6608996539792384,0.4602272727272725,0.5323529411764709,0.21283783783783772,0.6875000000000004,0.41666666666666696,0.24456521739130438,0.0,No Tournament,False,False,False,False,False,False,False,False,False,False,False,False,False,False,False,False,False,False,False,False,False,False,False,True,False,False,False,False,False,False,False,False
0.5416666666666665,0.5074626865671642,0.3723404255319145,0.4571823204419889,0.39860730111837933,0.4437500000000001,0.3819444444444451,0.64321608040201,0.6805555555555556,0.6712962962962965,0.38573619631901845,0.8169556840077072,0.6089965397923873,0.5795454545454541,0.27941176470588225,0.21959459459459474,0.546875,0.25694444444444464,0.41304347826086957,0.0,No Tournament,False,False,False,False,False,False,False,False,False,False,False,False,False,False,False,False,False,False,False,False,False,False,False,True,False,False,False,False,False,False,False,False
0.45833333333333304,0.23880597014925373,0.42553191489361675,0.6892265193370162,0.24140113948090317,0.30000000000000027,0.5416666666666674,0.7537688442211057,0.27314814814814814,0.6898148148148149,0.6986196319018403,0.6743737957610794,0.6228373702422143,0.14204545454545414,0.44999999999999973,0.5641891891891895,0.7968750000000004,0.645833333333333,0.27173913043478265,0.0,No Tournament,False,False,False,False,False,False,False,False,False,False,False,False,False,False,False,False,False,False,False,False,False,False,False,False,True,False,False,False,False,False,False,False
0.2916666666666665,0.23880597014925373,0.3803191489361697,0.6008287292817678,0.27009917704156994,0.2124999999999999,0.2569444444444451,0.4522613065326633,0.18055555555555558,0.4583333333333335,0.6311349693251533,0.7129094412331409,0.5605536332179928,0.2556818181818179,0.138235294117647,0.2871621621621623,0.5625,0.7847222222222223,0.3070652173913043,0.0,No Tournament,False,False,False,False,False,False,False,False,False,False,False,False,False,False,False,False,False,False,False,False,False,False,False,False,True,False,False,False,False,False,False,False
0.2916666666666665,0.3283582089552239,0.5079787234042552,0.6174033149171265,0.38478581979320525,0.3187500000000001,0.5833333333333335,0.27135678391959783,0.6527777777777777,0.5370370370370372,0.8335889570552144,0.620423892100193,0.7854671280276815,0.2840909090909087,0.6676470588235297,0.40878378378378377,0.42187499999999956,0.520833333333333,0.375,0.0,No Tournament,False,False,False,False,False,False,False,False,False,False,False,False,False,False,False,False,False,False,False,False,False,False,False,False,True,False,False,False,False,False,False,False
0.20833333333333304,0.3880597014925373,0.396276595744681,0.3908839779005522,0.49388056552015186,0.3812500000000001,0.31250000000000044,0.4522613065326633,0.7638888888888888,0.2962962962962965,0.6188650306748467,0.6127167630057806,0.6747404844290654,0.36931818181818166,0.34411764705882364,0.5101351351351351,0.34374999999999956,0.2361111111111116,0.45108695652173914,0.0,No Tournament,False,False,False,False,False,False,False,False,False,False,False,False,False,False,False,False,False,False,False,False,False,False,False,False,True,False,False,False,False,False,False,False
0.5416666666666665,0.4776119402985075,0.6409574468085109,0.5400552486187844,0.6052964760497994,0.3999999999999999,0.4513888888888893,0.40201005025125625,0.3287037037037037,0.9074074074074074,0.3366564417177915,0.7938342967244705,0.4740484429065741,0.5284090909090904,0.34411764705882364,0.26013513513513553,0.734375,0.645833333333333,0.48097826086956524,0.0,No Tournament,False,False,False,False,False,False,False,False,False,False,False,False,False,False,False,False,False,False,False,False,False,False,False,False,True,False,False,False,False,False,False,False
0.5416666666666665,0.5074626865671642,0.5877659574468086,0.4571823204419889,0.6330449461911796,0.5125000000000002,0.28472222222222276,0.47236180904522596,0.375,0.6203703703703705,0.6556748466257669,0.40847784200385373,0.38754325259515565,0.5340909090909087,0.32058823529411784,0.4898648648648649,0.3359375,0.31944444444444375,0.5135869565217391,0.0,No Tournament,False,False,False,False,False,False,False,False,False,False,False,False,False,False,False,False,False,False,False,False,False,False,False,False,True,False,False,False,False,False,False,False
0.45833333333333304,0.3283582089552239,0.2739361702127656,0.48204419889502725,0.2688330871491875,0.23125000000000018,0.34722222222222276,0.7135678391959799,0.46759259259259256,0.5740740740740742,0.7108895705521472,0.6435452793834298,0.5847750865051902,0.2556818181818179,0.42647058823529393,0.31418918918918903,0.296875,0.5972222222222223,0.3423913043478261,0.0,No Tournament,False,False,False,False,False,False,False,False,False,False,False,False,False,False,False,False,False,False,False,False,False,False,False,False,True,False,False,False,False,False,False,False
0.2916666666666665,0.35820895522388063,0.3643617021276593,0.4765193370165748,0.369592741084617,0.2625000000000002,0.43055555555555625,0.4321608040201006,0.7268518518518519,0.5416666666666667,0.5943251533742331,0.620423892100193,0.4775086505190309,0.30681818181818166,0.3970588235294117,0.3277027027027031,0.5234375,0.15277777777777768,0.3831521739130435,0.0,No Tournament,False,False,False,False,False,False,False,False,False,False,False,False,False,False,False,False,False,False,False,False,False,False,False,False,True,False,False,False,False,False,False,False
0.2916666666666665,0.208955223880597,0.34574468085106336,0.5787292817679552,0.25733277062671445,0.20625000000000027,0.5347222222222228,0.32160804020100486,0.4490740740740742,0.5231481481481481,0.6495398773006134,0.6011560693641622,0.4844290657439443,0.2386363636363633,0.4911764705882353,0.2871621621621623,0.59375,0.5138888888888893,0.26902173913043476,0.0,No Tournament,False,False,False,False,False,False,False,False,False,False,False,False,False,False,False,False,False,False,False,False,False,False,False,False,True,False,False,False,False,False,False,False
0.708333333333333,0.6567164179104478,0.5664893617021276,0.36049723756906094,0.7064781599493565,0.42500000000000027,0.25000000000000044,0.522613065326633,0.6620370370370372,0.8425925925925926,0.32438650306748484,0.49325626204238926,0.7439446366782003,0.5056818181818179,0.1911764705882355,0.3547297297297298,0.4140625,0.7777777777777786,0.578804347826087,0.0,No Tournament,False,False,False,False,False,False,False,False,False,False,False,False,False,False,False,False,False,False,False,False,False,False,False,False,True,False,False,False,False,False,False,False
0.708333333333333,0.6268656716417911,0.5478723404255321,0.575966850828729,0.46919181261869586,0.6625000000000001,0.49305555555555625,0.46231155778894495,0.4490740740740742,0.4722222222222223,0.5943251533742331,0.51252408477842,0.6228373702422143,0.5568181818181817,0.5264705882352945,0.7466216216216215,0.4453125,0.5694444444444446,0.5461956521739131,0.0,No Tournament,False,False,False,False,False,False,False,False,False,False,False,False,False,False,False,False,False,False,False,False,False,False,False,False,False,True,False,False,False,False,False,False
0.625,0.4776119402985075,0.48404255319148914,0.5704419889502761,0.4038826756699725,0.5687500000000001,0.5138888888888893,0.7035175879396987,0.5787037037037037,0.6481481481481484,0.48389570552147254,0.8362235067437382,0.5605536332179928,0.7727272727272729,0.5147058823529411,0.31418918918918903,0.515625,0.27083333333333304,0.4103260869565218,0.0,No Tournament,False,False,False,False,False,False,False,False,False,False,False,False,False,False,False,False,False,False,False,False,False,False,False,False,False,True,False,False,False,False,False,False
0.5416666666666665,0.44776119402985076,0.5186170212765955,0.5980662983425411,0.4148554547372863,0.4375,0.40972222222222276,0.5427135678391959,0.337962962962963,0.8333333333333335,0.4225460122699387,0.3892100192678227,0.4048442906574392,0.41477272727272707,0.25,0.5371621621621623,0.6015625,0.15972222222222143,0.39945652173913043,0.0,No Tournament,False,False,False,False,False,False,False,False,False,False,False,False,False,False,False,False,False,False,False,False,False,False,False,False,False,True,False,False,False,False,False,False
0.45833333333333304,0.2985074626865672,0.43351063829787195,0.6201657458563532,0.3071323063937539,0.4812500000000002,0.5555555555555558,0.613065326633166,0.7361111111111109,0.5231481481481481,0.7108895705521472,0.8901734104046246,0.7301038062283733,0.5909090909090908,0.4558823529411766,0.31418918918918903,0.671875,0.47916666666666696,0.2826086956521739,0.0,No Tournament,False,False,False,False,False,False,False,False,False,False,False,False,False,False,False,False,False,False,False,False,False,False,False,False,False,True,False,False,False,False,False,False
0.2916666666666665,0.1791044776119403,0.42819148936170226,0.8743093922651926,0.1306182738974467,0.3999999999999999,0.9861111111111116,0.34170854271356776,0.587962962962963,0.39814814814814836,0.9133435582822083,0.36608863198458597,0.7820069204152247,0.5397727272727271,1.0,0.3006756756756759,0.53125,1.0,0.20108695652173908,0.0,No Tournament,False,False,False,False,False,False,False,False,False,False,False,False,False,False,False,False,False,False,False,False,False,False,False,False,False,True,False,False,False,False,False,False
0.45833333333333304,0.3283582089552239,0.4414893617021276,0.5704419889502761,0.36020257438278114,0.5562499999999999,0.5902777777777781,0.4221105527638189,0.412037037037037,0.41666666666666696,0.4041411042944787,0.24662813102119463,0.5778546712802766,0.4829545454545454,0.4617647058823531,0.6114864864864864,0.703125,0.4375,0.33967391304347827,0.0,No Tournament,False,False,False,False,False,False,False,False,False,False,False,False,False,False,False,False,False,False,False,False,False,False,False,False,False,True,False,False,False,False,False,False
0.125,0.14925373134328357,0.2978723404255317,0.6947513812154691,0.14138003798269677,0.2937500000000002,0.6666666666666674,0.5025125628140703,0.5324074074074074,0.37962962962962976,0.8029141104294477,0.20809248554913307,0.6782006920415222,0.28977272727272707,0.5911764705882354,0.3547297297297298,0.703125,0.5069444444444446,0.24728260869565216,0.0,No Tournament,False,False,False,False,False,False,False,False,False,False,False,False,False,False,False,False,False,False,False,False,False,False,False,False,False,True,False,False,False,False,False,False
0.45833333333333304,0.35820895522388063,0.3829787234042552,0.5124309392265194,0.35271154251951886,0.3999999999999999,0.5277777777777781,0.6532663316582916,0.7268518518518519,0.5694444444444444,0.7231595092024539,0.6396917148362238,0.802768166089965,0.43749999999999956,0.4970588235294118,0.3885135135135136,0.5625,0.5555555555555554,0.40217391304347827,0.0,No Tournament,False,False,False,False,False,False,False,False,False,False,False,False,False,False,False,False,False,False,False,False,False,False,False,False,False,True,False,False,False,False,False,False
0.375,0.35820895522388063,0.5345744680851063,0.603591160220994,0.42593374129563194,0.5812500000000003,0.7361111111111116,0.4522613065326633,0.4305555555555558,0.3750000000000002,0.3059815950920246,0.647398843930636,0.681660899653979,0.29545454545454497,0.7735294117647058,0.9222972972972974,0.5546875,0.29166666666666696,0.40217391304347827,0.0,No Tournament,False,False,False,False,False,False,False,False,False,False,False,False,False,False,False,False,False,False,False,False,False,False,False,False,False,True,False,False,False,False,False,False
0.625,0.5074626865671642,0.5478723404255321,0.2941988950276242,0.7513188436378982,0.4500000000000002,0.2222222222222232,0.64321608040201,0.48611111111111116,0.4722222222222223,0.8397239263803682,0.7360308285163779,0.5986159169550171,0.44886363636363624,0.23235294117647065,0.4493243243243241,0.35156249999999956,0.25694444444444464,0.6684782608695653,0.0,No Tournament,False,False,False,False,False,False,False,False,False,False,False,False,False,False,False,False,False,False,False,False,False,False,False,False,False,False,True,False,False,False,False,False
0.5416666666666665,0.44776119402985076,0.6569148936170213,0.3687845303867401,0.7740029542097489,0.45625000000000027,0.44444444444444464,0.18090452261306544,0.6157407407407409,0.5925925925925926,0.5636503067484664,0.6165703275529868,0.7301038062283733,0.3125,0.38529411764705923,0.8412162162162162,0.5859375,0.625,0.5597826086956522,0.0,No Tournament,False,False,False,False,False,False,False,False,False,False,False,False,False,False,False,False,False,False,False,False,False,False,False,False,False,False,True,False,False,False,False,False
0.45833333333333304,0.2985074626865672,0.4148936170212765,0.46270718232044183,0.44017725258493345,0.3062499999999999,0.49305555555555625,0.5427135678391959,0.4490740740740742,0.4537037037037037,0.6986196319018403,0.7475915221579963,0.6332179930795845,0.21022727272727204,0.4970588235294118,0.45608108108108114,0.49999999999999956,0.729166666666667,0.4592391304347826,0.0,No Tournament,False,False,False,False,False,False,False,False,False,False,False,False,False,False,False,False,False,False,False,False,False,False,False,False,False,False,True,False,False,False,False,False
0.875,0.5970149253731344,0.670212765957447,0.20856353591160248,0.8901667018358302,0.3812500000000001,0.2291666666666674,0.25125628140703515,0.5231481481481484,0.6851851851851851,0.5268404907975459,0.689788053949904,0.4809688581314877,0.4715909090909087,0.1911764705882355,0.31418918918918903,0.46093749999999956,0.5486111111111116,0.6875,0.0,No Tournament,False,False,False,False,False,False,False,False,False,False,False,False,False,False,False,False,False,False,False,False,False,False,False,False,False,False,True,False,False,False,False,False
0.708333333333333,0.5671641791044776,0.6170212765957448,0.2969613259668509,0.8034395442076387,0.3562500000000002,0.14583333333333393,0.57286432160804,0.24537037037037046,0.662037037037037,0.5452453987730062,0.8439306358381506,0.667820069204152,0.2386363636363633,0.09705882352941186,0.6452702702702702,0.3671875,0.4097222222222223,0.6630434782608696,0.0,No Tournament,False,False,False,False,False,False,False,False,False,False,False,False,False,False,False,False,False,False,False,False,False,False,False,False,False,False,True,False,False,False,False,False
0.625,0.5373134328358209,0.7180851063829787,0.41022099447513805,0.7888795104452416,0.5437500000000002,0.5833333333333335,0.27135678391959783,0.5416666666666667,0.5416666666666667,0.5513803680981595,0.8246628131021199,0.4013840830449824,0.6477272727272725,0.5970588235294119,0.3682432432432434,0.515625,0.7569444444444455,0.6358695652173914,0.0,No Tournament,False,False,False,False,False,False,False,False,False,False,False,False,False,False,False,False,False,False,False,False,False,False,False,False,False,False,True,False,False,False,False,False
0.5416666666666665,0.5671641791044776,0.6968085106382982,0.4129834254143643,0.7691496096222832,0.3562500000000002,0.4375000000000009,0.3618090452261309,0.6620370370370372,0.7638888888888891,0.625,0.7591522157996149,0.6539792387543251,0.3352272727272725,0.36764705882352944,0.44256756756756754,0.5546875,0.5138888888888893,0.6467391304347827,0.0,No Tournament,False,False,False,False,False,False,False,False,False,False,False,False,False,False,False,False,False,False,False,False,False,False,False,False,False,False,True,False,False,False,False,False
0.45833333333333304,0.3880597014925373,0.6356382978723407,0.37154696132596676,0.757754800590842,0.5812500000000003,0.3819444444444451,0.4522613065326633,0.5138888888888888,0.5370370370370372,0.7354294478527605,0.3044315992292872,0.5017301038062281,0.6818181818181817,0.3735294117647059,0.41554054054054035,0.46093749999999956,0.5694444444444446,0.5163043478260869,0.0,No Tournament,False,False,False,False,False,False,False,False,False,False,False,False,False,False,False,False,False,False,False,False,False,False,False,False,False,False,True,False,False,False,False,False
0.45833333333333304,0.26865671641791045,0.4813829787234045,0.46823204419889475,0.5087571217556447,0.30000000000000027,0.3888888888888897,0.4522613065326633,0.28240740740740744,0.4027777777777779,0.5452453987730062,0.6936416184971101,0.6574394463667816,0.3977272727272725,0.40294117647058814,0.2533783783783785,0.40625,0.47916666666666696,0.4266304347826087,0.0,No Tournament,False,False,False,False,False,False,False,False,False,False,False,False,False,False,False,False,False,False,False,False,False,False,False,False,False,False,True,False,False,False,False,False
0.625,0.6865671641791045,0.6196808510638299,0.2665745856353592,0.8254906098332981,0.3812500000000001,0.2777777777777781,0.5427135678391959,0.6990740740740742,0.8981481481481481,0.5268404907975459,0.8323699421965323,0.5674740484429064,0.34090909090909083,0.10294117647058831,0.5506756756756754,0.578125,0.6388888888888893,0.7336956521739131,0.0,No Tournament,False,False,False,False,False,False,False,False,False,False,False,False,False,False,False,False,False,False,False,False,False,False,False,False,False,False,True,False,False,False,False,False
0.708333333333333,0.41791044776119407,0.6835106382978724,0.45165745856353556,0.7267355982274741,0.3500000000000001,0.3541666666666674,0.23115577889447247,0.4027777777777779,0.6481481481481484,0.8335889570552144,0.4816955684007709,0.5363321799307956,0.3863636363636358,0.3500000000000001,0.3682432432432434,0.453125,0.5555555555555554,0.5271739130434783,0.0,No Tournament,False,False,False,False,False,False,False,False,False,False,False,False,False,False,False,False,False,False,False,False,False,False,False,False,False,False,True,False,False,False,False,False
0.125,0.23880597014925373,0.3058510638297869,0.7223756906077341,0.13325596117324331,0.5062500000000001,0.7777777777777786,0.57286432160804,0.5787037037037037,0.2962962962962965,0.41027607361963203,0.7206165703275531,0.8546712802768164,0.4431818181818179,0.7676470588235298,0.6114864864864864,0.6640625,0.44444444444444464,0.2934782608695652,0.0,No Tournament,False,False,False,False,False,False,False,False,False,False,False,False,False,False,False,False,False,False,False,False,False,False,False,False,False,False,False,False,True,False,False,False
0.20833333333333304,0.1791044776119403,0.3989361702127656,0.8881215469613251,0.10814517830765982,0.46875,0.7222222222222223,0.6231155778894473,0.26388888888888906,0.6111111111111112,0.5452453987730062,0.7822736030828519,0.5847750865051902,0.3863636363636358,0.6088235294117648,0.6722972972972974,0.8046875000000004,0.7569444444444455,0.25,0.0,No Tournament,False,False,False,False,False,False,False,False,False,False,False,False,False,False,False,False,False,False,False,False,False,False,False,False,False,False,False,False,True,False,False,False
0.375,0.35820895522388063,0.40957446808510634,0.7499999999999996,0.1857986917071112,0.5062500000000001,0.5208333333333339,0.7638190954773869,0.3472222222222221,0.5324074074074077,0.6740797546012267,0.8978805394990368,0.5155709342560553,0.4943181818181812,0.4676470588235295,0.5574324324324325,0.6171875,0.6319444444444446,0.391304347826087,0.0,No Tournament,False,False,False,False,False,False,False,False,False,False,False,False,False,False,False,False,False,False,False,False,False,False,False,False,False,False,False,False,True,False,False,False
0.0,0.3880597014925373,0.3936170212765955,0.6919889502762429,0.2118590419919814,0.46875,0.6597222222222228,0.4321608040201006,0.48611111111111116,0.20370370370370394,0.48389570552147254,0.5356454720616572,0.5640138408304496,0.23295454545454541,0.6617647058823528,0.7871621621621623,0.5859375,0.4375,0.5135869565217391,0.0,No Tournament,False,False,False,False,False,False,False,False,False,False,False,False,False,False,False,False,False,False,False,False,False,False,False,False,False,False,False,False,True,False,False,False
0.04166666666666652,0.1791044776119403,0.27925531914893575,0.7499999999999996,0.10424140113948091,0.3125,0.5972222222222228,0.7035175879396987,0.5972222222222221,0.7083333333333333,0.6740797546012267,0.8092485549132951,0.8581314878892732,0.34659090909090917,0.6029411764705883,0.36148648648648685,0.5625,0.75,0.25271739130434784,0.0,No Tournament,False,False,False,False,False,False,False,False,False,False,False,False,False,False,False,False,False,False,False,False,False,False,False,False,False,False,False,False,True,False,False,False
0.04166666666666652,0.1791044776119403,0.3244680851063828,0.7969613259668504,0.10888373074488289,0.26875000000000027,0.6180555555555558,0.4221105527638189,0.29166666666666674,0.46296296296296324,0.7415644171779139,0.5626204238921004,0.5501730103806228,0.2443181818181812,0.5676470588235292,0.4020270270270272,0.6953125,0.5069444444444446,0.3016304347826087,0.0,No Tournament,False,False,False,False,False,False,False,False,False,False,False,False,False,False,False,False,False,False,False,False,False,False,False,False,False,False,False,False,True,False,False,False
0.125,0.1791044776119403,0.27925531914893575,0.7223756906077341,0.11658577759020891,0.16875000000000018,0.6597222222222228,0.6231155778894473,0.7824074074074072,0.7731481481481481,0.772239263803681,0.8323699421965323,0.7335640138408301,0.1818181818181812,0.6088235294117648,0.3547297297297298,0.671875,0.7430555555555562,0.23641304347826086,0.0,No Tournament,False,False,False,False,False,False,False,False,False,False,False,False,False,False,False,False,False,False,False,False,False,False,False,False,False,False,False,False,True,False,False,False
0.45833333333333304,0.208955223880597,0.1702127659574466,0.5953038674033149,0.11489765773369909,0.2937500000000002,0.5138888888888893,0.8542713567839197,0.48611111111111116,0.31944444444444464,0.8335889570552144,0.7244701348747593,0.6193771626297577,0.40340909090909083,0.4794117647058824,0.2466216216216215,0.5859375,0.541666666666667,0.23097826086956524,0.0,No Tournament,False,False,False,False,False,False,False,False,False,False,False,False,False,False,False,False,False,False,False,False,False,False,False,False,False,False,False,False,True,False,False,False
0.0,0.11940298507462685,0.42553191489361675,0.8991712707182313,0.11732433002743195,0.48750000000000027,0.8125000000000004,0.6030150753768844,0.5231481481481484,0.42592592592592604,1.0,0.5240847784200389,0.4948096885813147,0.5056818181818179,0.802941176470588,0.4763513513513513,0.6796875000000004,0.8472222222222232,0.2934782608695652,0.0,No Tournament,False,False,False,False,False,False,False,False,False,False,False,False,False,False,False,False,False,False,False,False,False,False,False,False,False,False,False,False,True,False,False,False
0.375,0.41791044776119407,0.43351063829787195,0.6008287292817678,0.3225364000844059,0.4312499999999999,0.5902777777777781,0.34170854271356776,0.5324074074074074,0.49537037037037046,0.17101226993865049,0.578034682080925,0.7958477508650514,0.4204545454545454,0.5735294117647061,0.46283783783783816,0.5625,0.4027777777777777,0.4429347826086957,0.0,No Tournament,False,False,False,False,False,False,False,False,False,False,False,False,False,False,False,False,False,False,False,False,False,False,False,False,False,False,False,False,True,False,False,False
0.45833333333333304,0.26865671641791045,0.3031914893617018,0.7306629834254137,0.12682000422029965,0.5437500000000002,0.6041666666666674,0.8040201005025127,0.5694444444444446,0.5231481481481481,0.7783742331288344,0.5934489402697496,0.695501730103806,0.4829545454545454,0.4911764705882353,0.625,0.7109375000000004,0.4861111111111116,0.2554347826086956,0.0,No Tournament,False,False,False,False,False,False,False,False,False,False,False,False,False,False,False,False,False,False,False,False,False,False,False,False,False,False,False,False,True,False,False,False
0.45833333333333304,0.6567164179104478,0.4228723404255317,0.4903314917127073,0.420447351761975,0.42500000000000027,0.3819444444444451,0.4221105527638189,0.8842592592592591,0.5925925925925926,0.753834355828221,0.620423892100193,0.7854671280276815,0.43181818181818166,0.32058823529411784,0.46283783783783816,0.53125,0.5069444444444446,0.6331521739130436,0.0,No Tournament,False,False,False,False,False,False,False,False,False,False,False,False,False,False,False,False,False,False,False,False,False,False,False,False,False,False,False,False,True,False,False,False
0.45833333333333304,0.44776119402985076,0.4627659574468086,0.49861878453038644,0.454420763874235,0.8312500000000003,0.5972222222222228,0.7336683417085428,0.9027777777777777,0.08796296296296324,0.6188650306748467,0.578034682080925,0.7439446366782003,0.7784090909090904,0.5147058823529411,0.7466216216216215,0.6875000000000004,0.0,0.40760869565217395,0.0,No Tournament,False,False,False,False,False,False,False,False,False,False,False,False,False,False,False,False,False,False,False,False,False,False,False,False,False,False,False,False,False,True,False,False
0.5416666666666665,0.6268656716417911,0.6808510638297873,0.6284530386740328,0.5545473728634733,0.7250000000000001,0.6597222222222228,0.38190954773869357,0.25462962962962954,0.46296296296296324,0.34279141104294486,0.4547206165703277,0.2837370242214532,0.47727272727272707,0.5323529411764709,0.8817567567567566,0.8046875000000004,0.5763888888888893,0.6114130434782609,0.0,No Tournament,False,False,False,False,False,False,False,False,False,False,False,False,False,False,False,False,False,False,False,False,False,False,False,False,False,False,False,False,False,True,False,False
0.45833333333333304,0.3283582089552239,0.34574468085106336,0.45441988950276224,0.37223042836041353,0.28125,0.5347222222222228,0.5427135678391959,0.4768518518518521,0.44444444444444464,0.44095092024539895,0.39691714836223513,0.5916955017301035,0.2840909090909087,0.5970588235294119,0.40878378378378377,0.42187499999999956,0.5277777777777777,0.3858695652173913,0.0,No Tournament,False,False,False,False,False,False,False,False,False,False,False,False,False,False,False,False,False,False,False,False,False,False,False,False,False,False,False,False,False,True,False,False
0.375,0.44776119402985076,0.6196808510638299,0.6118784530386736,0.5083350917915171,0.59375,0.6736111111111116,0.31155778894472363,0.6805555555555556,0.46296296296296324,0.6556748466257669,0.8092485549132951,0.5778546712802766,0.6818181818181817,0.6794117647058826,0.4290540540540544,0.5859375,1.0,0.4782608695652174,0.0,No Tournament,False,False,False,False,False,False,False,False,False,False,False,False,False,False,False,False,False,False,False,False,False,False,False,False,False,False,False,False,False,True,False,False
0.45833333333333304,0.5074626865671642,0.4069148936170208,0.3908839779005522,0.5098121966659633,0.46875,0.29861111111111205,0.27135678391959783,0.3657407407407407,0.34722222222222254,0.32438650306748484,0.4739884393063585,0.3460207612456747,0.4829545454545454,0.355882352941177,0.46283783783783816,0.31249999999999956,0.2361111111111116,0.4891304347826087,0.0,No Tournament,False,False,False,False,False,False,False,False,False,False,False,False,False,False,False,False,False,False,False,False,False,False,False,False,False,False,False,False,False,True,False,False
0.2916666666666665,0.3283582089552239,0.5744680851063833,0.5897790055248615,0.4836463388900611,0.5062500000000001,0.6041666666666674,0.38190954773869357,0.27314814814814814,0.46296296296296324,0.5575153374233128,0.578034682080925,0.38754325259515565,0.4204545454545454,0.5323529411764709,0.7263513513513513,0.703125,0.541666666666667,0.42934782608695654,0.0,No Tournament,False,False,False,False,False,False,False,False,False,False,False,False,False,False,False,False,False,False,False,False,False,False,False,False,False,False,False,False,False,True,False,False
0.375,0.3283582089552239,0.5292553191489362,0.6698895027624308,0.35439966237602866,0.5812500000000003,0.7500000000000009,0.29145728643216073,0.5601851851851851,0.31944444444444464,0.5697852760736195,0.3275529865125242,0.6608996539792384,0.5625,0.5735294117647061,0.6182432432432434,0.8906250000000004,0.6597222222222223,0.3695652173913044,0.0,No Tournament,False,False,False,False,False,False,False,False,False,False,False,False,False,False,False,False,False,False,False,False,False,False,False,False,False,False,False,False,False,True,False,False
0.0,0.1791044776119403,0.3909574468085104,0.5676795580110494,0.3100865161426461,0.4312499999999999,0.46527777777777857,0.47236180904522596,0.20833333333333326,0.3425925925925928,0.3734662576687118,0.40077071290944133,0.7128027681660896,0.30681818181818166,0.30882352941176494,0.7128378378378377,0.8359375000000004,0.45833333333333304,0.375,0.0,No Tournament,False,False,False,False,False,False,False,False,False,False,False,False,False,False,False,False,False,False,False,False,False,False,False,False,False,False,False,False,False,True,False,False
0.20833333333333304,0.26865671641791045,0.35904255319148914,0.7720994475138117,0.1406414855454737,0.2625000000000002,0.49305555555555625,0.4120603015075379,0.375,0.6250000000000002,0.66180981595092,0.647398843930636,0.6124567474048441,0.47727272727272707,0.6205882352941181,0.07770270270270285,0.28906249999999956,0.29166666666666696,0.27445652173913043,0.0,No Tournament,False,False,False,False,False,False,False,False,False,False,False,False,False,False,False,False,False,False,False,False,False,False,False,False,False,False,False,True,False,False,False,False
0.2916666666666665,0.3283582089552239,0.35106382978723394,0.6947513812154691,0.179784764718295,0.2124999999999999,0.5416666666666674,0.3718592964824119,0.49537037037037046,0.6157407407407407,0.5575153374233128,0.3892100192678227,0.802768166089965,0.17045454545454497,0.6147058823529412,0.40878378378378377,0.4140625,0.541666666666667,0.328804347826087,0.0,No Tournament,False,False,False,False,False,False,False,False,False,False,False,False,False,False,False,False,False,False,False,False,False,False,False,False,False,False,False,True,False,False,False,False
0.20833333333333304,0.35820895522388063,0.31914893617021267,0.714088397790055,0.14570584511500317,0.20000000000000018,0.5277777777777781,0.7638190954773869,0.4027777777777779,0.7731481481481481,0.6740797546012267,0.647398843930636,0.6193771626297577,0.26704545454545414,0.4382352941176473,0.2398648648648649,0.671875,0.3125,0.37228260869565216,0.0,No Tournament,False,False,False,False,False,False,False,False,False,False,False,False,False,False,False,False,False,False,False,False,False,False,False,False,False,False,False,True,False,False,False,False
0.625,0.208955223880597,0.0797872340425525,0.6616022099447507,0.047794893437434066,0.1625000000000001,0.40277777777777857,0.9999999999999998,0.6712962962962963,0.44444444444444464,1.0,0.3275529865125242,1.0,0.23295454545454541,0.4970588235294118,0.20608108108108114,0.30468749999999956,0.2638888888888884,0.20108695652173908,0.0,No Tournament,False,False,False,False,False,False,False,False,False,False,False,False,False,False,False,False,False,False,False,False,False,False,False,False,False,False,False,True,False,False,False,False
0.20833333333333304,0.08955223880597014,0.029255319148935754,0.6864640883977895,0.02711542519518886,0.08749999999999991,0.5138888888888893,0.8241206030150752,0.6527777777777777,0.3148148148148149,0.7108895705521472,0.8709055876685938,0.6782006920415222,0.26704545454545414,0.6088235294117648,0.010135135135135087,0.3671875,0.3402777777777777,0.1494565217391305,0.0,No Tournament,False,False,False,False,False,False,False,False,False,False,False,False,False,False,False,False,False,False,False,False,False,False,False,False,False,False,False,True,False,False,False,False
0.708333333333333,0.5074626865671642,0.2473404255319145,0.4267955801104968,0.29436589997889845,0.20625000000000027,0.14583333333333393,0.4321608040201006,0.7175925925925926,0.6574074074074074,0.45935582822085896,0.33911368015414256,0.9100346020761243,0.2727272727272725,0.2029411764705884,0.2398648648648649,0.24218749999999956,0.43055555555555536,0.3940217391304348,0.0,No Tournament,False,False,False,False,False,False,False,False,False,False,False,False,False,False,False,False,False,False,False,False,False,False,False,False,False,False,False,True,False,False,False,False
0.7916666666666665,0.208955223880597,0.14361702127659548,0.700276243093922,0.060983329816416965,0.03750000000000009,0.5277777777777781,0.5025125628140703,0.5972222222222221,0.41666666666666696,0.8397239263803682,0.37379576107899815,0.46366782006920415,0.07954545454545414,0.7852941176470591,0.20608108108108114,0.14843749999999956,0.7083333333333339,0.09782608695652173,0.0,No Tournament,False,False,False,False,False,False,False,False,False,False,False,False,False,False,False,False,False,False,False,False,False,False,False,False,False,False,False,True,False,False,False,False
0.45833333333333304,0.1791044776119403,0.09308510638297829,0.5925414364640877,0.0760709010339734,0.0,0.5069444444444451,0.8341708542713568,0.9675925925925926,0.5833333333333335,0.944018404907975,0.5703275529865126,0.8858131487889269,0.08522727272727249,0.697058823529412,0.0033783783783785104,0.17187499999999956,0.5347222222222223,0.1875,0.0,No Tournament,False,False,False,False,False,False,False,False,False,False,False,False,False,False,False,False,False,False,False,False,False,False,False,False,False,False,False,True,False,False,False,False
0.625,0.5074626865671642,0.5372340425531914,0.6367403314917124,0.39691918126186954,0.5874999999999999,0.40277777777777857,0.5829145728643217,0.26388888888888906,0.7962962962962963,0.45935582822085896,0.7668593448940273,0.09688581314878897,0.6647727272727271,0.44411764705882373,0.44256756756756754,0.39843749999999956,0.44444444444444464,0.4755434782608696,0.0,No Tournament,False,False,False,False,False,False,False,False,False,False,False,False,False,False,False,False,False,False,False,False,False,False,False,False,False,False,False,True,False,False,False,False
0.2916666666666665,0.0,0.1595744680851059,0.74171270718232,0.05486389533656891,0.012500000000000178,0.7708333333333339,0.693467336683417,0.5601851851851851,0.5277777777777779,0.7661042944785272,0.25048169556840083,0.7543252595155707,0.017045454545454142,0.6264705882352941,0.192567567567568,0.8046875000000004,0.5833333333333339,0.10869565217391308,0.0,No Tournament,False,False,False,False,False,False,False,False,False,False,False,False,False,False,False,False,False,False,False,False,False,False,False,False,False,False,False,False,False,False,True,False
0.5416666666666665,0.7164179104477612,0.4867021276595742,0.41574585635359096,0.5715340789196033,0.4624999999999999,0.3263888888888897,0.34170854271356776,0.5694444444444446,0.6435185185185186,0.391871165644172,0.7668593448940273,0.46020761245674735,0.43749999999999956,0.42647058823529393,0.5641891891891895,0.25781249999999956,0.520833333333333,0.657608695652174,0.0,No Tournament,False,False,False,False,False,False,False,False,False,False,False,False,False,False,False,False,False,False,False,False,False,False,False,False,False,False,False,False,False,False,True,False
0.5416666666666665,0.5970149253731344,0.43882978723404253,0.28314917127071837,0.6603713863684321,0.48750000000000027,0.09722222222222276,0.6733668341708541,0.3009259259259258,0.8287037037037037,0.2569018404907979,0.5895953757225434,0.22837370242214516,0.5738636363636362,0.06764705882352917,0.3547297297297298,0.39843749999999956,0.30555555555555536,0.5733695652173914,0.0,No Tournament,False,False,False,False,False,False,False,False,False,False,False,False,False,False,False,False,False,False,False,False,False,False,False,False,False,False,False,False,False,False,True,False
0.375,0.35820895522388063,0.24468085106382942,0.5317679558011048,0.20341844270943238,0.3187500000000001,0.3958333333333339,0.964824120603015,0.5509259259259258,0.6666666666666667,0.6372699386503067,0.554913294797688,0.45328719723183375,0.23295454545454541,0.38529411764705923,0.5574324324324325,0.42968749999999956,0.3263888888888893,0.3804347826086957,0.0,No Tournament,False,False,False,False,False,False,False,False,False,False,False,False,False,False,False,False,False,False,False,False,False,False,False,False,False,False,False,False,False,False,True,False
0.20833333333333304,0.23880597014925373,0.4547872340425534,0.6892265193370162,0.2670394598016459,0.3999999999999999,0.47916666666666696,0.5929648241206029,0.3935185185185184,0.675925925925926,0.6311349693251533,0.5279383429672448,0.7716262975778545,0.2784090909090904,0.4558823529411766,0.6452702702702702,0.5234375,0.3541666666666661,0.3342391304347826,0.0,No Tournament,False,False,False,False,False,False,False,False,False,False,False,False,False,False,False,False,False,False,False,False,False,False,False,False,False,False,False,False,False,False,True,False
0.125,0.11940298507462685,0.2473404255319145,0.8218232044198892,0.06393753956530913,0.30000000000000027,0.6041666666666674,0.4221105527638189,0.1342592592592593,0.22685185185185208,0.9072085889570549,0.3082851637764934,0.32179930795847733,0.28977272727272707,0.6323529411764706,0.3952702702702706,0.515625,0.4513888888888893,0.22282608695652173,0.0,No Tournament,False,False,False,False,False,False,False,False,False,False,False,False,False,False,False,False,False,False,False,False,False,False,False,False,False,False,False,False,False,False,True,False
0.125,0.23880597014925373,0.38829787234042534,0.6671270718232041,0.22620806077231484,0.3875000000000002,0.4513888888888893,0.3919597989949748,0.337962962962963,0.22222222222222232,0.6188650306748467,0.49710982658959546,0.5501730103806228,0.3238636363636358,0.5382352941176469,0.49662162162162193,0.32812499999999956,0.9236111111111116,0.3532608695652174,0.0,No Tournament,False,False,False,False,False,False,False,False,False,False,False,False,False,False,False,False,False,False,False,False,False,False,False,False,False,False,False,False,False,False,True,False
0.875,0.7164179104477612,0.7234042553191493,0.3439226519337013,0.8395231061405359,0.65625,0.3402777777777781,0.23115577889447247,0.4490740740740742,0.6064814814814816,0.263036809815951,0.5279383429672448,0.3494809688581313,0.5454545454545454,0.34411764705882364,0.7533783783783785,0.4140625,0.8611111111111125,0.6440217391304348,0.0,No Tournament,False,False,False,False,False,False,False,False,False,False,False,False,False,False,False,False,False,False,False,False,False,False,False,False,False,False,False,False,False,False,False,True
0.375,0.35820895522388063,0.49734042553191493,0.5787292817679552,0.4123232749525216,0.3187500000000001,0.7013888888888893,0.27135678391959783,0.6712962962962963,0.5,0.66180981595092,0.2620423892100192,0.72318339100346,0.28977272727272707,0.6147058823529412,0.4493243243243241,0.7265625000000004,0.44444444444444464,0.44021739130434784,0.0,No Tournament,False,False,False,False,False,False,False,False,False,False,False,False,False,False,False,False,False,False,False,False,False,False,False,False,False,False,False,False,False,False,False,True
0.04166666666666652,0.14925373134328357,0.40159574468085113,0.5013812154696131,0.3859464021945558,0.4125000000000001,0.46527777777777857,0.6331658291457287,0.3287037037037037,0.4814814814814816,0.5329754601226995,0.647398843930636,0.951557093425605,0.4943181818181812,0.355882352941177,0.33445945945945965,0.6406250000000004,0.3888888888888884,0.33967391304347827,0.0,No Tournament,False,False,False,False,False,False,False,False,False,False,False,False,False,False,False,False,False,False,False,False,False,False,False,False,False,False,False,False,False,False,False,True
0.45833333333333304,0.4776119402985075,0.5531914893617018,0.4709944751381214,0.5831399029331082,0.4125000000000001,0.44444444444444464,0.25125628140703515,0.29166666666666674,0.5648148148148149,0.5452453987730062,0.7514450867052027,0.3321799307958475,0.43749999999999956,0.5323529411764709,0.45608108108108114,0.32812499999999956,0.44444444444444464,0.5489130434782609,0.0,No Tournament,False,False,False,False,False,False,False,False,False,False,False,False,False,False,False,False,False,False,False,False,False,False,False,False,False,False,False,False,False,False,False,True
0.45833333333333304,0.2985074626865672,0.6063829787234041,0.6505524861878449,0.45600337623971293,0.46875,0.6250000000000004,0.33165829145728654,0.5046296296296295,0.5833333333333335,0.8151840490797544,0.37764932562620435,0.6782006920415222,0.3636363636363633,0.4852941176470589,0.6114864864864864,0.7890625000000004,0.75,0.35054347826086957,0.0,No Tournament,False,False,False,False,False,False,False,False,False,False,False,False,False,False,False,False,False,False,False,False,False,False,False,False,False,False,False,False,False,False,False,True
0.708333333333333,0.8059701492537313,0.8723404255319149,0.35773480662983426,0.9035661531968769,1.0,0.19444444444444553,0.19095477386934667,0.23611111111111116,0.5416666666666667,0.35506134969325154,0.2851637764932562,0.07958477508650519,0.8977272727272725,0.2147058823529413,0.929054054054054,0.3359375,0.03472222222222143,0.7391304347826088,0.0,No Tournament,False,False,False,False,False,False,False,False,False,False,False,False,False,False,False,False,False,False,False,False,False,False,False,False,False,False,False,False,False,False,False,True
0.2916666666666665,0.208955223880597,0.21276595744680815,0.42403314917127055,0.26134205528592525,0.17500000000000027,0.4583333333333339,0.7135678391959799,0.412037037037037,0.3657407407407409,0.48389570552147254,0.4739884393063585,0.7024221453287196,0.3125,0.40882352941176503,0.1317567567567568,0.6093750000000004,0.3472222222222223,0.3179347826086957,0.0,No Tournament,False,False,False,False,False,False,False,False,False,False,False,False,False,False,False,False,False,False,False,False,False,False,False,False,False,False,False,False,False,False,False,True
0.2916666666666665,0.3880597014925373,0.5505319148936172,0.6616022099447507,0.38425828233804593,0.4750000000000001,0.5763888888888897,0.4321608040201006,0.28240740740740744,0.7083333333333333,0.5697852760736195,0.6743737957610794,0.4844290657439443,0.44886363636363624,0.39117647058823524,0.5304054054054057,0.7968750000000004,0.6319444444444446,0.4565217391304348,0.0,No Tournament,False,False,False,False,False,False,False,False,False,False,False,False,False,False,False,False,False,False,False,False,False,False,False,False,False,False,False,False,False,False,False,True
0.375,0.26865671641791045,0.43351063829787195,0.5953038674033149,0.32886684954631773,0.34375,0.5138888888888893,0.34170854271356776,0.3472222222222221,0.29166666666666674,0.5575153374233128,0.4701348747591523,0.5190311418685118,0.26136363636363624,0.5441176470588234,0.5101351351351351,0.46874999999999956,0.3125,0.36141304347826086,0.0,No Tournament,False,False,False,False,False,False,False,False,False,False,False,False,False,False,False,False,False,False,False,False,False,False,False,False,False,False,False,False,False,False,False,True
0.875,0.8059701492537313,0.7819148936170217,0.3301104972375688,0.8792994302595484,0.5500000000000003,0.3263888888888897,0.08040201005025138,0.29166666666666674,0.4722222222222223,0.29984662576687127,0.6088631984585744,0.11072664359861584,0.6647727272727271,0.473529411764706,0.3682432432432434,0.21093749999999956,0.6180555555555562,0.7771739130434783,0.0,Made Tournament,True,False,False,False,False,False,False,False,False,False,False,False,False,False,False,False,False,False,False,False,False,False,False,False,False,False,False,False,False,False,False,False
0.875,0.7164179104477612,0.7260638297872339,0.2361878453038675,0.9015615108672715,0.5375000000000001,0.40277777777777857,0.2814070351758795,0.7824074074074072,0.6990740740740742,0.41641104294478537,0.40847784200385373,0.5190311418685118,0.5397727272727271,0.4382352941176473,0.5371621621621623,0.4140625,0.5763888888888893,0.6820652173913044,0.0,Made Tournament,True,False,False,False,False,False,False,False,False,False,False,False,False,False,False,False,False,False,False,False,False,False,False,False,False,False,False,False,False,False,False,False
0.875,0.7164179104477612,0.6835106382978724,0.2140883977900554,0.8932264190757543,0.5687500000000001,0.07638888888888973,0.2814070351758795,0.48611111111111116,0.4861111111111114,0.5023006134969326,0.3082851637764934,0.4705882352941173,0.5284090909090904,0.050000000000000266,0.625,0.32812499999999956,0.3402777777777777,0.7173913043478262,0.0,Made Tournament,False,False,False,False,True,False,False,False,False,False,False,False,False,False,False,False,False,False,False,False,False,False,False,False,False,False,False,False,False,False,False,False
0.625,0.6268656716417911,0.7872340425531918,0.2803867403314917,0.9059928254906098,0.5562499999999999,0.3194444444444451,0.1306532663316584,0.5416666666666667,0.6388888888888888,0.6372699386503067,0.4393063583815029,0.11072664359861584,0.4602272727272725,0.44411764705882373,0.685810810810811,0.22656249999999956,0.541666666666667,0.7391304347826088,0.0,Made Tournament,False,False,False,False,False,True,False,False,False,False,False,False,False,False,False,False,False,False,False,False,False,False,False,False,False,False,False,False,False,False,False,False
0.625,0.6268656716417911,0.8882978723404258,0.35773480662983426,0.9108461700780756,0.6375000000000002,0.4375000000000009,0.10050251256281406,0.5231481481481484,0.6527777777777779,0.4041411042944787,0.6820809248554915,0.4844290657439443,0.5284090909090904,0.4676470588235295,0.814189189189189,0.42187499999999956,0.5,0.7391304347826088,0.0,Made Tournament,False,False,False,False,False,False,False,True,False,False,False,False,False,False,False,False,False,False,False,False,False,False,False,False,False,False,False,False,False,False,False,False
0.7916666666666665,0.6865671641791045,0.6356382978723407,0.26933701657458586,0.8363578814095801,0.3500000000000001,0.40972222222222276,0.2613065326633166,0.7083333333333335,0.5694444444444444,0.5759202453987731,0.6050096339113682,0.2145328719723183,0.4204545454545454,0.5088235294117647,0.3277027027027031,0.30468749999999956,0.5069444444444446,0.7771739130434783,0.0,Made Tournament,False,False,False,False,False,False,False,True,False,False,False,False,False,False,False,False,False,False,False,False,False,False,False,False,False,False,False,False,False,False,False,False
0.708333333333333,0.8059701492537313,0.8563829787234045,0.23895027624309417,0.9456636421185904,0.5625,0.3055555555555558,0.3919597989949748,0.587962962962963,0.7916666666666667,0.31211656441717817,0.7745664739884397,0.408304498269896,0.5227272727272725,0.4382352941176473,0.6114864864864864,0.21093749999999956,0.7222222222222232,0.8940217391304348,0.0,Made Tournament,False,False,False,False,False,False,False,True,False,False,False,False,False,False,False,False,False,False,False,False,False,False,False,False,False,False,False,False,False,False,False,False
0.5416666666666665,0.746268656716418,0.5877659574468086,0.2582872928176796,0.8101920236336779,0.59375,0.1041666666666674,0.46231155778894495,0.6342592592592593,0.5694444444444444,0.3366564417177915,0.9171483622350678,0.6366782006920413,0.7670454545454546,0.2147058823529413,0.33445945945945965,0.12499999999999911,0.6527777777777786,0.7065217391304348,0.0,Made Tournament,False,False,False,False,False,False,False,False,False,False,True,False,False,False,False,False,False,False,False,False,False,False,False,False,False,False,False,False,False,False,False,False
0.625,0.6567164179104478,0.5079787234042552,0.38259668508287303,0.6286136315678412,0.5812500000000003,0.41666666666666696,0.3618090452261309,0.5972222222222221,0.4907407407407409,0.2937116564417179,0.51252408477842,0.7128027681660896,0.4090909090909087,0.40294117647058814,0.8074324324324325,0.4921875,0.4513888888888893,0.5978260869565217,0.0,Made Tournament,False,False,False,False,False,False,False,False,False,False,False,False,True,False,False,False,False,False,False,False,False,False,False,False,False,False,False,False,False,False,False,False
0.2916666666666665,0.6268656716417911,0.646276595744681,0.2748618784530388,0.8380460012660899,0.6125000000000003,0.2291666666666674,0.64321608040201,0.4490740740740742,0.9814814814814814,0.20782208588957074,0.7745664739884397,0.3979238754325256,0.6136363636363633,0.25588235294117645,0.5912162162162162,0.3359375,0.33333333333333304,0.6820652173913044,0.0,Made Tournament,False,False,False,False,False,False,False,False,False,False,False,False,False,False,True,False,False,False,False,False,False,False,False,False,False,False,False,False,False,False,False,False
0.7916666666666665,0.6268656716417911,0.6622340425531918,0.30524861878453047,0.8274952521629035,0.6750000000000003,0.36805555555555625,0.17085427135678377,0.5138888888888888,0.0,0.39800613496932513,0.4816955684007709,0.10380622837370235,0.607954545454545,0.4558823529411766,0.6722972972972974,0.31249999999999956,0.11805555555555536,0.6277173913043479,0.0,Made Tournament,False,False,False,False,False,False,False,False,False,False,False,False,False,False,False,False,False,False,True,False,False,False,False,False,False,False,False,False,False,False,False,False
0.708333333333333,0.7164179104477612,0.6781914893617023,0.059392265193370264,0.9553703312935219,0.40625,0.09027777777777857,0.12060301507537674,0.949074074074074,0.6296296296296298,0.16487730061349737,0.6088631984585744,0.816608996539792,0.48863636363636376,0.055882352941176716,0.34121621621621623,0.3359375,0.33333333333333304,0.6902173913043479,0.0,Made Tournament,False,False,False,False,False,False,False,False,False,False,False,False,False,False,False,False,False,False,True,False,False,False,False,False,False,False,False,False,False,False,False,False
0.7916666666666665,0.746268656716418,0.8244680851063833,0.32182320441988965,0.9011394809031441,0.7937500000000002,0.3194444444444451,0.47236180904522596,0.21759259259259278,0.5138888888888891,0.4225460122699387,0.6281310211946052,0.04152249134948094,0.8465909090909092,0.19705882352941195,0.6114864864864864,0.6796875000000004,0.3402777777777777,0.8369565217391305,0.0,Made Tournament,False,False,False,False,False,False,False,False,False,False,False,False,False,False,False,False,False,False,False,False,False,False,True,False,False,False,False,False,False,False,False,False
0.625,0.8059701492537313,0.6063829787234041,0.30524861878453047,0.7877189280438911,0.59375,0.1736111111111116,0.21105527638190957,0.7453703703703705,0.39814814814814836,0.5268404907975459,0.38150289017341055,0.570934256055363,0.4715909090909087,0.2676470588235298,0.7398648648648649,0.1953124999999991,0.12499999999999911,0.7418478260869565,0.0,Made Tournament,False,False,False,False,False,False,False,False,False,False,False,False,False,False,False,False,False,False,False,False,False,False,False,False,True,False,False,False,False,False,False,False
0.875,0.7761194029850746,1.0,0.2610497237569058,0.9760497995357671,0.6937500000000001,0.07638888888888973,0.27135678391959783,0.46759259259259256,0.8981481481481481,0.6740797546012267,0.624277456647399,0.6574394463667816,0.6988636363636362,0.09117647058823541,0.631756756756757,0.32812499999999956,0.43055555555555536,0.8206521739130436,0.0,Made Tournament,False,False,False,False,False,False,False,False,False,False,False,False,False,False,False,False,False,False,False,False,False,False,False,False,False,False,True,False,False,False,False,False
0.375,0.6865671641791045,0.6781914893617023,0.29972375690607755,0.8407891960329184,0.7749999999999999,0.4236111111111116,0.4221105527638189,1.0,0.712962962962963,0.6004601226993864,0.48940269749518306,0.6366782006920413,0.7897727272727271,0.5029411764705887,0.6520270270270272,0.34374999999999956,0.43055555555555536,0.6521739130434783,0.0,Made Tournament,False,False,False,False,False,False,False,False,False,False,False,False,False,False,False,False,False,False,False,False,False,False,False,False,False,False,False,False,True,False,False,False
0.625,0.7164179104477612,0.5505319148936172,0.1919889502762433,0.8354083139902932,0.5750000000000002,0.24305555555555625,0.512562814070352,0.46759259259259256,0.4907407407407409,0.2016871165644174,0.7398843930635839,0.38062283737024205,0.6193181818181817,0.15000000000000036,0.4831081081081079,0.5078125,0.4513888888888893,0.75,0.0,Made Tournament,True,False,False,False,False,False,False,False,False,False,False,False,False,False,False,False,False,False,False,False,False,False,False,False,False,False,False,False,False,False,False,False
0.5416666666666665,0.5671641791044776,0.7739361702127665,0.3107734806629838,0.8855243722304283,0.5437500000000002,0.4583333333333339,0.40201005025125625,0.3657407407407407,0.8703703703703702,0.4041411042944787,0.5587668593448942,0.36678200692041507,0.5568181818181817,0.42647058823529393,0.5236486486486487,0.546875,0.2986111111111107,0.7336956521739131,0.0,Made Tournament,False,True,False,False,False,False,False,False,False,False,False,False,False,False,False,False,False,False,False,False,False,False,False,False,False,False,False,False,False,False,False,False
0.45833333333333304,0.6865671641791045,0.5265957446808507,0.37430939226519344,0.6556235492719983,0.6125000000000003,0.2916666666666674,0.38190954773869357,0.5046296296296295,0.7731481481481481,0.31211656441717817,0.40847784200385373,0.20069204152249132,0.5738636363636362,0.2735294117647058,0.6722972972972974,0.4453125,0.4027777777777777,0.6548913043478262,0.0,Made Tournament,False,False,True,False,False,False,False,False,False,False,False,False,False,False,False,False,False,False,False,False,False,False,False,False,False,False,False,False,False,False,False,False
0.625,0.6268656716417911,0.670212765957447,0.21685082872928207,0.8856298797214602,0.4312499999999999,0.15277777777777857,0.2814070351758795,0.6805555555555556,0.8611111111111112,0.5943251533742331,0.4470134874759155,0.17993079584775074,0.40340909090909083,0.008823529411764675,0.5101351351351351,0.5703125000000004,0.2777777777777777,0.6929347826086957,0.0,Made Tournament,False,False,False,False,True,False,False,False,False,False,False,False,False,False,False,False,False,False,False,False,False,False,False,False,False,False,False,False,False,False,False,False
0.625,0.5970149253731344,0.5718085106382977,0.32458563535911633,0.7440388267566997,0.2875000000000001,0.20833333333333393,0.03015075376884435,0.3009259259259258,0.5092592592592595,0.5391104294478528,0.19267822736030826,0.23875432525951545,0.2443181818181812,0.30294117647058805,0.43581081081081097,0.21874999999999956,0.3125,0.6820652173913044,0.0,Made Tournament,False,False,False,False,True,False,False,False,False,False,False,False,False,False,False,False,False,False,False,False,False,False,False,False,False,False,False,False,False,False,False,False
0.45833333333333304,0.4776119402985075,0.4813829787234045,0.46270718232044183,0.513821481325174,0.5687500000000001,0.29861111111111205,0.3718592964824119,0.27314814814814814,0.6296296296296298,0.4041411042944787,0.6050096339113682,0.46712802768166073,0.6193181818181817,0.4205882352941175,0.46959459459459474,0.21874999999999956,0.41666666666666696,0.4565217391304348,0.0,Made Tournament,False,False,False,True,False,False,False,False,False,False,False,False,False,False,False,False,False,False,False,False,False,False,False,False,False,False,False,False,False,False,False,False
0.7916666666666665,0.6268656716417911,0.7606382978723407,0.37983425414364635,0.837096433846803,0.7562500000000001,0.5555555555555558,0.10050251256281406,0.45833333333333326,0.31018518518518534,0.3366564417177915,0.23892100192678223,0.17993079584775074,0.6818181818181817,0.585294117647059,0.7263513513513513,0.4921875,0.2986111111111107,0.7065217391304348,0.0,Made Tournament,False,False,False,False,False,True,False,False,False,False,False,False,False,False,False,False,False,False,False,False,False,False,False,False,False,False,False,False,False,False,False,False
0.7916666666666665,0.835820895522388,1.0,0.28591160220994505,0.9666596328339312,0.8687499999999999,0.0,0.4120603015075379,0.1157407407407407,0.8796296296296298,0.20782208588957074,0.323699421965318,0.4256055363321798,0.6136363636363633,0.03235294117647092,1.0,0.20312499999999956,0.3888888888888884,0.8804347826086958,0.0,Made Tournament,False,False,False,False,False,True,False,False,False,False,False,False,False,False,False,False,False,False,False,False,False,False,False,False,False,False,False,False,False,False,False,False
0.7916666666666665,0.746268656716418,0.8617021276595747,0.2140883977900554,0.9548427938383625,0.7000000000000002,0.06250000000000044,0.4221105527638189,0.06944444444444442,0.7824074074074074,0.15260736196319047,0.531791907514451,0.21799307958477498,0.6931818181818179,0.10294117647058831,0.6385135135135136,0.23437499999999956,0.47916666666666696,0.8043478260869565,0.0,Made Tournament,False,False,False,False,False,True,False,False,False,False,False,False,False,False,False,False,False,False,False,False,False,False,False,False,False,False,False,False,False,False,False,False
0.625,0.5970149253731344,0.917553191489362,0.37430939226519344,0.913483857353872,0.5750000000000002,0.5416666666666674,0.512562814070352,0.6342592592592593,1.0,0.48389570552147254,0.6551059730250484,0.5813148788927334,0.5227272727272725,0.4676470588235295,0.685810810810811,0.6640625,0.375,0.7798913043478262,0.0,Made Tournament,False,False,False,False,False,False,True,False,False,False,False,False,False,False,False,False,False,False,False,False,False,False,False,False,False,False,False,False,False,False,False,False
0.625,0.5671641791044776,0.7287234042553195,0.2748618784530388,0.8821481325174088,0.4375,0.29861111111111205,0.19095477386934667,0.5138888888888888,0.5833333333333335,0.6802147239263803,0.689788053949904,0.5743944636678198,0.44886363636363624,0.2735294117647058,0.46283783783783816,0.4765625,0.2986111111111107,0.7717391304347827,0.0,Made Tournament,False,False,False,False,False,False,True,False,False,False,False,False,False,False,False,False,False,False,False,False,False,False,False,False,False,False,False,False,False,False,False,False
0.5416666666666665,0.5373134328358209,0.7526595744680851,0.36602209944751385,0.8399451361046634,0.4750000000000001,0.43055555555555625,0.4321608040201006,0.5601851851851851,0.6111111111111112,0.6986196319018403,0.7938342967244705,0.38408304498269885,0.48863636363636376,0.355882352941177,0.49662162162162193,0.5625,0.3611111111111116,0.720108695652174,0.0,Made Tournament,False,False,False,False,False,False,True,False,False,False,False,False,False,False,False,False,False,False,False,False,False,False,False,False,False,False,False,False,False,False,False,False
0.7916666666666665,0.746268656716418,0.7978723404255321,0.13121546961325992,0.9632833931209115,0.4624999999999999,0.34722222222222276,0.6532663316582916,1.0,1.0,0.37960122699386534,0.9479768786127172,1.0,0.5511363636363633,0.38529411764705923,0.3547297297297298,0.3671875,0.6180555555555562,0.8858695652173914,0.0,Made Tournament,False,False,False,False,False,False,True,False,False,False,False,False,False,False,False,False,False,False,False,False,False,False,False,False,False,False,False,False,False,False,False,False
0.708333333333333,0.7164179104477612,0.6914893617021276,0.15883977900552537,0.9229795315467397,0.4624999999999999,0.13888888888888928,0.5929648241206029,0.6064814814814814,0.7685185185185186,0.60659509202454,0.7244701348747593,0.4152249134948094,0.4659090909090904,0.1852941176470586,0.5033783783783785,0.25781249999999956,0.5833333333333339,0.828804347826087,0.0,Made Tournament,False,False,False,False,False,False,False,True,False,False,False,False,False,False,False,False,False,False,False,False,False,False,False,False,False,False,False,False,False,False,False,False
0.5416666666666665,0.6567164179104478,0.4494680851063828,0.38259668508287303,0.5626714496729267,0.7562500000000001,0.2777777777777781,0.613065326633166,0.24537037037037046,0.36111111111111116,0.2875766871165646,0.9287090558766864,0.21799307958477498,0.8352272727272725,0.23823529411764754,0.5574324324324325,0.5625,0.39583333333333304,0.5842391304347826,0.0,Made Tournament,False,False,False,False,False,False,False,False,True,False,False,False,False,False,False,False,False,False,False,False,False,False,False,False,False,False,False,False,False,False,False,False
0.5416666666666665,0.5671641791044776,0.43617021276595747,0.37983425414364635,0.5508546106773581,0.4500000000000002,0.40972222222222276,0.512562814070352,0.8564814814814814,0.6250000000000002,0.5145705521472392,0.7784200385356457,0.38754325259515565,0.5454545454545454,0.6441176470588239,0.3277027027027031,0.09374999999999956,0.625,0.5135869565217391,0.0,Made Tournament,False,False,False,False,False,False,False,False,False,True,False,False,False,False,False,False,False,False,False,False,False,False,False,False,False,False,False,False,False,False,False,False
0.45833333333333304,0.6567164179104478,0.6569148936170213,0.4212707182320443,0.7301118379404937,0.5500000000000003,0.28472222222222276,0.2412060301507537,0.6435185185185184,0.6481481481481484,0.5636503067484664,0.5394990366088634,1.0,0.5909090909090908,0.2911764705882356,0.4831081081081079,0.42968749999999956,0.645833333333333,0.6657608695652174,0.0,Made Tournament,False,False,False,False,False,False,False,False,False,False,False,True,False,False,False,False,False,False,False,False,False,False,False,False,False,False,False,False,False,False,False,False
0.708333333333333,0.5970149253731344,0.5877659574468086,0.5124309392265194,0.576387423507069,0.4624999999999999,0.5625000000000004,0.23115577889447247,0.7546296296296298,0.5925925925925926,0.6802147239263803,0.7938342967244705,0.4844290657439443,0.44886363636363624,0.5205882352941176,0.5236486486486487,0.6171875,1.0,0.5625,0.0,Made Tournament,False,False,False,False,False,False,False,False,False,False,False,False,False,True,False,False,False,False,False,False,False,False,False,False,False,False,False,False,False,False,False,False
0.625,0.6268656716417911,0.646276595744681,0.45441988950276224,0.6917071112048956,0.7124999999999999,0.37500000000000044,0.4120603015075379,0.5787037037037037,0.5138888888888891,0.6188650306748467,0.4161849710982659,0.5017301038062281,0.6761363636363633,0.28529411764705914,0.6587837837837838,0.578125,0.7361111111111116,0.5869565217391305,0.0,Made Tournament,False,False,False,False,False,False,False,False,False,False,False,False,False,False,False,True,False,False,False,False,False,False,False,False,False,False,False,False,False,False,False,False
0.708333333333333,0.5373134328358209,0.5398936170212765,0.46270718232044183,0.5781810508546107,0.4500000000000002,0.44444444444444464,0.5326633165829147,0.4398148148148149,0.6342592592592593,0.477760736196319,0.7707129094412335,0.5536332179930792,0.47727272727272707,0.44999999999999973,0.43581081081081097,0.46093749999999956,0.7569444444444455,0.5271739130434783,0.0,Made Tournament,False,False,False,False,False,False,False,False,False,False,False,False,False,False,False,False,True,False,False,False,False,False,False,False,False,False,False,False,False,False,False,False
0.45833333333333304,0.5671641791044776,0.3563829787234041,0.603591160220994,0.2478370964338468,0.26875000000000027,0.36111111111111205,0.522613065326633,0.3472222222222221,0.7592592592592593,0.38573619631901845,0.7591522157996149,0.4809688581314877,0.3806818181818179,0.3735294117647059,0.21959459459459474,0.42187499999999956,0.6875000000000009,0.5135869565217391,0.0,Made Tournament,False,False,False,False,False,False,False,False,False,False,False,False,False,False,False,False,False,True,False,False,False,False,False,False,False,False,False,False,False,False,False,False
0.625,0.6567164179104478,0.5718085106382977,0.3991712707182318,0.6731377927832876,0.375,0.37500000000000044,0.16080402010050254,0.7453703703703705,0.550925925925926,0.5391104294478528,0.620423892100193,0.8512110726643596,0.3636363636363633,0.42647058823529393,0.4831081081081079,0.35937499999999956,0.541666666666667,0.6603260869565217,0.0,Made Tournament,False,False,False,False,False,False,False,False,False,False,False,False,False,False,False,False,False,False,False,True,False,False,False,False,False,False,False,False,False,False,False,False
0.708333333333333,0.44776119402985076,0.49468085106382986,0.6477900552486182,0.3413167334880776,0.5562499999999999,0.7222222222222223,0.6733668341708541,0.5231481481481484,0.6388888888888888,0.5575153374233128,0.9788053949903666,0.32871972318339093,0.5909090909090908,0.7147058823529413,0.5033783783783785,0.625,0.5902777777777777,0.37771739130434784,0.0,Made Tournament,False,False,False,False,False,False,False,False,False,False,False,False,False,False,False,False,False,False,False,False,False,True,False,False,False,False,False,False,False,False,False,False
0.708333333333333,0.7164179104477612,0.8324468085106385,0.27762430939226546,0.9238235914749947,0.7000000000000002,0.19444444444444553,0.47236180904522596,0.28240740740740744,0.7824074074074074,0.244631901840491,0.855491329479769,0.25951557093425603,0.6590909090909092,0.2676470588235298,0.7331081081081083,0.24999999999999956,0.49305555555555536,0.7771739130434783,0.0,Made Tournament,False,False,False,False,False,False,False,False,False,False,False,False,False,False,False,False,False,False,False,False,False,False,True,False,False,False,False,False,False,False,False,False
0.708333333333333,0.6567164179104478,0.7340425531914896,0.1975138121546962,0.9221354716184849,0.6125000000000003,0.06250000000000044,0.4221105527638189,0.1064814814814814,0.662037037037037,0.2691717791411046,0.7745664739884397,0.5432525951557092,0.5965909090909092,0.020588235294117574,0.6114864864864864,0.4921875,0.4722222222222223,0.7445652173913044,0.0,Made Tournament,False,False,False,False,False,False,False,False,False,False,False,False,False,False,False,False,False,False,False,False,False,False,True,False,False,False,False,False,False,False,False,False
0.625,0.5970149253731344,0.6117021276595747,0.26381215469613295,0.8235914749947246,0.375,0.2361111111111116,0.5326633165829147,0.22685185185185186,0.7731481481481481,0.23849693251533766,0.7283236994219655,0.4809688581314877,0.18749999999999956,0.1852941176470586,0.7668918918918921,0.5390624999999996,0.5486111111111116,0.703804347826087,0.0,Made Tournament,False,False,False,False,False,False,False,False,False,False,False,False,False,False,False,False,False,False,False,False,False,False,True,False,False,False,False,False,False,False,False,False
0.45833333333333304,0.5074626865671642,0.667553191489362,0.3439226519337013,0.8033340367166069,0.4624999999999999,0.4236111111111116,0.31155778894472363,0.6064814814814814,0.5046296296296298,0.6924846625766872,0.5857418111753372,0.6055363321799305,0.35795454545454497,0.5205882352941176,0.685810810810811,0.31249999999999956,0.41666666666666696,0.6929347826086957,0.0,Made Tournament,False,False,False,False,False,False,False,False,False,False,False,False,False,False,False,False,False,False,False,False,False,False,True,False,False,False,False,False,False,False,False,False
0.708333333333333,0.5970149253731344,0.7686170212765959,0.36049723756906094,0.8531335724836464,0.6125000000000003,0.2708333333333339,0.31155778894472363,0.3472222222222221,0.6481481481481484,0.6556748466257669,0.5202312138728327,0.22491349480968847,0.49999999999999956,0.32058823529411784,0.7736486486486487,0.32031249999999956,0.7013888888888893,0.6902173913043479,0.0,Made Tournament,False,False,False,False,False,False,False,False,False,False,False,False,False,False,False,False,False,False,False,False,False,False,True,False,False,False,False,False,False,False,False,False
0.7916666666666665,0.41791044776119407,0.3164893617021276,0.5870165745856353,0.22494197087993248,0.34375,0.6805555555555562,0.33165829145728654,0.6157407407407409,0.23148148148148184,0.5329754601226995,0.5587668593448942,0.4013840830449824,0.375,0.6852941176470586,0.36148648648648685,0.5703125000000004,0.18055555555555447,0.2907608695652174,0.0,Made Tournament,False,False,False,False,False,False,False,False,False,False,False,False,False,False,False,False,False,False,False,False,False,False,False,True,False,False,False,False,False,False,False,False
0.625,0.7761194029850746,0.5531914893617018,0.41850828729281764,0.6351550960118169,0.5812500000000003,0.49305555555555625,0.4522613065326633,0.6712962962962963,0.6574074074074074,0.4961656441717792,0.7707129094412335,0.31487889273356373,0.5738636363636362,0.5500000000000003,0.5641891891891895,0.4140625,0.36805555555555536,0.6956521739130436,0.0,Made Tournament,False,False,False,False,False,False,False,False,False,False,False,False,False,False,False,False,False,False,False,False,False,False,False,False,False,True,False,False,False,False,False,False
0.5416666666666665,0.6865671641791045,0.6835106382978724,0.4267955801104968,0.7495252162903566,0.5562499999999999,0.3194444444444451,0.3618090452261309,0.3935185185185184,0.662037037037037,0.28144171779141125,0.7167630057803471,0.6366782006920413,0.5170454545454546,0.3500000000000001,0.5979729729729732,0.38281249999999956,0.5,0.6521739130434783,0.0,Made Tournament,False,False,False,False,False,False,False,False,False,False,False,False,False,False,False,False,False,False,False,False,False,False,False,False,False,False,False,False,False,True,False,False
0.375,0.5970149253731344,0.49468085106382986,0.27762430939226546,0.7216712386579447,0.4312499999999999,0.1250000000000009,0.47236180904522596,0.7916666666666667,0.7407407407407409,0.5391104294478528,0.6319845857418114,0.7024221453287196,0.44886363636363624,0.09705882352941186,0.4763513513513513,0.39062499999999956,0.44444444444444464,0.5896739130434783,0.0,Made Tournament,False,False,False,False,False,False,False,False,False,False,False,False,False,False,False,False,False,False,False,False,False,False,False,False,False,False,False,False,False,False,True,False
0.5416666666666665,0.5671641791044776,0.6569148936170213,0.38535911602209927,0.7617640852500528,0.4937499999999999,0.33333333333333437,0.21105527638190957,0.6898148148148147,0.4583333333333335,0.5881901840490797,0.6936416184971101,0.44290657439446357,0.5965909090909092,0.2264705882352942,0.36148648648648685,0.5859375,0.5138888888888893,0.6521739130434783,0.0,Made Tournament,False,False,False,False,True,False,False,False,False,False,False,False,False,False,False,False,False,False,False,False,False,False,False,False,False,False,False,False,False,False,False,False
0.5416666666666665,0.4776119402985075,0.48404255319148914,0.8273480662983417,0.19244566364211857,0.5500000000000003,0.6250000000000004,0.4221105527638189,0.7453703703703705,0.47685185185185186,0.9133435582822083,0.4508670520231215,0.8685121107266431,0.5056818181818179,0.6441176470588239,0.6182432432432434,0.546875,0.729166666666667,0.4157608695652174,0.0,Made Tournament,False,False,False,False,False,False,False,False,False,False,False,False,False,False,False,False,False,False,False,False,True,False,False,False,False,False,False,False,False,False,False,False
0.625,0.5373134328358209,0.7898936170212769,0.20856353591160248,0.9371175353450094,0.65625,0.0,0.33165829145728654,0.1157407407407407,0.4212962962962965,0.5145705521472392,0.7013487475915223,0.43598615916954997,0.5397727272727271,0.08529411764705896,0.7398648648648649,0.07812499999999911,0.4652777777777777,0.6766304347826088,0.0,Made Tournament,False,False,False,False,False,False,False,False,False,False,False,False,False,False,False,False,False,False,False,False,False,False,False,False,False,False,True,False,False,False,False,False
0.5416666666666665,0.5373134328358209,0.375,0.5676795580110494,0.2953154673981852,0.3812500000000001,0.31250000000000044,0.2814070351758795,0.6157407407407409,0.46296296296296324,0.6311349693251533,0.6358381502890176,0.6262975778546711,0.3977272727272725,0.38529411764705923,0.44256756756756754,0.296875,0.520833333333333,0.46467391304347827,0.0,Made Tournament,False,False,False,False,False,False,False,False,False,False,False,False,False,False,False,False,False,False,False,False,False,False,False,False,False,False,False,True,False,False,False,False
0.875,0.7164179104477612,0.9680851063829792,0.36602209944751385,0.934374340578181,0.7062500000000003,0.4236111111111116,0.08040201005025138,0.412037037037037,0.6990740740740742,0.8458588957055215,0.7321772639691717,0.12110726643598613,0.5909090909090908,0.4558823529411766,0.7601351351351351,0.4375,0.4652777777777777,0.798913043478261,0.0,Made Tournament,False,True,False,False,False,False,False,False,False,False,False,False,False,False,False,False,False,False,False,False,False,False,False,False,False,False,False,False,False,False,False,False
0.7916666666666665,0.7761194029850746,0.9202127659574475,0.29972375690607755,0.942920447351762,0.7375000000000003,0.3402777777777781,0.3015075376884422,0.412037037037037,0.5555555555555558,0.5268404907975459,0.7360308285163779,0.25259515570934243,0.7159090909090908,0.3382352941176472,0.6925675675675675,0.46874999999999956,0.3472222222222223,0.8722826086956522,0.0,Made Tournament,False,True,False,False,False,False,False,False,False,False,False,False,False,False,False,False,False,False,False,False,False,False,False,False,False,False,False,False,False,False,False,False
0.7916666666666665,0.7761194029850746,0.9707446808510642,0.35220994475138134,0.9392276851656467,1.0,0.44444444444444464,0.613065326633166,0.5509259259259258,0.8842592592592593,0.5084355828220859,0.4739884393063585,0.2906574394463666,0.8806818181818183,0.4617647058823531,0.9695945945945947,0.46093749999999956,0.520833333333333,0.7717391304347827,0.0,Made Tournament,False,False,False,False,False,True,False,False,False,False,False,False,False,False,False,False,False,False,False,False,False,False,False,False,False,False,False,False,False,False,False,False
0.7916666666666665,0.746268656716418,0.8005319148936172,0.2941988950276242,0.9045157206161637,0.8000000000000003,0.21527777777777857,0.5427135678391959,0.3194444444444444,0.5092592592592595,0.5513803680981595,0.5934489402697496,0.17993079584775074,0.8636363636363633,0.25588235294117645,0.6047297297297298,0.28906249999999956,0.4097222222222223,0.7934782608695653,0.0,Made Tournament,False,False,False,False,False,True,False,False,False,False,False,False,False,False,False,False,False,False,False,False,False,False,False,False,False,False,False,False,False,False,False,False
0.7916666666666665,0.6268656716417911,0.6382978723404253,0.21685082872928207,0.8696982485756488,0.3812500000000001,0.3263888888888897,0.3618090452261309,0.5231481481481484,0.6944444444444446,0.41641104294478537,0.6319845857418114,0.408304498269896,0.34090909090909083,0.2147058823529413,0.5168918918918917,0.703125,0.14583333333333215,0.6956521739130436,0.0,Made Tournament,False,False,False,False,False,True,False,False,False,False,False,False,False,False,False,False,False,False,False,False,False,False,False,False,False,False,False,False,False,False,False,False
0.7916666666666665,0.6567164179104478,0.9734042553191493,0.35773480662983426,0.9385946402194556,0.9187500000000002,0.44444444444444464,0.2211055276381908,0.3564814814814816,0.3750000000000002,0.5636503067484664,0.17341040462427748,0.10726643598615904,0.9147727272727275,0.4911764705882353,0.7736486486486487,0.39843749999999956,0.7152777777777777,0.782608695652174,0.0,Made Tournament,False,False,False,False,False,False,True,False,False,False,False,False,False,False,False,False,False,False,False,False,False,False,False,False,False,False,False,False,False,False,False,False
0.958333333333333,0.8059701492537313,0.75,0.18093922651933747,0.9347963705423085,0.5500000000000003,0.2777777777777781,0.3919597989949748,0.7175925925925926,0.7731481481481481,0.5084355828220859,0.6358381502890176,0.36332179930795827,0.607954545454545,0.26176470588235334,0.46283783783783816,0.38281249999999956,0.44444444444444464,0.8260869565217392,0.0,Made Tournament,False,False,False,False,False,False,False,False,False,False,False,False,False,False,False,False,False,False,False,False,False,False,False,False,False,False,True,False,False,False,False,False
0.7916666666666665,0.7761194029850746,0.8670212765957452,0.2444751381215471,0.9466132095378771,0.8000000000000003,0.09722222222222276,0.3618090452261309,0.19907407407407418,0.6481481481481484,0.31211656441717817,0.49325626204238926,0.21799307958477498,0.7784090909090904,0.1911764705882355,0.7128378378378377,0.14843749999999956,0.43055555555555536,0.7418478260869565,0.0,Made Tournament,False,False,False,False,False,False,False,False,False,False,False,False,False,False,False,False,False,False,False,False,False,False,False,False,False,False,False,False,False,False,False,True
1.0,1.0,0.8776595744680855,0.017955801104972746,0.99831188014349,0.8875000000000002,0.0,0.27135678391959783,0.3842592592592595,0.550925925925926,0.32438650306748484,0.6705202312138732,0.17647058823529393,0.8920454545454541,0.0,0.7398648648648649,0.04687499999999911,0.6597222222222223,0.8940217391304348,0.33333333333325754,Made Tournament,False,False,False,False,False,False,False,False,False,False,False,False,False,False,False,False,False,False,False,False,False,False,False,False,False,False,False,False,False,False,False,True
1.0,0.9552238805970149,0.962765957446809,0.1616022099447516,0.9863895336568895,0.5812500000000003,0.3263888888888897,0.27135678391959783,0.5231481481481484,1.0,0.25076687116564433,0.48940269749518306,0.3391003460207611,0.5909090909090908,0.30294117647058805,0.5574324324324325,0.42968749999999956,0.75,0.9130434782608696,0.33333333333325754,Made Tournament,False,True,False,False,False,False,False,False,False,False,False,False,False,False,False,False,False,False,False,False,False,False,False,False,False,False,False,False,False,False,False,False
0.875,0.8955223880597015,0.9760638297872344,0.2444751381215471,0.9713019624393332,0.8562500000000002,0.3263888888888897,0.4120603015075379,0.5231481481481484,0.7407407407407409,0.5391104294478528,0.554913294797688,0.2837370242214532,0.7386363636363638,0.24411764705882355,0.8885135135135136,0.5625,0.6527777777777786,0.9836956521739131,0.33333333333325754,Made Tournament,False,False,False,False,False,False,True,False,False,False,False,False,False,False,False,False,False,False,False,False,False,False,False,False,False,False,False,False,False,False,False,False
1.0,0.6865671641791045,0.8191489361702127,0.33839779005524884,0.8912217767461489,0.59375,0.5694444444444451,0.49246231155778886,0.4212962962962963,0.7592592592592593,0.28144171779141125,0.7514450867052027,0.4013840830449824,0.6477272727272725,0.6676470588235297,0.4898648648648649,0.39062499999999956,0.44444444444444464,0.7282608695652174,0.33333333333325754,Made Tournament,False,False,False,False,False,False,False,True,False,False,False,False,False,False,False,False,False,False,False,False,False,False,False,False,False,False,False,False,False,False,False,False
0.875,0.7761194029850746,0.8457446808510638,0.0897790055248624,0.9822747415066468,0.5750000000000002,0.16666666666666696,0.34170854271356776,0.7453703703703705,0.6481481481481484,0.5268404907975459,0.7167630057803471,0.422145328719723,0.5511363636363633,0.2676470588235298,0.5844594594594597,0.16406249999999956,0.5694444444444446,0.8586956521739131,0.33333333333325754,Made Tournament,False,False,False,False,False,False,False,False,False,False,False,False,False,False,False,False,False,False,False,False,False,False,False,False,False,False,True,False,False,False,False,False
1.0,0.9253731343283582,0.8909574468085109,0.1560773480662987,0.9760497995357671,0.65625,0.28472222222222276,0.2211055276381908,0.5787037037037037,0.712962962962963,0.41641104294478537,0.7437379576107901,0.4048442906574392,0.6988636363636362,0.4205882352941175,0.5439189189189189,0.17187499999999956,0.8125000000000009,0.9293478260869565,0.33333333333325754,Made Tournament,False,False,False,False,False,False,False,False,False,False,False,False,False,False,False,False,False,False,False,False,False,False,False,False,False,False,True,False,False,False,False,False
1.0,0.9552238805970149,0.8776595744680855,0.22513812154696122,0.9553703312935219,0.8187500000000001,0.20833333333333393,0.3618090452261309,0.587962962962963,0.662037037037037,0.5268404907975459,0.49325626204238926,0.15570934256055358,0.7897727272727271,0.2911764705882356,0.7263513513513513,0.21874999999999956,0.44444444444444464,0.8478260869565217,0.33333333333325754,Made Tournament,False,False,False,False,False,False,False,False,False,False,False,False,False,False,False,False,False,False,False,False,False,False,True,False,False,False,False,False,False,False,False,False
0.875,0.746268656716418,0.6356382978723407,0.09254143646408863,0.9302595484279383,0.3062499999999999,0.14583333333333393,0.49246231155778886,1.0,0.7361111111111112,0.6556748466257669,0.7167630057803471,0.7854671280276815,0.3011363636363633,0.25,0.41554054054054035,0.17187499999999956,0.5277777777777777,0.7309782608695653,0.33333333333325754,Made Tournament,False,False,False,False,False,False,False,False,False,False,False,False,False,False,False,False,False,False,False,False,False,False,False,False,False,False,True,False,False,False,False,False
0.5416666666666665,0.4776119402985075,0.6382978723404253,0.35773480662983426,0.7696771470774425,0.5750000000000002,0.4375000000000009,0.3919597989949748,0.3842592592592595,0.3240740740740744,0.3673312883435582,0.38150289017341055,0.4013840830449824,0.6420454545454541,0.2735294117647058,0.46283783783783816,0.7578125000000004,0.5347222222222223,0.5434782608695652,0.33333333333325754,No Tournament,True,False,False,False,False,False,False,False,False,False,False,False,False,False,False,False,False,False,False,False,False,False,False,False,False,False,False,False,False,False,False,False
0.5416666666666665,0.26865671641791045,0.44680851063829774,0.5649171270718227,0.372652458324541,0.40625,0.4513888888888893,0.6532663316582916,0.4305555555555558,0.5046296296296298,0.5697852760736195,0.597302504816956,0.3979238754325256,0.43749999999999956,0.3970588235294117,0.41554054054054035,0.5859375,0.6736111111111116,0.2853260869565218,0.33333333333325754,No Tournament,True,False,False,False,False,False,False,False,False,False,False,False,False,False,False,False,False,False,False,False,False,False,False,False,False,False,False,False,False,False,False,False
0.45833333333333304,0.35820895522388063,0.3138297872340421,0.34668508287292843,0.4516775691074066,0.375,0.6666666666666674,0.6231155778894473,1.0,0.24537037037037046,0.6188650306748467,0.19653179190751446,0.7508650519031139,0.3863636363636358,0.6558823529411764,0.4020270270270272,0.6015625,0.2638888888888884,0.3641304347826087,0.33333333333325754,No Tournament,True,False,False,False,False,False,False,False,False,False,False,False,False,False,False,False,False,False,False,False,False,False,False,False,False,False,False,False,False,False,False,False
0.625,0.5671641791044776,0.5664893617021276,0.49861878453038644,0.5700569740451572,0.4312499999999999,0.36111111111111205,0.522613065326633,0.1157407407407407,0.6250000000000002,0.22009202453987742,0.6974951830443163,0.204152249134948,0.44886363636363624,0.42647058823529393,0.46959459459459474,0.3359375,0.5555555555555554,0.5434782608695652,0.33333333333325754,No Tournament,True,False,False,False,False,False,False,False,False,False,False,False,False,False,False,False,False,False,False,False,False,False,False,False,False,False,False,False,False,False,False,False
0.7916666666666665,0.5671641791044776,0.5930851063829787,0.5013812154696131,0.5929520995990716,0.4437500000000001,0.4722222222222232,0.5829145728643217,0.3009259259259258,0.675925925925926,0.3366564417177915,0.578034682080925,0.17647058823529393,0.2840909090909087,0.4558823529411766,0.6655405405405408,0.546875,0.3472222222222223,0.5434782608695652,0.33333333333325754,No Tournament,True,False,False,False,False,False,False,False,False,False,False,False,False,False,False,False,False,False,False,False,False,False,False,False,False,False,False,False,False,False,False,False
0.375,0.41791044776119407,0.646276595744681,0.5897790055248615,0.5572905676303017,0.6812499999999999,0.7569444444444446,0.512562814070352,0.4398148148148149,0.3518518518518521,0.41027607361963203,0.6435452793834298,0.39100346020761245,0.6704545454545454,0.5970588235294119,0.6182432432432434,0.8593750000000004,0.5486111111111116,0.4945652173913044,0.33333333333325754,No Tournament,True,False,False,False,False,False,False,False,False,False,False,False,False,False,False,False,False,False,False,False,False,False,False,False,False,False,False,False,False,False,False,False
0.625,0.41791044776119407,0.3936170212765955,0.38259668508287303,0.5005275374551593,0.45625000000000027,0.24305555555555625,0.6834170854271358,0.6157407407407409,0.46296296296296324,0.5697852760736195,0.5009633911368017,0.7854671280276815,0.7215909090909087,0.19705882352941195,0.1655405405405408,0.4765625,0.8055555555555554,0.4103260869565218,0.33333333333325754,No Tournament,True,False,False,False,False,False,False,False,False,False,False,False,False,False,False,False,False,False,False,False,False,False,False,False,False,False,False,False,False,False,False,False
0.7916666666666665,0.6268656716417911,0.670212765957447,0.4654696132596685,0.7022578603080819,0.71875,0.4513888888888893,0.27135678391959783,0.6527777777777777,0.12037037037037057,0.6004601226993864,0.38535645472061675,0.44290657439446357,0.8522727272727271,0.5735294117647061,0.46959459459459474,0.28906249999999956,0.5625,0.5842391304347826,0.33333333333325754,No Tournament,True,False,False,False,False,False,False,False,False,False,False,False,False,False,False,False,False,False,False,False,False,False,False,False,False,False,False,False,False,False,False,False
0.45833333333333304,0.2985074626865672,0.44680851063829774,0.46823204419889475,0.47087993247520565,0.2625000000000002,0.5416666666666674,0.3517587939698492,0.46759259259259256,0.5416666666666667,0.3489263803680984,0.7129094412331409,0.37024221453287187,0.28977272727272707,0.5382352941176469,0.3479729729729728,0.5078125,0.5555555555555554,0.38858695652173914,0.33333333333325754,No Tournament,True,False,False,False,False,False,False,False,False,False,False,False,False,False,False,False,False,False,False,False,False,False,False,False,False,False,False,False,False,False,False,False
0.625,0.3283582089552239,0.28457446808510634,0.48480662983425393,0.27695716395864106,0.2875000000000001,0.5000000000000009,0.6834170854271358,0.3657407407407407,0.28240740740740766,0.391871165644172,0.49325626204238926,0.5778546712802766,0.21022727272727204,0.4558823529411766,0.46959459459459474,0.5625,0.22222222222222232,0.33695652173913043,0.33333333333325754,No Tournament,True,False,False,False,False,False,False,False,False,False,False,False,False,False,False,False,False,False,False,False,False,False,False,False,False,False,False,False,False,False,False,False
0.5416666666666665,0.5671641791044776,0.5957446808510638,0.4074585635359118,0.6892804389111626,0.45625000000000027,0.4513888888888893,0.4120603015075379,0.7361111111111109,0.6898148148148149,0.6188650306748467,0.8015414258188827,0.681660899653979,0.44886363636363624,0.40882352941176503,0.5101351351351351,0.5390624999999996,0.5555555555555554,0.5597826086956522,0.33333333333325754,No Tournament,True,False,False,False,False,False,False,False,False,False,False,False,False,False,False,False,False,False,False,False,False,False,False,False,False,False,False,False,False,False,False,False
0.5416666666666665,0.23880597014925373,0.5132978723404253,0.44889502762430933,0.5646760920025321,0.5750000000000002,0.6805555555555562,0.6633165829145728,0.3935185185185184,0.34722222222222254,0.2016871165644174,0.3082851637764934,0.6159169550173009,0.4829545454545454,0.7088235294117649,0.685810810810811,0.546875,0.729166666666667,0.4184782608695652,0.33333333333325754,No Tournament,False,True,False,False,False,False,False,False,False,False,False,False,False,False,False,False,False,False,False,False,False,False,False,False,False,False,False,False,False,False,False,False
0.625,0.4776119402985075,0.8111702127659575,0.36602209944751385,0.8721249208693816,0.5437500000000002,0.5902777777777781,0.23115577889447247,0.6620370370370372,0.6157407407407407,0.6924846625766872,0.48940269749518306,0.07958477508650519,0.5227272727272725,0.5794117647058825,0.570945945945946,0.5625,0.4027777777777777,0.6766304347826088,0.33333333333325754,No Tournament,False,True,False,False,False,False,False,False,False,False,False,False,False,False,False,False,False,False,False,False,False,False,False,False,False,False,False,False,False,False,False,False
0.875,0.5970149253731344,0.38829787234042534,0.13674033149171283,0.7558556657522684,0.3125,0.18055555555555625,0.5829145728643217,0.5416666666666667,0.44444444444444464,0.60659509202454,0.5472061657032756,0.19377162629757771,0.35795454545454497,0.1617647058823528,0.3547297297297298,0.3671875,0.5,0.6277173913043479,0.33333333333325754,No Tournament,False,True,False,False,False,False,False,False,False,False,False,False,False,False,False,False,False,False,False,False,False,False,False,False,False,False,False,False,False,False,False,False
0.5416666666666665,0.41791044776119407,0.7207446808510642,0.5400552486187844,0.6775691074066258,0.6437500000000003,0.5694444444444451,0.5025125628140703,0.24537037037037046,0.5416666666666667,0.64340490797546,0.5626204238921004,0.2975778546712802,0.6704545454545454,0.4911764705882353,0.5641891891891895,0.6640625,0.6875000000000009,0.5733695652173914,0.33333333333325754,No Tournament,False,True,False,False,False,False,False,False,False,False,False,False,False,False,False,False,False,False,False,False,False,False,False,False,False,False,False,False,False,False,False,False
0.625,0.44776119402985076,0.7420212765957448,0.4295580110497239,0.790040092846592,0.5625,0.5486111111111116,0.4120603015075379,0.125,0.4675925925925928,0.5268404907975459,0.6859344894026977,0.16608996539792387,0.5113636363636362,0.5323529411764709,0.5979729729729732,0.5625,0.3472222222222223,0.6304347826086957,0.33333333333325754,No Tournament,False,True,False,False,False,False,False,False,False,False,False,False,False,False,False,False,False,False,False,False,False,False,False,False,False,False,False,False,False,False,False,False
0.708333333333333,0.5373134328358209,0.8351063829787235,0.4129834254143643,0.8581979320531757,0.6937500000000001,0.47916666666666696,0.4522613065326633,0.625,0.6250000000000002,0.8335889570552144,0.5202312138728327,0.25605536332179923,0.607954545454545,0.4970588235294118,0.7195945945945947,0.46093749999999956,0.43055555555555536,0.6548913043478262,0.33333333333325754,No Tournament,False,True,False,False,False,False,False,False,False,False,False,False,False,False,False,False,False,False,False,False,False,False,False,False,False,False,False,False,False,False,False,False
0.708333333333333,0.5970149253731344,0.5930851063829787,0.49861878453038644,0.5955897868748681,0.5812500000000003,0.5416666666666674,0.48241206030150763,0.4212962962962963,0.6898148148148149,0.16487730061349737,0.4547206165703277,0.3321799307958475,0.5511363636363633,0.5617647058823532,0.6655405405405408,0.4921875,0.24305555555555536,0.4972826086956522,0.33333333333325754,No Tournament,False,False,True,False,False,False,False,False,False,False,False,False,False,False,False,False,False,False,False,False,False,False,False,False,False,False,False,False,False,False,False,False
0.2916666666666665,0.3283582089552239,0.2659574468085104,0.6588397790055245,0.14053597805444185,0.3999999999999999,0.611111111111112,0.512562814070352,0.3842592592592595,0.2500000000000002,0.44708588957055206,0.35452793834296736,0.3598615916955017,0.36931818181818166,0.5970588235294119,0.4831081081081079,0.5703125000000004,0.3611111111111116,0.26902173913043476,0.33333333333325754,No Tournament,False,False,True,False,False,False,False,False,False,False,False,False,False,False,False,False,False,False,False,False,False,False,False,False,False,False,False,False,False,False,False,False
0.5416666666666665,0.23880597014925373,0.19414893617021223,0.6698895027624308,0.09485123443764508,0.3187500000000001,0.5902777777777781,0.693467336683417,0.5046296296296295,0.3055555555555558,0.8213190184049077,0.4238921001926783,0.45328719723183375,0.24999999999999956,0.44411764705882373,0.4493243243243241,0.8203125000000004,0.5763888888888893,0.19293478260869562,0.33333333333325754,No Tournament,False,False,True,False,False,False,False,False,False,False,False,False,False,False,False,False,False,False,False,False,False,False,False,False,False,False,False,False,False,False,False,False
0.45833333333333304,0.1791044776119403,0.15159574468085069,0.6560773480662982,0.07965815572905675,0.1937500000000001,0.6666666666666674,0.562814070351759,0.337962962962963,0.40740740740740744,0.48389570552147254,0.3082851637764934,0.4048442906574392,0.2386363636363633,0.6500000000000004,0.2668918918918921,0.625,0.5277777777777777,0.17391304347826086,0.33333333333325754,No Tournament,False,False,True,False,False,False,False,False,False,False,False,False,False,False,False,False,False,False,False,False,False,False,False,False,False,False,False,False,False,False,False,False
0.2916666666666665,0.5671641791044776,0.4202127659574466,0.45994475138121516,0.4507280016881198,0.48750000000000027,0.4513888888888893,0.48241206030150763,0.15277777777777768,0.4212962962962965,0.04831288343558304,0.4816955684007709,0.25951557093425603,0.5056818181818179,0.5264705882352945,0.46959459459459474,0.35156249999999956,0.3402777777777777,0.5135869565217391,0.33333333333325754,No Tournament,False,False,True,False,False,False,False,False,False,False,False,False,False,False,False,False,False,False,False,False,False,False,False,False,False,False,False,False,False,False,False,False
0.5416666666666665,0.5074626865671642,0.4042553191489362,0.5262430939226519,0.36178518674825905,0.2937500000000002,0.5069444444444451,0.17085427135678377,0.625,0.5277777777777779,0.48389570552147254,0.4315992292870905,0.6332179930795845,0.28977272727272707,0.3735294117647059,0.3682432432432434,0.7109375000000004,0.3611111111111116,0.4592391304347826,0.33333333333325754,No Tournament,False,False,True,False,False,False,False,False,False,False,False,False,False,False,False,False,False,False,False,False,False,False,False,False,False,False,False,False,False,False,False,False
0.375,0.2985074626865672,0.4813829787234045,0.8218232044198892,0.19476682844481957,0.7687500000000003,0.6944444444444446,0.7336683417085428,0.4490740740740742,0.41666666666666696,0.6004601226993864,0.38150289017341055,0.5640138408304496,0.7102272727272725,0.6558823529411764,0.7533783783783785,0.671875,0.8055555555555554,0.2608695652173913,0.33333333333325754,No Tournament,False,False,True,False,False,False,False,False,False,False,False,False,False,False,False,False,False,False,False,False,False,False,False,False,False,False,False,False,False,False,False,False
0.5416666666666665,0.5970149253731344,0.603723404255319,0.6781767955801103,0.4246676514032496,0.7250000000000001,0.6250000000000004,0.2814070351758795,0.4398148148148149,0.29166666666666674,0.391871165644172,0.5163776493256265,0.46020761245674735,0.6193181818181817,0.6500000000000004,0.7601351351351351,0.53125,0.6944444444444446,0.4836956521739131,0.33333333333325754,No Tournament,False,False,True,False,False,False,False,False,False,False,False,False,False,False,False,False,False,False,False,False,False,False,False,False,False,False,False,False,False,False,False,False
0.5416666666666665,0.44776119402985076,0.5531914893617018,0.34944751381215466,0.7038404726735598,0.3812500000000001,0.15277777777777857,0.522613065326633,0.29166666666666674,0.5462962962962963,0.5881901840490797,0.49710982658959546,0.3529411764705881,0.3125,0.10882352941176476,0.5506756756756754,0.35937499999999956,0.28472222222222143,0.532608695652174,0.33333333333325754,No Tournament,False,False,False,False,True,False,False,False,False,False,False,False,False,False,False,False,False,False,False,False,False,False,False,False,False,False,False,False,False,False,False,False
0.625,0.41791044776119407,0.3138297872340421,0.3162983425414363,0.4829077864528381,0.2124999999999999,0.09027777777777857,0.7336683417085428,0.375,0.5833333333333335,0.625,0.6088631984585744,0.18685121107266423,0.22159090909090873,0.08529411764705896,0.32094594594594605,0.32031249999999956,0.4375,0.4565217391304348,0.33333333333325754,No Tournament,False,False,False,False,True,False,False,False,False,False,False,False,False,False,False,False,False,False,False,False,False,False,False,False,False,False,False,False,False,False,False,False
0.5416666666666665,0.6268656716417911,0.7446808510638299,0.3439226519337013,0.8511289301540409,0.5812500000000003,0.2569444444444451,0.14070351758793964,0.7175925925925926,0.6342592592592593,0.6004601226993864,0.2697495183044316,0.5190311418685118,0.40340909090909083,0.2676470588235298,0.820945945945946,0.35156249999999956,0.31944444444444375,0.6603260869565217,0.33333333333325754,No Tournament,False,False,False,False,True,False,False,False,False,False,False,False,False,False,False,False,False,False,False,False,False,False,False,False,False,False,False,False,False,False,False,False
0.5416666666666665,0.5373134328358209,0.5585106382978724,0.41022099447513805,0.6516142646127875,0.40625,0.37500000000000044,0.2814070351758795,0.587962962962963,0.6250000000000002,0.5943251533742331,0.5818882466281312,0.39446366782006925,0.5965909090909092,0.38529411764705923,0.1520270270270272,0.4140625,0.5555555555555554,0.5923913043478262,0.33333333333325754,No Tournament,False,False,False,False,True,False,False,False,False,False,False,False,False,False,False,False,False,False,False,False,False,False,False,False,False,False,False,False,False,False,False,False
0.375,0.1791044776119403,0.311170212765957,0.5676795580110494,0.23612576492931,0.33125000000000027,0.5277777777777781,0.9999999999999998,0.5694444444444446,0.5787037037037039,0.8029141104294477,0.35067437379576116,0.6332179930795845,0.3011363636363633,0.23235294117647065,0.49662162162162193,0.8750000000000004,0.5625,0.2853260869565218,0.33333333333325754,No Tournament,False,False,False,False,True,False,False,False,False,False,False,False,False,False,False,False,False,False,False,False,False,False,False,False,False,False,False,False,False,False,False,False
0.5416666666666665,0.44776119402985076,0.6143617021276597,0.46270718232044183,0.6536189069423929,0.45625000000000027,0.3958333333333339,0.31155778894472363,0.49537037037037046,0.43518518518518534,0.6924846625766872,0.18497109826589586,0.3564013840830449,0.3636363636363633,0.38529411764705923,0.5641891891891895,0.46093749999999956,0.4652777777777777,0.5271739130434783,0.33333333333325754,No Tournament,False,False,False,False,True,False,False,False,False,False,False,False,False,False,False,False,False,False,False,False,False,False,False,False,False,False,False,False,False,False,False,False
0.45833333333333304,0.14925373134328357,0.49202127659574435,0.575966850828729,0.40757543785608774,0.25,0.7152777777777786,0.5326633165829147,0.625,0.5185185185185186,0.7108895705521472,0.48940269749518306,0.6574394463667816,0.26136363636363624,0.6323529411764706,0.3479729729729728,0.7578125000000004,0.6944444444444446,0.26358695652173914,0.33333333333325754,No Tournament,False,False,False,False,True,False,False,False,False,False,False,False,False,False,False,False,False,False,False,False,False,False,False,False,False,False,False,False,False,False,False,False
0.5416666666666665,0.41791044776119407,0.5026595744680851,0.45994475138121516,0.5411479215024266,0.40625,0.4861111111111116,0.8341708542713568,0.5046296296296295,0.5277777777777779,0.4532208588957056,0.8169556840077072,0.39100346020761245,0.375,0.4147058823529415,0.4763513513513513,0.5859375,0.5277777777777777,0.5163043478260869,0.33333333333325754,No Tournament,False,False,False,False,True,False,False,False,False,False,False,False,False,False,False,False,False,False,False,False,False,False,False,False,False,False,False,False,False,False,False,False
0.875,0.6865671641791045,0.5053191489361701,0.17817679558011035,0.8133572483646339,0.5,0.0,0.8542713567839197,0.16203703703703698,0.6712962962962965,0.28144171779141125,0.7052023121387285,0.01730103806228378,0.4715909090909087,0.0,0.5371621621621623,0.22656249999999956,0.3541666666666661,0.6358695652173914,0.33333333333325754,No Tournament,False,False,False,False,True,False,False,False,False,False,False,False,False,False,False,False,False,False,False,False,False,False,False,False,False,False,False,False,False,False,False,False
0.2916666666666665,0.4776119402985075,0.4122340425531914,0.7058011049723754,0.21797847647182947,0.7124999999999999,0.9166666666666674,0.5025125628140703,0.7361111111111109,0.37962962962962976,0.4654907975460123,0.5009633911368017,0.5190311418685118,0.5568181818181817,0.9029411764705881,0.7804054054054053,0.734375,0.5,0.3641304347826087,0.33333333333325754,No Tournament,False,False,False,True,False,False,False,False,False,False,False,False,False,False,False,False,False,False,False,False,False,False,False,False,False,False,False,False,False,False,False,False
0.375,0.3880597014925373,0.42819148936170226,0.6533149171270711,0.2724203418442709,0.5562499999999999,0.7222222222222223,0.5427135678391959,0.4212962962962963,0.6018518518518521,0.4654907975460123,0.34682080924855496,0.4982698961937715,0.40340909090909083,0.6852941176470586,0.942567567567568,0.6953125,0.5972222222222223,0.3315217391304348,0.33333333333325754,No Tournament,False,False,False,True,False,False,False,False,False,False,False,False,False,False,False,False,False,False,False,False,False,False,False,False,False,False,False,False,False,False,False,False
0.375,0.5671641791044776,0.5718085106382977,0.5704419889502761,0.4989449250896813,0.7875000000000001,0.5972222222222228,0.6633165829145728,0.6805555555555556,0.4722222222222223,0.6127300613496931,0.7552986512524089,0.7750865051903113,0.8579545454545454,0.5735294117647061,0.5912162162162162,0.59375,0.9513888888888902,0.46467391304347827,0.33333333333325754,No Tournament,False,False,False,True,False,False,False,False,False,False,False,False,False,False,False,False,False,False,False,False,False,False,False,False,False,False,False,False,False,False,False,False
0.2916666666666665,0.2985074626865672,0.35106382978723394,0.6533149171270711,0.20521207005697403,0.39375000000000027,0.8194444444444451,0.6231155778894473,0.5046296296296295,0.5740740740740742,0.263036809815951,0.4508670520231215,0.5017301038062281,0.40340909090909083,0.7382352941176475,0.41554054054054035,0.7812500000000004,0.520833333333333,0.28804347826086957,0.33333333333325754,No Tournament,False,False,False,True,False,False,False,False,False,False,False,False,False,False,False,False,False,False,False,False,False,False,False,False,False,False,False,False,False,False,False,False
0.375,0.41791044776119407,0.4228723404255317,0.6339779005524857,0.283920658366744,0.5562499999999999,0.6458333333333339,0.8743718592964822,0.3472222222222221,0.7037037037037037,0.6679447852760736,0.51252408477842,0.45674740484429055,0.5738636363636362,0.6147058823529412,0.5033783783783785,0.6406250000000004,0.6319444444444446,0.35597826086956524,0.33333333333325754,No Tournament,False,False,False,True,False,False,False,False,False,False,False,False,False,False,False,False,False,False,False,False,False,False,False,False,False,False,False,False,False,False,False,False
0.2916666666666665,0.2985074626865672,0.3856382978723403,0.7886740331491708,0.1469719350073855,0.46875,0.6597222222222228,0.14070351758793964,0.19907407407407418,0.13888888888888917,0.7415644171779139,0.4238921001926783,0.3598615916955017,0.5284090909090904,0.6735294117647062,0.41554054054054035,0.5625,0.8263888888888902,0.24184782608695649,0.33333333333325754,No Tournament,False,False,False,True,False,False,False,False,False,False,False,False,False,False,False,False,False,False,False,False,False,False,False,False,False,False,False,False,False,False,False,False
0.2916666666666665,0.4776119402985075,0.4601063829787231,0.714088397790055,0.25311247098543993,0.625,0.5069444444444451,0.4422110552763818,0.1435185185185186,0.5601851851851853,0.5697852760736195,0.39691714836223513,0.2802768166089964,0.6931818181818179,0.5911764705882354,0.49662162162162193,0.375,0.5277777777777777,0.39945652173913043,0.33333333333325754,No Tournament,False,False,False,True,False,False,False,False,False,False,False,False,False,False,False,False,False,False,False,False,False,False,False,False,False,False,False,False,False,False,False,False
0.708333333333333,0.5671641791044776,0.5398936170212765,0.2665745856353592,0.7690441021312513,0.5125000000000002,0.4513888888888893,0.48241206030150763,0.5138888888888888,0.4861111111111114,0.3305214723926382,0.4200385356454721,0.28719723183391,0.44886363636363624,0.4970588235294118,0.5979729729729732,0.4140625,0.4236111111111107,0.6440217391304348,0.33333333333325754,No Tournament,False,False,False,False,False,True,False,False,False,False,False,False,False,False,False,False,False,False,False,False,False,False,False,False,False,False,False,False,False,False,False,False
0.708333333333333,0.5074626865671642,0.813829787234043,0.3936464088397793,0.8590419919814306,0.8000000000000003,0.36805555555555625,0.793969849246231,0.25462962962962954,0.8472222222222221,0.4348159509202454,0.4816955684007709,0.5190311418685118,0.7670454545454546,0.38529411764705923,0.7263513513513513,0.4140625,0.5347222222222223,0.6548913043478262,0.33333333333325754,No Tournament,False,False,False,False,False,True,False,False,False,False,False,False,False,False,False,False,False,False,False,False,False,False,False,False,False,False,False,False,False,False,False,False
0.708333333333333,0.5373134328358209,0.7393617021276597,0.42403314917127055,0.7938383625237392,0.6312500000000001,0.5277777777777781,0.512562814070352,0.5694444444444446,0.6342592592592593,0.6986196319018403,0.51252408477842,0.19723183391003452,0.5284090909090904,0.4911764705882353,0.7195945945945947,0.578125,0.75,0.6358695652173914,0.33333333333325754,No Tournament,False,False,False,False,False,True,False,False,False,False,False,False,False,False,False,False,False,False,False,False,False,False,False,False,False,False,False,False,False,False,False,False
0.375,0.3283582089552239,0.5265957446808507,0.35220994475138134,0.676725047478371,0.2250000000000001,0.5972222222222228,0.512562814070352,0.587962962962963,0.7222222222222223,0.5513803680981595,0.323699421965318,0.3979238754325256,0.26704545454545414,0.3735294117647059,0.30743243243243246,0.9609375000000009,0.520833333333333,0.5380434782608696,0.33333333333325754,No Tournament,False,False,False,False,False,True,False,False,False,False,False,False,False,False,False,False,False,False,False,False,False,False,False,False,False,False,False,False,False,False,False,False
0.5416666666666665,0.4776119402985075,0.7021276595744683,0.37983425414364635,0.7995357670394597,0.6125000000000003,0.3819444444444451,0.57286432160804,0.4212962962962963,0.5370370370370372,0.48389570552147254,0.6358381502890176,0.2629757785467126,0.625,0.2676470588235298,0.5641891891891895,0.5625,0.5138888888888893,0.6005434782608696,0.33333333333325754,No Tournament,False,False,False,False,False,True,False,False,False,False,False,False,False,False,False,False,False,False,False,False,False,False,False,False,False,False,False,False,False,False,False,False
0.625,0.41791044776119407,0.49468085106382986,0.3080110497237567,0.6905465288035451,0.30000000000000027,0.40277777777777857,0.4422110552763818,0.6805555555555556,0.3935185185185188,0.5943251533742331,0.4315992292870905,0.32525951557093413,0.2727272727272725,0.3147058823529414,0.4493243243243241,0.6171875,0.7013888888888893,0.5516304347826086,0.33333333333325754,No Tournament,False,False,False,False,False,True,False,False,False,False,False,False,False,False,False,False,False,False,False,False,False,False,False,False,False,False,False,False,False,False,False,False
0.5416666666666665,0.41791044776119407,0.42553191489361675,0.34668508287292843,0.5793416332559611,0.14375000000000027,0.28472222222222276,0.6231155778894473,0.5509259259259258,0.8981481481481481,0.5636503067484664,0.36994219653179194,0.32525951557093413,0.22159090909090873,0.32058823529411784,0.19932432432432456,0.3359375,0.4097222222222223,0.5298913043478262,0.33333333333325754,No Tournament,False,False,False,False,False,True,False,False,False,False,False,False,False,False,False,False,False,False,False,False,False,False,False,False,False,False,False,False,False,False,False,False
0.45833333333333304,0.2985074626865672,0.5904255319148937,0.2444751381215471,0.822536400084406,0.3125,0.4583333333333339,0.5527638190954773,0.5138888888888888,0.587962962962963,0.5452453987730062,0.5818882466281312,0.4048442906574392,0.28977272727272707,0.3500000000000001,0.4763513513513513,0.6328125,0.6527777777777786,0.5625,0.33333333333325754,No Tournament,False,False,False,False,False,False,True,False,False,False,False,False,False,False,False,False,False,False,False,False,False,False,False,False,False,False,False,False,False,False,False,False
1.0,0.6865671641791045,0.7765957446808511,0.3162983425414363,0.8829921924456636,0.6437500000000003,0.4861111111111116,0.5326633165829147,0.5324074074074074,0.7407407407407409,0.5145705521472392,0.40847784200385373,0.31487889273356373,0.6590909090909092,0.4205882352941175,0.570945945945946,0.6171875,0.4236111111111107,0.6902173913043479,0.33333333333325754,No Tournament,False,False,False,False,False,False,True,False,False,False,False,False,False,False,False,False,False,False,False,False,False,False,False,False,False,False,False,False,False,False,False,False
0.625,0.2985074626865672,0.49734042553191493,0.2196132596685083,0.7746359991559401,0.3999999999999999,0.3263888888888897,0.613065326633166,0.49537037037037046,0.47685185185185186,0.6311349693251533,0.49710982658959546,0.2837370242214532,0.607954545454545,0.38529411764705923,0.1317567567567568,0.32031249999999956,0.4861111111111116,0.5298913043478262,0.33333333333325754,No Tournament,False,False,False,False,False,False,True,False,False,False,False,False,False,False,False,False,False,False,False,False,False,False,False,False,False,False,False,False,False,False,False,False
0.5416666666666665,0.5074626865671642,0.7047872340425534,0.30524861878453047,0.8527115425195189,0.65625,0.5138888888888893,0.3015075376884422,0.6805555555555556,0.550925925925926,0.2937116564417179,0.5394990366088634,0.4775086505190309,0.6420454545454541,0.4558823529411766,0.6385135135135136,0.5546875,0.22222222222222232,0.6548913043478262,0.33333333333325754,No Tournament,False,False,False,False,False,False,True,False,False,False,False,False,False,False,False,False,False,False,False,False,False,False,False,False,False,False,False,False,False,False,False,False
0.5416666666666665,0.23880597014925373,0.4813829787234045,0.48204419889502725,0.4928254906098332,0.3562500000000002,0.7222222222222223,0.693467336683417,0.6527777777777777,0.5462962962962963,0.5575153374233128,0.5394990366088634,0.6366782006920413,0.40340909090909083,0.7323529411764707,0.36148648648648685,0.6015625,0.49305555555555536,0.391304347826087,0.33333333333325754,No Tournament,False,False,False,False,False,False,False,True,False,False,False,False,False,False,False,False,False,False,False,False,False,False,False,False,False,False,False,False,False,False,False,False
0.5416666666666665,0.3880597014925373,0.603723404255319,0.2969613259668509,0.7917282127031019,0.6000000000000001,0.2777777777777781,0.6633165829145728,0.4027777777777779,0.5046296296296298,0.5881901840490797,0.8092485549132951,0.5882352941176467,0.6363636363636358,0.33235294117647074,0.5168918918918917,0.31249999999999956,0.5763888888888893,0.5597826086956522,0.33333333333325754,No Tournament,False,False,False,False,False,False,False,True,False,False,False,False,False,False,False,False,False,False,False,False,False,False,False,False,False,False,False,False,False,False,False,False
0.625,0.3880597014925373,0.6303191489361701,0.4571823204419889,0.673665330238447,0.4937499999999999,0.6250000000000004,0.4221105527638189,0.6990740740740742,0.4305555555555556,0.7292944785276072,0.5626204238921004,0.6055363321799305,0.39204545454545414,0.5500000000000003,0.6182432432432434,0.703125,0.8680555555555562,0.5461956521739131,0.33333333333325754,No Tournament,False,False,False,False,False,False,False,True,False,False,False,False,False,False,False,False,False,False,False,False,False,False,False,False,False,False,False,False,False,False,False,False
0.5416666666666665,0.6268656716417911,0.6329787234042552,0.672651933701657,0.46064570584511494,0.7375000000000003,0.5416666666666674,0.3618090452261309,0.1435185185185186,0.42592592592592604,0.4225460122699387,0.5086705202312138,0.5224913494809686,0.7443181818181817,0.4147058823529415,0.6452702702702702,0.7265625000000004,0.4027777777777777,0.5271739130434783,0.33333333333325754,No Tournament,False,False,False,False,False,False,False,False,True,False,False,False,False,False,False,False,False,False,False,False,False,False,False,False,False,False,False,False,False,False,False,False
0.45833333333333304,0.5373134328358209,0.43882978723404253,0.5428176795580106,0.38605190968558767,0.46875,0.3888888888888897,0.522613065326633,0.4398148148148149,0.5648148148148149,0.3059815950920246,0.7052023121387285,0.7335640138408301,0.3636363636363633,0.32058823529411784,0.6182432432432434,0.4921875,0.3888888888888884,0.4320652173913043,0.33333333333325754,No Tournament,False,False,False,False,False,False,False,False,True,False,False,False,False,False,False,False,False,False,False,False,False,False,False,False,False,False,False,False,False,False,False,False
0.375,0.14925373134328357,0.3404255319148932,0.7914364640883971,0.11869592741084617,0.48750000000000027,0.9097222222222228,0.5829145728643217,0.48611111111111116,0.1805555555555558,0.7047546012269936,0.6358381502890176,0.4290657439446366,0.43181818181818166,0.7735294117647058,0.5641891891891895,0.8984375000000004,0.5763888888888893,0.13858695652173914,0.33333333333325754,No Tournament,False,False,False,False,False,False,False,False,True,False,False,False,False,False,False,False,False,False,False,False,False,False,False,False,False,False,False,False,False,False,False,False
0.5416666666666665,0.44776119402985076,0.5345744680851063,0.5980662983425411,0.4335302806499261,0.5500000000000003,0.5972222222222228,0.21105527638190957,0.48611111111111116,0.4583333333333335,0.3611963190184051,0.4393063583815029,0.7820069204152247,0.5284090909090904,0.6441176470588239,0.570945945945946,0.4765625,0.43055555555555536,0.391304347826087,0.33333333333325754,No Tournament,False,False,False,False,False,False,False,False,True,False,False,False,False,False,False,False,False,False,False,False,False,False,False,False,False,False,False,False,False,False,False,False
0.375,0.44776119402985076,0.4521276595744679,0.6229281767955799,0.3217978476471829,0.5500000000000003,0.6180555555555558,0.31155778894472363,0.5046296296296295,0.4212962962962965,0.41641104294478537,0.5664739884393064,0.996539792387543,0.40340909090909083,0.5264705882352945,0.6722972972972974,0.6875000000000004,0.6180555555555562,0.3532608695652174,0.33333333333325754,No Tournament,False,False,False,False,False,False,False,False,True,False,False,False,False,False,False,False,False,False,False,False,False,False,False,False,False,False,False,False,False,False,False,False
0.45833333333333304,0.23880597014925373,0.25531914893617014,0.6560773480662982,0.13610466343110358,0.26875000000000027,0.6597222222222228,0.693467336683417,0.3472222222222221,0.6111111111111112,0.3673312883435582,0.4470134874759155,0.38062283737024205,0.3125,0.7676470588235298,0.3006756756756759,0.42968749999999956,0.6180555555555562,0.1657608695652173,0.33333333333325754,No Tournament,False,False,False,False,False,False,False,False,True,False,False,False,False,False,False,False,False,False,False,False,False,False,False,False,False,False,False,False,False,False,False,False
0.125,0.2985074626865672,0.32978723404255295,0.5455801104972373,0.2716817894070479,0.5375000000000001,0.611111111111112,0.6834170854271358,0.48611111111111116,0.4305555555555556,0.2753067484662577,0.49325626204238926,0.43944636678200677,0.5681818181818179,0.638235294117647,0.4763513513513513,0.515625,0.5625,0.3423913043478261,0.33333333333325754,No Tournament,False,False,False,False,False,False,False,False,True,False,False,False,False,False,False,False,False,False,False,False,False,False,False,False,False,False,False,False,False,False,False,False
0.20833333333333304,0.41791044776119407,0.4813829787234045,0.6947513812154691,0.28624182316944496,0.6312500000000001,0.8750000000000004,0.2613065326633166,0.8564814814814814,0.3518518518518521,0.6372699386503067,0.6358381502890176,0.5190311418685118,0.7556818181818179,0.8852941176470592,0.41554054054054035,0.6875000000000004,0.8055555555555554,0.3586956521739131,0.33333333333325754,No Tournament,False,False,False,False,False,False,False,False,True,False,False,False,False,False,False,False,False,False,False,False,False,False,False,False,False,False,False,False,False,False,False,False
0.2916666666666665,0.35820895522388063,0.4069148936170208,0.7113259668508283,0.21069845959063094,0.4624999999999999,0.6180555555555558,0.33165829145728654,0.26388888888888906,0.4305555555555556,0.5145705521472392,0.6050096339113682,0.39100346020761245,0.5965909090909092,0.4911764705882353,0.2533783783783785,0.7890625000000004,0.3472222222222223,0.30978260869565216,0.33333333333325754,No Tournament,False,False,False,False,False,False,False,False,True,False,False,False,False,False,False,False,False,False,False,False,False,False,False,False,False,False,False,False,False,False,False,False
0.45833333333333304,0.14925373134328357,0.41755319148936154,0.9074585635359109,0.11025532812829711,0.33125000000000027,0.9166666666666674,0.49246231155778886,0.3472222222222221,0.5231481481481481,0.5207055214723926,0.7206165703275531,1.0,0.1363636363636358,0.7676470588235298,0.6114864864864864,0.9218750000000009,0.7430555555555562,0.0625,0.33333333333325754,No Tournament,False,False,False,False,False,False,False,False,True,False,False,False,False,False,False,False,False,False,False,False,False,False,False,False,False,False,False,False,False,False,False,False
0.5416666666666665,0.5671641791044776,0.5930851063829787,0.645027624309392,0.4461911795737497,0.8500000000000001,0.5000000000000009,0.34170854271356776,0.3287037037037037,0.152777777777778,0.5759202453987731,0.8208092485549134,0.2664359861591694,0.7045454545454546,0.5088235294117647,0.8817567567567566,0.53125,0.41666666666666696,0.44836956521739135,0.33333333333325754,No Tournament,False,False,False,False,False,False,False,False,True,False,False,False,False,False,False,False,False,False,False,False,False,False,False,False,False,False,False,False,False,False,False,False
0.708333333333333,0.5373134328358209,0.40159574468085113,0.6505524861878449,0.2521629035661532,0.5625,0.5069444444444451,0.522613065326633,0.4027777777777779,0.28240740740740766,0.49003067484662566,0.578034682080925,0.5847750865051902,0.5454545454545454,0.5147058823529411,0.5641891891891895,0.4921875,0.3472222222222223,0.3342391304347826,0.33333333333325754,No Tournament,False,False,False,False,False,False,False,False,False,True,False,False,False,False,False,False,False,False,False,False,False,False,False,False,False,False,False,False,False,False,False,False
0.20833333333333304,0.3283582089552239,0.4627659574468086,0.8411602209944742,0.1684954631778856,0.39375000000000027,0.7569444444444446,0.27135678391959783,0.3564814814814816,0.4305555555555556,0.39800613496932513,0.5163776493256265,0.6851211072664358,0.4204545454545454,0.7088235294117649,0.40878378378378377,0.6953125,0.5486111111111116,0.30978260869565216,0.33333333333325754,No Tournament,False,False,False,False,False,False,False,False,False,True,False,False,False,False,False,False,False,False,False,False,False,False,False,False,False,False,False,False,False,False,False,False
0.375,0.5373134328358209,0.44414893617021267,0.46270718232044183,0.47246254484068356,0.6062500000000002,0.3888888888888897,0.693467336683417,0.6898148148148147,0.587962962962963,0.47162576687116586,0.8901734104046246,0.6574394463667816,0.5511363636363633,0.33235294117647074,0.6993243243243246,0.5546875,0.7152777777777777,0.4619565217391305,0.33333333333325754,No Tournament,False,False,False,False,False,False,False,False,False,True,False,False,False,False,False,False,False,False,False,False,False,False,False,False,False,False,False,False,False,False,False,False
0.20833333333333304,0.41791044776119407,0.3563829787234041,0.6146408839779003,0.23865794471407473,0.3687499999999999,0.6388888888888897,0.57286432160804,0.6157407407407409,0.46296296296296324,0.4348159509202454,0.5703275529865126,0.4048442906574392,0.2386363636363633,0.5794117647058825,0.6925675675675675,0.6484375000000004,0.3611111111111116,0.375,0.33333333333325754,No Tournament,False,False,False,False,False,False,False,False,False,True,False,False,False,False,False,False,False,False,False,False,False,False,False,False,False,False,False,False,False,False,False,False
0.5416666666666665,0.5970149253731344,0.353723404255319,0.47375690607734766,0.3590419919814306,0.6187499999999999,0.611111111111112,0.25125628140703515,0.8379629629629628,0.0,0.23236196319018432,0.4855491329479771,0.7058823529411764,0.5568181818181817,0.6441176470588239,0.5979729729729732,0.5078125,0.15277777777777768,0.4619565217391305,0.33333333333325754,No Tournament,False,False,False,False,False,False,False,False,False,True,False,False,False,False,False,False,False,False,False,False,False,False,False,False,False,False,False,False,False,False,False,False
0.20833333333333304,0.14925373134328357,0.1702127659574466,0.8798342541436459,0.026060350284870224,0.4312499999999999,0.8125000000000004,0.8442211055276381,0.412037037037037,0.15740740740740766,0.809049079754601,0.2851637764932562,0.3598615916955017,0.5113636363636362,0.6676470588235297,0.3547297297297298,0.9062500000000004,0.6805555555555554,0.15489130434782605,0.33333333333325754,No Tournament,False,False,False,False,False,False,False,False,False,True,False,False,False,False,False,False,False,False,False,False,False,False,False,False,False,False,False,False,False,False,False,False
0.20833333333333304,0.11940298507462685,0.06382978723404209,0.8991712707182313,0.0030597172399240355,0.1937500000000001,0.8819444444444451,0.9849246231155779,0.3657407407407407,0.5046296296296298,0.6740797546012267,0.23506743737957603,0.5155709342560553,0.14772727272727249,0.7147058823529413,0.4290540540540544,0.8750000000000004,0.22916666666666607,0.12771739130434778,0.33333333333325754,No Tournament,False,False,False,False,False,False,False,False,False,True,False,False,False,False,False,False,False,False,False,False,False,False,False,False,False,False,False,False,False,False,False,False
0.375,0.3880597014925373,0.27127659574468055,0.6063535911602207,0.175142435112893,0.3187500000000001,0.5416666666666674,0.8944723618090451,0.19907407407407418,0.7268518518518519,0.3673312883435582,0.3044315992292872,0.2837370242214532,0.22727272727272707,0.5147058823529411,0.49662162162162193,0.5859375,0.2499999999999991,0.3641304347826087,0.33333333333325754,No Tournament,False,False,False,False,False,False,False,False,False,True,False,False,False,False,False,False,False,False,False,False,False,False,False,False,False,False,False,False,False,False,False,False
0.45833333333333304,0.6567164179104478,0.5345744680851063,0.44889502762430933,0.5859886051909685,0.7312500000000002,0.6250000000000004,0.25125628140703515,0.8935185185185186,0.29166666666666674,0.391871165644172,0.51252408477842,0.32525951557093413,0.6363636363636358,0.6088235294117648,0.7939189189189189,0.578125,0.520833333333333,0.5896739130434783,0.33333333333325754,No Tournament,False,False,False,False,False,False,False,False,False,True,False,False,False,False,False,False,False,False,False,False,False,False,False,False,False,False,False,False,False,False,False,False
0.2916666666666665,0.2985074626865672,0.41755319148936154,0.6919889502762429,0.2333825701624815,0.3062499999999999,0.6388888888888897,0.2613065326633166,0.4398148148148149,0.34722222222222254,0.5759202453987731,0.300578034682081,0.667820069204152,0.2556818181818179,0.5205882352941176,0.42229729729729737,0.8906250000000004,0.30555555555555536,0.27989130434782605,0.33333333333325754,No Tournament,False,False,False,False,False,False,False,False,False,False,True,False,False,False,False,False,False,False,False,False,False,False,False,False,False,False,False,False,False,False,False,False
0.375,0.4776119402985075,0.3271276595744679,0.48204419889502725,0.32285292255750153,0.4187500000000002,0.4375000000000009,0.7236180904522611,0.6157407407407409,0.5648148148148149,0.4041411042944787,0.7052023121387285,0.7024221453287196,0.5681818181818179,0.44999999999999973,0.2398648648648649,0.46093749999999956,0.5555555555555554,0.3858695652173913,0.33333333333325754,No Tournament,False,False,False,False,False,False,False,False,False,False,True,False,False,False,False,False,False,False,False,False,False,False,False,False,False,False,False,False,False,False,False,False
0.20833333333333304,0.2985074626865672,0.49202127659574435,0.7941988950276238,0.22135471618484912,0.45625000000000027,0.5902777777777781,0.4422110552763818,0.4490740740740742,0.44444444444444464,0.6679447852760736,0.901734104046243,0.6885813148788926,0.49999999999999956,0.4970588235294118,0.43581081081081097,0.7812500000000004,0.8472222222222232,0.328804347826087,0.33333333333325754,No Tournament,False,False,False,False,False,False,False,False,False,False,True,False,False,False,False,False,False,False,False,False,False,False,False,False,False,False,False,False,False,False,False,False
0.2916666666666665,0.3880597014925373,0.3138297872340421,0.49585635359115976,0.3000633044946191,0.3812500000000001,0.5138888888888893,0.6834170854271358,0.6805555555555556,0.4583333333333335,0.49003067484662566,0.5895953757225434,0.570934256055363,0.4545454545454546,0.5735294117647061,0.3277027027027031,0.42187499999999956,0.45833333333333304,0.3695652173913044,0.33333333333325754,No Tournament,False,False,False,False,False,False,False,False,False,False,True,False,False,False,False,False,False,False,False,False,False,False,False,False,False,False,False,False,False,False,False,False
0.5416666666666665,0.41791044776119407,0.5186170212765955,0.6146408839779003,0.3983962861363156,0.39375000000000027,0.6736111111111116,0.64321608040201,0.5231481481481484,0.6250000000000002,0.7415644171779139,0.5626204238921004,0.5501730103806228,0.3636363636363633,0.5970588235294119,0.5304054054054057,0.7421875,0.6319444444444446,0.39945652173913043,0.33333333333325754,No Tournament,False,False,False,False,False,False,False,False,False,False,True,False,False,False,False,False,False,False,False,False,False,False,False,False,False,False,False,False,False,False,False,False
0.708333333333333,0.5970149253731344,0.4601063829787231,0.35220994475138134,0.6094112682000421,0.4750000000000001,0.04861111111111205,0.64321608040201,0.21759259259259278,0.6388888888888888,0.3366564417177915,0.3121387283236994,0.6366782006920413,0.43181818181818166,0.026470588235294468,0.5641891891891895,0.3359375,0.4097222222222223,0.4836956521739131,0.33333333333325754,No Tournament,False,False,False,False,False,False,False,False,False,False,True,False,False,False,False,False,False,False,False,False,False,False,False,False,False,False,False,False,False,False,False,False
0.125,0.208955223880597,0.22074468085106336,0.5262430939226519,0.18854188647393966,0.20625000000000027,0.44444444444444464,0.64321608040201,0.5694444444444446,0.3657407407407409,0.5513803680981595,0.323699421965318,0.4256055363321798,0.2443181818181812,0.3970588235294117,0.2939189189189193,0.5234375,0.4861111111111116,0.24184782608695649,0.33333333333325754,No Tournament,False,False,False,False,False,False,False,False,False,False,True,False,False,False,False,False,False,False,False,False,False,False,False,False,False,False,False,False,False,False,False,False
0.125,0.14925373134328357,0.19148936170212716,0.5676795580110494,0.14043047056341001,0.0,0.6319444444444451,0.48241206030150763,0.4305555555555558,0.587962962962963,0.5329754601226995,0.277456647398844,0.36332179930795827,0.0625,0.7088235294117649,0.08445945945945965,0.46874999999999956,0.28472222222222143,0.24456521739130438,0.33333333333325754,No Tournament,False,False,False,False,False,False,False,False,False,False,True,False,False,False,False,False,False,False,False,False,False,False,False,False,False,False,False,False,False,False,False,False
0.708333333333333,0.7164179104477612,0.5265957446808507,0.38259668508287303,0.6490820848280228,0.4375,0.3194444444444451,0.2412060301507537,0.5231481481481484,0.337962962962963,0.49003067484662566,0.8131021194605013,0.3494809688581313,0.4829545454545454,0.4558823529411766,0.4020270270270272,0.21093749999999956,0.25694444444444464,0.6304347826086957,0.33333333333325754,No Tournament,False,False,False,False,False,False,False,False,False,False,False,True,False,False,False,False,False,False,False,False,False,False,False,False,False,False,False,False,False,False,False,False
0.45833333333333304,0.35820895522388063,0.33776595744680815,0.5953038674033149,0.23612576492931,0.2749999999999999,0.6805555555555562,0.4422110552763818,0.20833333333333326,0.41666666666666696,0.4041411042944787,0.40847784200385373,0.6297577854671277,0.4090909090909087,0.6147058823529412,0.18581081081081097,0.671875,0.30555555555555536,0.3125,0.33333333333325754,No Tournament,False,False,False,False,False,False,False,False,False,False,False,True,False,False,False,False,False,False,False,False,False,False,False,False,False,False,False,False,False,False,False,False
0.45833333333333304,0.23880597014925373,0.4547872340425534,0.6395027624309386,0.307870858830977,0.46875,0.6736111111111116,0.5025125628140703,0.412037037037037,0.5694444444444444,0.5881901840490797,0.38535645472061675,0.6262975778546711,0.44886363636363624,0.6735294117647062,0.5168918918918917,0.59375,0.6875000000000009,0.21467391304347822,0.33333333333325754,No Tournament,False,False,False,False,False,False,False,False,False,False,False,True,False,False,False,False,False,False,False,False,False,False,False,False,False,False,False,False,False,False,False,False
0.375,0.5074626865671642,0.4813829787234045,0.4350828729281768,0.5433635788140958,0.6062500000000002,0.36111111111111205,0.31155778894472363,0.18055555555555558,0.28240740740740766,0.35506134969325154,0.35067437379576116,0.15916955017301027,0.5852272727272725,0.44999999999999973,0.570945945945946,0.296875,0.49305555555555536,0.47282608695652173,0.33333333333325754,No Tournament,False,False,False,False,False,False,False,False,False,False,False,True,False,False,False,False,False,False,False,False,False,False,False,False,False,False,False,False,False,False,False,False
0.45833333333333304,0.41791044776119407,0.6542553191489362,0.7223756906077341,0.43279172821270306,0.5812500000000003,0.6736111111111116,0.17085427135678377,0.22685185185185186,0.6018518518518521,0.5329754601226995,0.620423892100193,0.25951557093425603,0.5113636363636362,0.638235294117647,0.6182432432432434,0.6640625,0.4861111111111116,0.3831521739130435,0.33333333333325754,No Tournament,False,False,False,False,False,False,False,False,False,False,False,True,False,False,False,False,False,False,False,False,False,False,False,False,False,False,False,False,False,False,False,False
0.5416666666666665,0.26865671641791045,0.36170212765957466,0.4903314917127073,0.3523950200464232,0.48750000000000027,0.5347222222222228,0.793969849246231,0.4305555555555558,0.5092592592592595,0.28144171779141125,0.5587668593448942,0.5778546712802766,0.5511363636363633,0.5558823529411767,0.40878378378378377,0.484375,0.2361111111111116,0.2201086956521739,0.33333333333325754,No Tournament,False,False,False,False,False,False,False,False,False,False,False,True,False,False,False,False,False,False,False,False,False,False,False,False,False,False,False,False,False,False,False,False
0.45833333333333304,0.41791044776119407,0.542553191489362,0.575966850828729,0.46296687064781594,0.6937500000000001,0.6041666666666674,0.5025125628140703,0.375,0.3518518518518521,0.3734662576687118,0.624277456647399,0.31833910034602053,0.6704545454545454,0.5617647058823532,0.6385135135135136,0.625,0.39583333333333304,0.4429347826086957,0.33333333333325754,No Tournament,False,False,False,False,False,False,False,False,False,False,False,True,False,False,False,False,False,False,False,False,False,False,False,False,False,False,False,False,False,False,False,False
0.5416666666666665,0.5671641791044776,0.5186170212765955,0.4129834254143643,0.6085672082717873,0.3687499999999999,0.3888888888888897,0.522613065326633,0.5324074074074074,0.875,0.3182515337423315,0.9248554913294802,0.8754325259515567,0.48863636363636376,0.36764705882352944,0.22635135135135176,0.46093749999999956,0.5069444444444446,0.5054347826086957,0.33333333333325754,No Tournament,False,False,False,False,False,False,False,False,False,False,False,True,False,False,False,False,False,False,False,False,False,False,False,False,False,False,False,False,False,False,False,False
0.2916666666666665,0.4776119402985075,0.7101063829787235,0.6367403314917124,0.5736442287402406,0.8625000000000003,0.6180555555555558,0.3919597989949748,0.1435185185185186,0.34722222222222254,0.39800613496932513,0.6589595375722546,0.46020761245674735,0.8636363636363633,0.5794117647058825,0.7128378378378377,0.6015625,0.6944444444444446,0.5,0.33333333333325754,No Tournament,False,False,False,False,False,False,False,False,False,False,False,True,False,False,False,False,False,False,False,False,False,False,False,False,False,False,False,False,False,False,False,False
0.2916666666666665,0.35820895522388063,0.44680851063829774,0.603591160220994,0.3342477315889428,0.5062500000000001,0.6180555555555558,0.2613065326633166,0.49537037037037046,0.1018518518518522,0.6188650306748467,0.4778420038535647,0.4775086505190309,0.39204545454545414,0.6205882352941181,0.6925675675675675,0.578125,0.8402777777777777,0.39673913043478265,0.33333333333325754,No Tournament,False,False,False,False,False,False,False,False,False,False,False,False,True,False,False,False,False,False,False,False,False,False,False,False,False,False,False,False,False,False,False,False
0.2916666666666665,0.1791044776119403,0.4707446808510638,0.7223756906077341,0.25511711331504533,0.45625000000000027,0.6805555555555562,0.57286432160804,0.3564814814814816,0.5416666666666667,0.4348159509202454,0.2658959537572254,0.5155709342560553,0.5454545454545454,0.6735294117647062,0.3479729729729728,0.6171875,0.29166666666666696,0.17119565217391308,0.33333333333325754,No Tournament,False,False,False,False,False,False,False,False,False,False,False,False,True,False,False,False,False,False,False,False,False,False,False,False,False,False,False,False,False,False,False,False
0.20833333333333304,0.26865671641791045,0.34308510638297873,0.603591160220994,0.23580924245621435,0.2250000000000001,0.5277777777777781,0.31155778894472363,0.4398148148148149,0.40740740740740744,0.6311349693251533,0.33911368015414256,0.4878892733564011,0.2784090909090904,0.473529411764706,0.28040540540540526,0.671875,0.5763888888888893,0.28804347826086957,0.33333333333325754,No Tournament,False,False,False,False,False,False,False,False,False,False,False,False,True,False,False,False,False,False,False,False,False,False,False,False,False,False,False,False,False,False,False,False
0.45833333333333304,0.6567164179104478,0.5744680851063833,0.3908839779005522,0.685904199198143,0.6875,0.3194444444444451,0.4221105527638189,0.5972222222222221,0.5138888888888891,0.32438650306748484,0.5009633911368017,0.17647058823529393,0.6477272727272725,0.2735294117647058,0.6655405405405408,0.4921875,0.5555555555555554,0.5543478260869565,0.33333333333325754,No Tournament,False,False,False,False,False,False,False,False,False,False,False,False,True,False,False,False,False,False,False,False,False,False,False,False,False,False,False,False,False,False,False,False
0.708333333333333,0.5671641791044776,0.6569148936170213,0.6339779005524857,0.525532812829711,0.7000000000000002,0.5625000000000004,0.2412060301507537,0.3564814814814816,0.29166666666666674,0.7292944785276072,0.597302504816956,0.31833910034602053,0.6363636363636358,0.5970588235294119,0.685810810810811,0.484375,1.0,0.4836956521739131,0.33333333333325754,No Tournament,False,False,False,False,False,False,False,False,False,False,False,False,True,False,False,False,False,False,False,False,False,False,False,False,False,False,False,False,False,False,False,False
0.20833333333333304,0.208955223880597,0.2952127659574466,0.6616022099447507,0.15889428149398607,0.3125,0.4861111111111116,0.49246231155778886,0.4490740740740742,0.38888888888888906,0.6311349693251533,0.51252408477842,0.45674740484429055,0.3806818181818179,0.4970588235294118,0.3006756756756759,0.484375,0.6388888888888893,0.20652173913043476,0.33333333333325754,No Tournament,False,False,False,False,False,False,False,False,False,False,False,False,True,False,False,False,False,False,False,False,False,False,False,False,False,False,False,False,False,False,False,False
0.45833333333333304,0.5373134328358209,0.396276595744681,0.2941988950276242,0.6045579236125765,0.20000000000000018,0.20833333333333393,0.40201005025125625,0.6620370370370372,0.8055555555555556,0.2875766871165646,0.4816955684007709,0.5813148788927334,0.22159090909090873,0.1676470588235297,0.3479729729729728,0.40625,0.041666666666666075,0.5298913043478262,0.33333333333325754,No Tournament,False,False,False,False,False,False,False,False,False,False,False,False,True,False,False,False,False,False,False,False,False,False,False,False,False,False,False,False,False,False,False,False
0.625,0.6567164179104478,0.5718085106382977,0.6008287292817678,0.46792572272631355,0.71875,0.4583333333333339,0.5929648241206029,0.412037037037037,0.4861111111111114,0.32438650306748484,0.7668593448940273,0.4809688581314877,0.5852272727272725,0.5029411764705887,0.7871621621621623,0.42968749999999956,0.8263888888888902,0.5163043478260869,0.33333333333325754,No Tournament,False,False,False,False,False,False,False,False,False,False,False,False,True,False,False,False,False,False,False,False,False,False,False,False,False,False,False,False,False,False,False,False
0.2916666666666665,0.23880597014925373,0.20212765957446788,0.6505524861878449,0.1067735809242456,0.1625000000000001,0.611111111111112,0.46231155778894495,0.337962962962963,0.19444444444444464,0.29984662576687127,0.2967244701348748,0.4186851211072662,0.2727272727272725,0.4852941176470589,0.158783783783784,0.703125,0.3402777777777777,0.23097826086956524,0.33333333333325754,No Tournament,False,False,False,False,False,False,False,False,False,False,False,False,True,False,False,False,False,False,False,False,False,False,False,False,False,False,False,False,False,False,False,False
0.5416666666666665,0.4776119402985075,0.4867021276595742,0.5372928176795577,0.441337834986284,0.5562499999999999,0.44444444444444464,0.6532663316582916,0.4027777777777779,0.550925925925926,0.44095092024539895,0.620423892100193,0.2629757785467126,0.607954545454545,0.44999999999999973,0.46283783783783816,0.453125,0.4027777777777777,0.42934782608695654,0.33333333333325754,No Tournament,False,False,False,False,False,False,False,False,False,False,False,False,True,False,False,False,False,False,False,False,False,False,False,False,False,False,False,False,False,False,False,False
0.45833333333333304,0.41791044776119407,0.4069148936170208,0.4571823204419889,0.4381726102553281,0.5874999999999999,0.4236111111111116,0.5527638190954773,0.4212962962962963,0.1898148148148151,0.25076687116564433,0.5664739884393064,0.5986159169550171,0.6420454545454541,0.43235294117647083,0.4763513513513513,0.4375,0.38194444444444464,0.3695652173913044,0.33333333333325754,No Tournament,False,False,False,False,False,False,False,False,False,False,False,False,True,False,False,False,False,False,False,False,False,False,False,False,False,False,False,False,False,False,False,False
0.45833333333333304,0.3880597014925373,0.26329787234042534,0.45994475138121516,0.28054441865372437,0.012500000000000178,0.4375000000000009,0.46231155778894495,0.4305555555555558,0.662037037037037,0.2016871165644174,0.5626204238921004,0.557093425605536,0.1761363636363633,0.42647058823529393,0.0,0.49999999999999956,0.520833333333333,0.3233695652173913,0.33333333333325754,No Tournament,False,False,False,False,False,False,False,False,False,False,False,False,True,False,False,False,False,False,False,False,False,False,False,False,False,False,False,False,False,False,False,False
0.5416666666666665,0.41791044776119407,0.4707446808510638,0.6118784530386736,0.3488077653513399,0.4812500000000002,0.6180555555555558,0.4522613065326633,0.26388888888888906,0.42592592592592604,0.35506134969325154,0.6011560693641622,0.10034602076124555,0.44886363636363624,0.5441176470588234,0.5506756756756754,0.65625,0.38194444444444464,0.3858695652173913,0.33333333333325754,No Tournament,False,False,False,False,False,False,False,False,False,False,False,False,True,False,False,False,False,False,False,False,False,False,False,False,False,False,False,False,False,False,False,False
0.375,0.23880597014925373,0.2686170212765955,0.46270718232044183,0.28223253851023417,0.2437499999999999,0.6041666666666674,0.5326633165829147,0.8657407407407409,0.5,0.7231595092024539,0.3082851637764934,0.6920415224913492,0.3352272727272725,0.6205882352941181,0.23310810810810834,0.5390624999999996,0.3611111111111116,0.2581521739130435,0.33333333333325754,No Tournament,False,False,False,False,False,False,False,False,False,False,False,False,False,True,False,False,False,False,False,False,False,False,False,False,False,False,False,False,False,False,False,False
0.375,0.208955223880597,0.4601063829787231,0.7720994475138117,0.2116480270099177,0.53125,0.9375000000000004,0.6030150753768844,0.5972222222222221,0.40740740740740744,0.64340490797546,0.6358381502890176,0.9204152249134945,0.4431818181818179,0.9499999999999997,0.6587837837837838,0.7187500000000004,0.8194444444444446,0.2201086956521739,0.33333333333325754,No Tournament,False,False,False,False,False,False,False,False,False,False,False,False,False,True,False,False,False,False,False,False,False,False,False,False,False,False,False,False,False,False,False,False
0.375,0.5074626865671642,0.42553191489361675,0.47375690607734766,0.4393331926566786,0.3687499999999999,0.5138888888888893,0.4522613065326633,0.5231481481481484,0.5694444444444444,0.47162576687116586,0.620423892100193,0.39100346020761245,0.4602272727272725,0.44411764705882373,0.2939189189189193,0.6171875,0.9375000000000009,0.4755434782608696,0.33333333333325754,No Tournament,False,False,False,False,False,False,False,False,False,False,False,False,False,True,False,False,False,False,False,False,False,False,False,False,False,False,False,False,False,False,False,False
0.708333333333333,0.4776119402985075,0.4148936170212765,0.5814917127071819,0.32264190757543776,0.5062500000000001,0.3263888888888897,0.8844221105527639,0.337962962962963,0.6666666666666667,0.64340490797546,0.647398843930636,0.3598615916955017,0.3977272727272725,0.2676470588235298,0.6587837837837838,0.59375,0.7777777777777786,0.3233695652173913,0.33333333333325754,No Tournament,False,False,False,False,False,False,False,False,False,False,False,False,False,True,False,False,False,False,False,False,False,False,False,False,False,False,False,False,False,False,False,False
0.708333333333333,0.2985074626865672,0.375,0.6118784530386736,0.2563832032074277,0.5249999999999999,0.729166666666667,0.46231155778894495,0.4212962962962963,0.2962962962962965,0.3611963190184051,0.22350674373795765,0.36332179930795827,0.5227272727272725,0.7676470588235298,0.5168918918918917,0.5703125000000004,0.12499999999999911,0.20108695652173908,0.33333333333325754,No Tournament,False,False,False,False,False,False,False,False,False,False,False,False,False,True,False,False,False,False,False,False,False,False,False,False,False,False,False,False,False,False,False,False
0.5416666666666665,0.7164179104477612,0.5053191489361701,0.37430939226519344,0.6354716184849124,0.5500000000000003,0.20138888888888928,0.49246231155778886,0.5509259259259258,0.5185185185185186,0.5023006134969326,0.620423892100193,0.23183391003460196,0.6420454545454541,0.24411764705882355,0.40878378378378377,0.296875,0.7916666666666679,0.5869565217391305,0.33333333333325754,No Tournament,False,False,False,False,False,False,False,False,False,False,False,False,False,True,False,False,False,False,False,False,False,False,False,False,False,False,False,False,False,False,False,False
0.5416666666666665,0.6865671641791045,0.5239361702127661,0.3936464088397793,0.6336779911373707,0.4812500000000002,0.2777777777777781,0.47236180904522596,0.45833333333333326,0.5694444444444444,0.3611963190184051,0.5895953757225434,0.36678200692041507,0.5625,0.30882352941176494,0.3885135135135136,0.34374999999999956,0.4652777777777777,0.6304347826086957,0.33333333333325754,No Tournament,False,False,False,False,False,False,False,False,False,False,False,False,False,True,False,False,False,False,False,False,False,False,False,False,False,False,False,False,False,False,False,False
0.375,0.5671641791044776,0.5452127659574466,0.5455801104972373,0.4955686853766617,0.6000000000000001,0.5972222222222228,0.693467336683417,0.6064814814814814,0.5231481481481481,0.34279141104294486,0.6319845857418114,0.5294117647058822,0.49999999999999956,0.638235294117647,0.6722972972972974,0.49999999999999956,0.5902777777777777,0.5,0.33333333333325754,No Tournament,False,False,False,False,False,False,False,False,False,False,False,False,False,True,False,False,False,False,False,False,False,False,False,False,False,False,False,False,False,False,False,False
0.5416666666666665,0.35820895522388063,0.43085106382978733,0.7499999999999996,0.204473517619751,0.4187500000000002,0.6666666666666674,0.25125628140703515,0.3194444444444444,0.37962962962962976,0.64340490797546,0.16570327552986508,0.25259515570934243,0.47727272727272707,0.7264705882352942,0.375,0.484375,0.7708333333333339,0.266304347826087,0.33333333333325754,No Tournament,False,False,False,False,False,False,False,False,False,False,False,False,False,True,False,False,False,False,False,False,False,False,False,False,False,False,False,False,False,False,False,False
0.20833333333333304,0.35820895522388063,0.4707446808510638,0.7582872928176787,0.22874024055707956,0.5187500000000003,0.9930555555555558,0.613065326633166,0.7638888888888888,0.41666666666666696,0.5391104294478528,0.8824662813102122,0.5986159169550171,0.47727272727272707,1.0,0.5641891891891895,0.703125,0.7430555555555562,0.3695652173913044,0.33333333333325754,No Tournament,False,False,False,False,False,False,False,False,False,False,False,False,False,False,True,False,False,False,False,False,False,False,False,False,False,False,False,False,False,False,False,False
0.04166666666666652,0.2985074626865672,0.4042553191489362,0.5566298342541431,0.3341422240979109,0.45625000000000027,0.5972222222222228,0.49246231155778886,0.6712962962962963,0.4537037037037037,0.6679447852760736,0.2890173410404626,0.44982698961937695,0.36931818181818166,0.5441176470588234,0.5979729729729732,0.6015625,0.5763888888888893,0.3831521739130435,0.33333333333325754,No Tournament,False,False,False,False,False,False,False,False,False,False,False,False,False,False,True,False,False,False,False,False,False,False,False,False,False,False,False,False,False,False,False,False
0.20833333333333304,0.208955223880597,0.375,0.6008287292817678,0.2664064148554547,0.6062500000000002,0.5902777777777781,0.6633165829145728,0.23611111111111116,0.1805555555555558,0.38573619631901845,0.3044315992292872,0.3460207612456747,0.7386363636363638,0.585294117647059,0.40878378378378377,0.5625,0.6527777777777786,0.28804347826086957,0.33333333333325754,No Tournament,False,False,False,False,False,False,False,False,False,False,False,False,False,False,True,False,False,False,False,False,False,False,False,False,False,False,False,False,False,False,False,False
0.125,0.1791044776119403,0.3723404255319145,0.7113259668508283,0.18453260181472886,0.46875,0.6875000000000004,0.8241206030150752,0.26388888888888906,0.44444444444444464,0.3734662576687118,0.4701348747591523,0.30795847750865035,0.4261363636363633,0.7382352941176475,0.5371621621621623,0.5234375,0.4652777777777777,0.2853260869565218,0.33333333333325754,No Tournament,False,False,False,False,False,False,False,False,False,False,False,False,False,False,True,False,False,False,False,False,False,False,False,False,False,False,False,False,False,False,False,False
0.04166666666666652,0.5074626865671642,0.5558510638297873,0.4350828729281768,0.6223886895969615,0.6187499999999999,0.2777777777777781,0.6331658291457287,0.5046296296296295,0.5324074074074077,0.5329754601226995,0.4123314065510597,0.6124567474048441,0.6022727272727271,0.39117647058823524,0.5844594594594597,0.21874999999999956,0.4236111111111107,0.5461956521739131,0.33333333333325754,No Tournament,False,False,False,False,False,False,False,False,False,False,False,False,False,False,True,False,False,False,False,False,False,False,False,False,False,False,False,False,False,False,False,False
0.20833333333333304,0.35820895522388063,0.457446808510638,0.44060773480662974,0.5106562565942182,0.5750000000000002,0.37500000000000044,0.5427135678391959,0.6620370370370372,0.4398148148148151,0.5207055214723926,0.16955684007707128,0.408304498269896,0.6590909090909092,0.24411764705882355,0.4493243243243241,0.59375,0.4236111111111107,0.4429347826086957,0.33333333333325754,No Tournament,False,False,False,False,False,False,False,False,False,False,False,False,False,False,True,False,False,False,False,False,False,False,False,False,False,False,False,False,False,False,False,False
0.20833333333333304,0.5074626865671642,0.5478723404255321,0.534530386740331,0.5093901667018358,0.6187499999999999,0.4375000000000009,0.5829145728643217,0.375,0.6064814814814816,0.4654907975460123,0.4739884393063585,0.15570934256055358,0.6363636363636358,0.4970588235294118,0.5574324324324325,0.375,0.5,0.5543478260869565,0.33333333333325754,No Tournament,False,False,False,False,False,False,False,False,False,False,False,False,False,False,True,False,False,False,False,False,False,False,False,False,False,False,False,False,False,False,False,False
0.708333333333333,0.5074626865671642,0.5877659574468086,0.6588397790055245,0.4265667862418231,0.6687500000000002,0.7708333333333339,0.47236180904522596,0.7268518518518519,0.5601851851851853,0.6924846625766872,0.35838150289017334,0.4152249134948094,0.6136363636363633,0.8735294117647059,0.6655405405405408,0.46093749999999956,0.6111111111111116,0.44021739130434784,0.33333333333325754,No Tournament,False,False,False,False,False,False,False,False,False,False,False,False,False,False,False,True,False,False,False,False,False,False,False,False,False,False,False,False,False,False,False,False
0.45833333333333304,0.44776119402985076,0.35106382978723394,0.4571823204419889,0.37476260814517826,0.5562499999999999,0.4236111111111116,0.512562814070352,0.4212962962962963,0.2870370370370372,0.44708588957055206,0.21579961464354525,0.3529411764705881,0.6477272727272725,0.4852941176470589,0.42229729729729737,0.3671875,0.604166666666667,0.4375,0.33333333333325754,No Tournament,False,False,False,False,False,False,False,False,False,False,False,False,False,False,False,True,False,False,False,False,False,False,False,False,False,False,False,False,False,False,False,False
0.5416666666666665,0.26865671641791045,0.2898936170212765,0.5925414364640877,0.19972568052331716,0.3125,0.5694444444444451,0.914572864321608,0.6527777777777777,0.587962962962963,0.5636503067484664,0.7475915221579963,1.0,0.3238636363636358,0.40882352941176503,0.3817567567567566,0.8437500000000009,0.604166666666667,0.2581521739130435,0.33333333333325754,No Tournament,False,False,False,False,False,False,False,False,False,False,False,False,False,False,False,True,False,False,False,False,False,False,False,False,False,False,False,False,False,False,False,False
0.5416666666666665,0.208955223880597,0.42553191489361675,0.7444751381215462,0.20225786030808185,0.46875,0.6388888888888897,0.49246231155778886,0.25462962962962954,0.1620370370370373,0.7354294478527605,0.6281310211946052,0.5259515570934254,0.5284090909090904,0.5500000000000003,0.40878378378378377,0.7265625000000004,0.45833333333333304,0.20108695652173908,0.33333333333325754,No Tournament,False,False,False,False,False,False,False,False,False,False,False,False,False,False,False,True,False,False,False,False,False,False,False,False,False,False,False,False,False,False,False,False
0.708333333333333,0.7761194029850746,0.5824468085106385,0.38259668508287303,0.7015193078708588,0.5249999999999999,0.25000000000000044,0.32160804020100486,0.6064814814814814,0.5370370370370372,0.5575153374233128,0.6050096339113682,0.4809688581314877,0.3977272727272725,0.23235294117647065,0.679054054054054,0.39062499999999956,0.8194444444444446,0.6983695652173914,0.33333333333325754,No Tournament,False,False,False,False,False,False,False,False,False,False,False,False,False,False,False,True,False,False,False,False,False,False,False,False,False,False,False,False,False,False,False,False
0.625,0.26865671641791045,0.38829787234042534,0.6477900552486182,0.24266722937328547,0.3250000000000002,0.49305555555555625,0.4422110552763818,0.28240740740740744,0.5740740740740742,0.6004601226993864,0.4624277456647401,0.31141868512110715,0.1931818181818179,0.40882352941176503,0.631756756756757,0.6406250000000004,0.5763888888888893,0.19836956521739135,0.33333333333325754,No Tournament,False,False,False,False,False,False,False,False,False,False,False,False,False,False,False,True,False,False,False,False,False,False,False,False,False,False,False,False,False,False,False,False
0.45833333333333304,0.26865671641791045,0.4228723404255317,0.7472375690607729,0.19898712808609412,0.34375,0.6388888888888897,0.57286432160804,0.3564814814814816,0.7407407407407409,0.5697852760736195,0.4393063583815029,0.5674740484429064,0.3863636363636358,0.5500000000000003,0.36148648648648685,0.7500000000000004,0.854166666666667,0.26358695652173914,0.33333333333325754,No Tournament,False,False,False,False,False,False,False,False,False,False,False,False,False,False,False,True,False,False,False,False,False,False,False,False,False,False,False,False,False,False,False,False
0.625,0.5074626865671642,0.40159574468085113,0.5207182320441985,0.3674825912639797,0.4125000000000001,0.3888888888888897,0.613065326633166,0.4768518518518521,0.6898148148148149,0.37960122699386534,0.5934489402697496,0.4878892733564011,0.4602272727272725,0.40294117647058814,0.4020270270270272,0.4140625,0.7986111111111116,0.4103260869565218,0.33333333333325754,No Tournament,False,False,False,False,False,False,False,False,False,False,False,False,False,False,False,True,False,False,False,False,False,False,False,False,False,False,False,False,False,False,False,False
0.875,0.6567164179104478,0.4627659574468086,0.2720994475138121,0.696771470774425,0.5500000000000003,0.3263888888888897,0.38190954773869357,0.7361111111111109,0.3425925925925928,0.3059815950920246,0.4431599229287093,0.25605536332179923,0.3806818181818179,0.42647058823529393,0.7331081081081083,0.27343749999999956,0.041666666666666075,0.4782608695652174,0.33333333333325754,No Tournament,False,False,False,False,False,False,False,False,False,False,False,False,False,False,False,True,False,False,False,False,False,False,False,False,False,False,False,False,False,False,False,False
0.708333333333333,0.4776119402985075,0.542553191489362,0.5649171270718227,0.47457269466132085,0.46875,0.47916666666666696,0.6231155778894473,0.3935185185185184,0.8055555555555556,0.5145705521472392,0.7090558766859347,0.4740484429065741,0.5454545454545454,0.5205882352941176,0.3682432432432434,0.42968749999999956,0.5555555555555554,0.40760869565217395,0.33333333333325754,No Tournament,False,False,False,False,False,False,False,False,False,False,False,False,False,False,False,True,False,False,False,False,False,False,False,False,False,False,False,False,False,False,False,False
0.7916666666666665,0.7761194029850746,0.6994680851063828,0.5455801104972373,0.6564676092002533,0.7937500000000002,0.5277777777777781,0.3718592964824119,0.3472222222222221,0.5231481481481481,0.42868098159509205,0.6050096339113682,0.38408304498269885,0.8181818181818179,0.4617647058823531,0.6452702702702702,0.65625,0.375,0.6331521739130436,0.33333333333325754,No Tournament,False,False,False,False,False,False,False,False,False,False,False,False,False,False,False,False,True,False,False,False,False,False,False,False,False,False,False,False,False,False,False,False
0.625,0.5970149253731344,0.5,0.5207182320441985,0.4720405148765561,0.7062500000000003,0.36805555555555625,0.64321608040201,0.3935185185185184,0.4490740740740742,0.45935582822085896,0.5202312138728327,0.4878892733564011,0.6306818181818183,0.29705882352941204,0.6993243243243246,0.5625,0.7083333333333339,0.5,0.33333333333325754,No Tournament,False,False,False,False,False,False,False,False,False,False,False,False,False,False,False,False,True,False,False,False,False,False,False,False,False,False,False,False,False,False,False,False
0.45833333333333304,0.35820895522388063,0.3989361702127656,0.5566298342541431,0.32897235703734956,0.3500000000000001,0.6736111111111116,0.38190954773869357,0.6527777777777777,0.4814814814814816,0.44708588957055206,0.5472061657032756,0.4290657439446366,0.3352272727272725,0.7147058823529413,0.46283783783783816,0.53125,0.6597222222222223,0.3342391304347826,0.33333333333325754,No Tournament,False,False,False,False,False,False,False,False,False,False,False,False,False,False,False,False,True,False,False,False,False,False,False,False,False,False,False,False,False,False,False,False
0.375,0.4776119402985075,0.49734042553191493,0.45165745856353556,0.5437856087782232,0.5187500000000003,0.33333333333333437,0.6331658291457287,0.4212962962962963,0.6990740740740742,0.5084355828220859,0.6050096339113682,0.7301038062283733,0.6136363636363633,0.2735294117647058,0.3885135135135136,0.5234375,0.7222222222222232,0.4592391304347826,0.33333333333325754,No Tournament,False,False,False,False,False,False,False,False,False,False,False,False,False,False,False,False,True,False,False,False,False,False,False,False,False,False,False,False,False,False,False,False
0.375,0.44776119402985076,0.6648936170212765,0.8881215469613251,0.2972146022367588,0.5812500000000003,0.7013888888888893,0.12060301507537674,0.20833333333333326,0.39814814814814836,0.8029141104294477,0.5009633911368017,0.37370242214532867,0.44886363636363624,0.75,0.6182432432432434,0.5234375,0.9930555555555562,0.391304347826087,0.33333333333325754,No Tournament,False,False,False,False,False,False,False,False,False,False,False,False,False,False,False,False,True,False,False,False,False,False,False,False,False,False,False,False,False,False,False,False
0.2916666666666665,0.44776119402985076,0.5452127659574466,0.5179558011049723,0.525427305338679,0.3999999999999999,0.4861111111111116,0.3618090452261309,0.7916666666666667,0.7175925925925928,0.8642638036809815,0.5279383429672448,1.0,0.4204545454545454,0.5323529411764709,0.4290540540540544,0.42968749999999956,0.5277777777777777,0.40760869565217395,0.33333333333325754,No Tournament,False,False,False,False,False,False,False,False,False,False,False,False,False,False,False,False,True,False,False,False,False,False,False,False,False,False,False,False,False,False,False,False
0.375,0.2985074626865672,0.2526595744680846,0.5400552486187844,0.20436801012871914,0.3875000000000002,0.5555555555555558,0.6633165829145728,0.7175925925925926,0.3148148148148149,0.6679447852760736,0.5934489402697496,0.6297577854671277,0.5227272727272725,0.5676470588235292,0.2466216216216215,0.49999999999999956,0.5555555555555554,0.2608695652173913,0.33333333333325754,No Tournament,False,False,False,False,False,False,False,False,False,False,False,False,False,False,False,False,True,False,False,False,False,False,False,False,False,False,False,False,False,False,False,False
0.2916666666666665,0.41791044776119407,0.3723404255319145,0.44613259668508265,0.40673137792783287,0.25,0.5138888888888893,0.6030150753768844,0.6990740740740742,0.712962962962963,0.44095092024539895,0.7206165703275531,0.6228373702422143,0.34090909090909083,0.5088235294117647,0.22635135135135176,0.5078125,0.43055555555555536,0.35597826086956524,0.33333333333325754,No Tournament,False,False,False,False,False,False,False,False,False,False,False,False,False,False,False,False,True,False,False,False,False,False,False,False,False,False,False,False,False,False,False,False
0.375,0.5671641791044776,0.5505319148936172,0.37983425414364635,0.6745093901667019,0.6750000000000003,0.2708333333333339,0.3919597989949748,0.4768518518518521,0.34722222222222254,0.41641104294478537,0.4662813102119463,0.3771626297577855,0.5340909090909087,0.33235294117647074,0.7601351351351351,0.28906249999999956,0.666666666666667,0.5217391304347827,0.33333333333325754,No Tournament,False,False,False,False,False,False,False,False,False,False,False,False,False,False,False,False,True,False,False,False,False,False,False,False,False,False,False,False,False,False,False,False
0.625,0.4776119402985075,0.6117021276595747,0.5124309392265194,0.6017092213547162,0.75,0.5416666666666674,0.5025125628140703,0.1157407407407407,0.5046296296296298,0.28144171779141125,0.6435452793834298,0.18685121107266423,0.7954545454545454,0.6558823529411764,0.5979729729729732,0.30468749999999956,0.4236111111111107,0.4239130434782609,0.33333333333325754,No Tournament,False,False,False,False,False,False,False,False,False,False,False,False,False,False,False,False,True,False,False,False,False,False,False,False,False,False,False,False,False,False,False,False
0.45833333333333304,0.44776119402985076,0.542553191489362,0.5372928176795577,0.5013715973834142,0.53125,0.7361111111111116,0.4120603015075379,0.49537037037037046,0.6018518518518521,0.34279141104294486,0.5163776493256265,0.4290657439446366,0.43181818181818166,0.75,0.7466216216216215,0.6015625,0.5069444444444446,0.4347826086956522,0.33333333333325754,No Tournament,False,False,False,False,False,False,False,False,False,False,False,False,False,False,False,False,True,False,False,False,False,False,False,False,False,False,False,False,False,False,False,False
0.375,0.26865671641791045,0.2765957446808507,0.7803867403314912,0.09200253217978475,0.2749999999999999,0.6736111111111116,0.4221105527638189,0.6157407407407409,0.6018518518518521,0.9010736196319016,0.25433526011560703,0.6297577854671277,0.3011363636363633,0.797058823529412,0.34121621621621623,0.40625,0.5277777777777777,0.17663043478260876,0.33333333333325754,No Tournament,False,False,False,False,False,False,False,False,False,False,False,False,False,False,False,False,False,True,False,False,False,False,False,False,False,False,False,False,False,False,False,False
0.375,0.208955223880597,0.18351063829787195,0.8549723756906071,0.03450094956741928,0.09375,0.7638888888888893,0.562814070351759,0.5509259259259258,0.4583333333333335,0.7476993865030672,0.7090558766859347,0.6297577854671277,0.0625,0.8147058823529414,0.3006756756756759,0.5625,0.5555555555555554,0.20108695652173908,0.33333333333325754,No Tournament,False,False,False,False,False,False,False,False,False,False,False,False,False,False,False,False,False,True,False,False,False,False,False,False,False,False,False,False,False,False,False,False
0.375,0.26865671641791045,0.24202127659574435,0.769337016574585,0.07902511078286559,0.3374999999999999,0.6180555555555558,0.613065326633166,0.6805555555555556,0.4814814814814816,0.9992331288343559,0.3275529865125242,0.5986159169550171,0.23295454545454541,0.6735294117647062,0.5304054054054057,0.4921875,0.36805555555555536,0.2119565217391305,0.33333333333325754,No Tournament,False,False,False,False,False,False,False,False,False,False,False,False,False,False,False,False,False,True,False,False,False,False,False,False,False,False,False,False,False,False,False,False
0.20833333333333304,0.1791044776119403,0.19946808510638236,0.8577348066298338,0.03861574171766197,0.2562500000000001,0.6805555555555562,0.5025125628140703,0.5509259259259258,0.37962962962962976,0.8458588957055215,0.6165703275529868,0.4186851211072662,0.23295454545454541,0.6676470588235297,0.4493243243243241,0.6015625,0.6388888888888893,0.13586956521739135,0.33333333333325754,No Tournament,False,False,False,False,False,False,False,False,False,False,False,False,False,False,False,False,False,True,False,False,False,False,False,False,False,False,False,False,False,False,False,False
0.2916666666666665,0.3880597014925373,0.19148936170212716,0.5787292817679552,0.13568263346697615,0.23125000000000018,0.43055555555555625,0.613065326633166,0.6435185185185184,0.5787037037037039,0.5145705521472392,0.4547206165703277,0.72318339100346,0.24999999999999956,0.3735294117647059,0.33445945945945965,0.5625,0.520833333333333,0.34510869565217395,0.33333333333325754,No Tournament,False,False,False,False,False,False,False,False,False,False,False,False,False,False,False,False,False,True,False,False,False,False,False,False,False,False,False,False,False,False,False,False
0.5416666666666665,0.26865671641791045,0.13829787234042534,0.6477900552486182,0.07543785608778224,0.0625,0.4375000000000009,0.8040201005025127,0.48611111111111116,0.6574074074074074,0.7599693251533739,0.8400770712909444,0.4844290657439443,0.15340909090909038,0.355882352941177,0.11824324324324342,0.59375,0.4652777777777777,0.19565217391304346,0.33333333333325754,No Tournament,False,False,False,False,False,False,False,False,False,False,False,False,False,False,False,False,False,True,False,False,False,False,False,False,False,False,False,False,False,False,False,False
0.5416666666666665,0.3880597014925373,0.3085106382978724,0.7472375690607729,0.12207216712386579,0.375,0.6527777777777781,0.4522613065326633,0.587962962962963,0.41666666666666696,0.7845092024539877,0.4200385356454721,0.6608996539792384,0.3352272727272725,0.6500000000000004,0.4831081081081079,0.5859375,0.541666666666667,0.3125,0.33333333333325754,No Tournament,False,False,False,False,False,False,False,False,False,False,False,False,False,False,False,False,False,True,False,False,False,False,False,False,False,False,False,False,False,False,False,False
0.2916666666666665,0.3880597014925373,0.18085106382978688,0.5511049723756902,0.14433424773158893,0.006250000000000089,0.3819444444444451,0.6331658291457287,0.6620370370370372,0.7731481481481481,0.6311349693251533,0.624277456647399,0.681660899653979,0.07954545454545414,0.6205882352941181,0.1317567567567568,0.03906249999999911,0.5,0.328804347826087,0.33333333333325754,No Tournament,False,False,False,False,False,False,False,False,False,False,False,False,False,False,False,False,False,True,False,False,False,False,False,False,False,False,False,False,False,False,False,False
0.5416666666666665,0.4776119402985075,0.23138297872340408,0.5428176795580106,0.1857986917071112,0.3125,0.3194444444444451,0.7035175879396987,0.3472222222222221,0.5370370370370372,0.49003067484662566,0.6319845857418114,0.5743944636678198,0.3125,0.25,0.4020270270270272,0.4921875,0.541666666666667,0.38858695652173914,0.33333333333325754,No Tournament,False,False,False,False,False,False,False,False,False,False,False,False,False,False,False,False,False,True,False,False,False,False,False,False,False,False,False,False,False,False,False,False
0.375,0.059701492537313425,0.2765957446808507,0.9999999999999996,0.02025743827811775,0.3250000000000002,0.6736111111111116,0.8241206030150752,0.125,0.6342592592592593,0.7354294478527605,0.4547206165703277,0.5916955017301035,0.3806818181818179,0.5264705882352945,0.33445945945945965,0.7734375,0.18055555555555447,0.0,0.33333333333325754,No Tournament,False,False,False,False,False,False,False,False,False,False,False,False,False,False,False,False,False,True,False,False,False,False,False,False,False,False,False,False,False,False,False,False
0.125,0.35820895522388063,0.37765957446808507,0.7803867403314912,0.1467609200253218,0.4437500000000001,0.6597222222222228,0.4321608040201006,0.587962962962963,0.4398148148148151,0.9133435582822083,0.4123314065510597,0.3425605536332179,0.6477272727272725,0.8676470588235294,0.30743243243243246,0.32812499999999956,1.0,0.3858695652173913,0.33333333333325754,No Tournament,False,False,False,False,False,False,False,False,False,False,False,False,False,False,False,False,False,True,False,False,False,False,False,False,False,False,False,False,False,False,False,False
0.2916666666666665,0.2985074626865672,0.35106382978723394,0.9129834254143638,0.07691496096222833,0.3125,0.7569444444444446,0.4522613065326633,0.4305555555555558,0.46296296296296324,0.9133435582822083,0.33911368015414256,0.5986159169550171,0.36931818181818166,0.8558823529411765,0.32094594594594605,0.46874999999999956,0.5138888888888893,0.328804347826087,0.33333333333325754,No Tournament,False,False,False,False,False,False,False,False,False,False,False,False,False,False,False,False,False,True,False,False,False,False,False,False,False,False,False,False,False,False,False,False
0.5416666666666665,0.35820895522388063,0.311170212765957,0.45441988950276224,0.33161004431314617,0.3812500000000001,0.3819444444444451,0.8442211055276381,0.5046296296296295,0.37962962962962976,0.5207055214723926,0.7899807321772643,0.6608996539792384,0.3125,0.33235294117647074,0.5439189189189189,0.4921875,0.4861111111111116,0.3804347826086957,0.33333333333325754,No Tournament,False,False,False,False,False,False,False,False,False,False,False,False,False,False,False,False,False,False,True,False,False,False,False,False,False,False,False,False,False,False,False,False
0.2916666666666665,0.1791044776119403,0.47340425531914887,0.672651933701657,0.29890272209326857,0.3562500000000002,0.6736111111111116,0.4120603015075379,0.4305555555555558,0.4027777777777779,0.6495398773006134,0.2890173410404626,0.30795847750865035,0.26704545454545414,0.638235294117647,0.49662162162162193,0.65625,0.625,0.2554347826086956,0.33333333333325754,No Tournament,False,False,False,False,False,False,False,False,False,False,False,False,False,False,False,False,False,False,True,False,False,False,False,False,False,False,False,False,False,False,False,False
0.45833333333333304,0.44776119402985076,0.5611702127659575,0.4571823204419889,0.6062460434690863,0.3999999999999999,0.43055555555555625,0.4422110552763818,0.5138888888888888,0.41666666666666696,0.37960122699386534,0.9325626204238924,0.6608996539792384,0.375,0.3970588235294117,0.6520270270270272,0.5078125,0.41666666666666696,0.4429347826086957,0.33333333333325754,No Tournament,False,False,False,False,False,False,False,False,False,False,False,False,False,False,False,False,False,False,True,False,False,False,False,False,False,False,False,False,False,False,False,False
0.708333333333333,0.8059701492537313,0.603723404255319,0.18093922651933747,0.8718083983962861,0.5625,0.04166666666666741,0.512562814070352,0.5601851851851851,0.5694444444444444,0.4654907975460123,0.3198458574181118,0.37370242214532867,0.4545454545454546,0.0,0.6587837837837838,0.32031249999999956,0.29166666666666696,0.7336956521739131,0.33333333333325754,No Tournament,False,False,False,False,False,False,False,False,False,False,False,False,False,False,False,False,False,False,True,False,False,False,False,False,False,False,False,False,False,False,False,False
0.375,0.2985074626865672,0.36170212765957466,0.41022099447513805,0.4377505802912006,0.3374999999999999,0.31250000000000044,0.4321608040201006,0.4490740740740742,0.19907407407407418,0.5145705521472392,0.35452793834296736,0.7266435986159165,0.29545454545454497,0.1794117647058826,0.4493243243243241,0.6953125,0.6319444444444446,0.3641304347826087,0.33333333333325754,No Tournament,False,False,False,False,False,False,False,False,False,False,False,False,False,False,False,False,False,False,True,False,False,False,False,False,False,False,False,False,False,False,False,False
0.375,0.5074626865671642,0.5984042553191489,0.4212707182320443,0.6778856298797215,0.8062499999999999,0.5833333333333335,0.38190954773869357,0.7361111111111109,0.11574074074074103,0.29984662576687127,0.35452793834296736,0.4048442906574392,0.7329545454545454,0.4970588235294118,0.7871621621621623,0.6953125,0.3541666666666661,0.4891304347826087,0.33333333333325754,No Tournament,False,False,False,False,False,False,False,False,False,False,False,False,False,False,False,False,False,False,True,False,False,False,False,False,False,False,False,False,False,False,False,False
0.5416666666666665,0.4776119402985075,0.6303191489361701,0.5428176795580106,0.5901033973412112,0.5375000000000001,0.4861111111111116,0.49246231155778886,0.3009259259259258,0.6851851851851851,0.22622699386503098,0.4701348747591523,0.38754325259515565,0.4659090909090904,0.473529411764706,0.6047297297297298,0.515625,0.375,0.453804347826087,0.33333333333325754,No Tournament,False,False,False,False,False,False,False,False,False,False,False,False,False,False,False,False,False,False,True,False,False,False,False,False,False,False,False,False,False,False,False,False
0.2916666666666665,0.3880597014925373,0.31914893617021267,0.3024861878453038,0.5049588520784976,0.26875000000000027,0.49305555555555625,0.38190954773869357,0.7361111111111109,0.0,0.4532208588957056,0.4855491329479771,0.1453287197231833,0.26704545454545414,0.3794117647058828,0.34121621621621623,0.65625,0.1875,0.5,0.33333333333325754,No Tournament,False,False,False,False,False,False,False,False,False,False,False,False,False,False,False,False,False,False,True,False,False,False,False,False,False,False,False,False,False,False,False,False
0.5416666666666665,0.4776119402985075,0.4601063829787231,0.48204419889502725,0.46898079763663214,0.33125000000000027,0.611111111111112,0.4120603015075379,0.6805555555555556,0.5277777777777779,0.64340490797546,0.531791907514451,0.408304498269896,0.41477272727272707,0.4147058823529415,0.2939189189189193,0.8593750000000004,0.33333333333333304,0.4891304347826087,0.33333333333325754,No Tournament,False,False,False,False,False,False,False,False,False,False,False,False,False,False,False,False,False,False,True,False,False,False,False,False,False,False,False,False,False,False,False,False
0.45833333333333304,0.3283582089552239,0.4867021276595742,0.5980662983425411,0.37856087782232534,0.4624999999999999,0.7777777777777786,0.4422110552763818,0.4212962962962963,0.38888888888888906,0.22622699386503098,0.6088631984585744,0.37370242214532867,0.3636363636363633,0.7794117647058822,0.6047297297297298,0.6406250000000004,0.44444444444444464,0.3016304347826087,0.33333333333325754,No Tournament,False,False,False,False,False,False,False,False,False,False,False,False,False,False,False,False,False,False,False,True,False,False,False,False,False,False,False,False,False,False,False,False
0.45833333333333304,0.5671641791044776,0.646276595744681,0.4350828729281768,0.7090103397341211,0.5874999999999999,0.3402777777777781,0.4422110552763818,0.337962962962963,0.44444444444444464,0.34279141104294486,0.7283236994219655,0.695501730103806,0.6193181818181817,0.3500000000000001,0.5101351351351351,0.453125,0.5902777777777777,0.5978260869565217,0.33333333333325754,No Tournament,False,False,False,False,False,False,False,False,False,False,False,False,False,False,False,False,False,False,False,True,False,False,False,False,False,False,False,False,False,False,False,False
0.708333333333333,0.6865671641791045,0.625,0.40193370165745845,0.7185060139269888,0.3687499999999999,0.2361111111111116,0.2613065326633166,0.3657407407407407,0.6111111111111112,0.48389570552147254,0.6396917148362238,0.3460207612456747,0.34090909090909083,0.32058823529411784,0.46283783783783816,0.23437499999999956,0.4027777777777777,0.6086956521739131,0.33333333333325754,No Tournament,False,False,False,False,False,False,False,False,False,False,False,False,False,False,False,False,False,False,False,True,False,False,False,False,False,False,False,False,False,False,False,False
0.45833333333333304,0.5671641791044776,0.49734042553191493,0.3080110497237567,0.6940282760075965,0.5249999999999999,0.3541666666666674,0.5326633165829147,0.7083333333333335,0.4212962962962965,0.4041411042944787,0.7283236994219655,0.8442906574394462,0.5056818181818179,0.355882352941177,0.5641891891891895,0.40625,0.541666666666667,0.578804347826087,0.33333333333325754,No Tournament,False,False,False,False,False,False,False,False,False,False,False,False,False,False,False,False,False,False,False,True,False,False,False,False,False,False,False,False,False,False,False,False
0.45833333333333304,0.4776119402985075,0.542553191489362,0.41574585635359096,0.6294576914960962,0.48750000000000027,0.5000000000000009,0.49246231155778886,0.5601851851851851,0.4120370370370372,0.4225460122699387,0.9402697495183048,0.5501730103806228,0.5738636363636362,0.3735294117647059,0.3682432432432434,0.6640625,0.5833333333333339,0.5380434782608696,0.33333333333325754,No Tournament,False,False,False,False,False,False,False,False,False,False,False,False,False,False,False,False,False,False,False,True,False,False,False,False,False,False,False,False,False,False,False,False
0.5416666666666665,0.5373134328358209,0.4893617021276597,0.2140883977900554,0.772420341844271,0.3187500000000001,0.09722222222222276,0.40201005025125625,0.5601851851851851,0.5740740740740742,0.5023006134969326,0.5279383429672448,0.36678200692041507,0.39204545454545414,0.10294117647058831,0.2939189189189193,0.28906249999999956,0.28472222222222143,0.5217391304347827,0.33333333333325754,No Tournament,False,False,False,False,False,False,False,False,False,False,False,False,False,False,False,False,False,False,False,True,False,False,False,False,False,False,False,False,False,False,False,False
0.20833333333333304,0.3880597014925373,0.396276595744681,0.506906077348066,0.37223042836041353,0.3875000000000002,0.5833333333333335,0.47236180904522596,0.5509259259259258,0.3148148148148149,0.3182515337423315,0.5587668593448942,0.6401384083044979,0.40340909090909083,0.638235294117647,0.43581081081081097,0.46093749999999956,0.7013888888888893,0.44021739130434784,0.33333333333325754,No Tournament,False,False,False,False,False,False,False,False,False,False,False,False,False,False,False,False,False,False,False,True,False,False,False,False,False,False,False,False,False,False,False,False
0.5416666666666665,0.2985074626865672,0.3351063829787235,0.5096685082872923,0.3080818738130407,0.16875000000000018,0.5694444444444451,0.4522613065326633,0.3287037037037037,0.5,0.4041411042944787,0.6127167630057806,0.23529411764705876,0.16477272727272707,0.4558823529411766,0.32094594594594605,0.734375,0.5625,0.3423913043478261,0.33333333333325754,No Tournament,False,False,False,False,False,False,False,False,False,False,False,False,False,False,False,False,False,False,False,True,False,False,False,False,False,False,False,False,False,False,False,False
0.375,0.41791044776119407,0.5558510638297873,0.48480662983425393,0.569423929098966,0.6312500000000001,0.40277777777777857,0.47236180904522596,0.26388888888888906,0.3148148148148149,0.3611963190184051,0.5202312138728327,0.4117647058823528,0.5340909090909087,0.38529411764705923,0.7263513513513513,0.4765625,0.4236111111111107,0.4347826086956522,0.33333333333325754,No Tournament,False,False,False,False,False,False,False,False,False,False,False,False,False,False,False,False,False,False,False,True,False,False,False,False,False,False,False,False,False,False,False,False
0.875,0.6567164179104478,0.521276595744681,0.4350828729281768,0.5892593374129562,0.5750000000000002,0.19444444444444553,0.4221105527638189,0.3009259259259258,0.21296296296296324,0.41641104294478537,0.6127167630057806,0.6089965397923873,0.5738636363636362,0.2676470588235298,0.5304054054054057,0.23437499999999956,0.8472222222222232,0.48097826086956524,0.33333333333325754,No Tournament,False,False,False,False,False,False,False,False,False,False,False,False,False,False,False,False,False,False,False,True,False,False,False,False,False,False,False,False,False,False,False,False
0.45833333333333304,0.3283582089552239,0.4069148936170208,0.7168508287292812,0.2064781599493564,0.45625000000000027,0.5625000000000004,0.5326633165829147,0.4305555555555558,0.5138888888888891,0.5943251533742331,0.4315992292870905,0.5397923875432524,0.48863636363636376,0.6441176470588239,0.43581081081081097,0.40625,0.5902777777777777,0.2853260869565218,0.33333333333325754,No Tournament,False,False,False,False,False,False,False,False,False,False,False,False,False,False,False,False,False,False,False,False,True,False,False,False,False,False,False,False,False,False,False,False
0.2916666666666665,0.14925373134328357,0.20478723404255295,0.7638121546961321,0.06583667440388268,0.26875000000000027,0.7361111111111116,0.7738693467336681,0.6712962962962963,0.6203703703703705,0.7108895705521472,0.4508670520231215,0.44290657439446357,0.22727272727272707,0.6500000000000004,0.5304054054054057,0.7500000000000004,0.3125,0.15217391304347816,0.33333333333325754,No Tournament,False,False,False,False,False,False,False,False,False,False,False,False,False,False,False,False,False,False,False,False,True,False,False,False,False,False,False,False,False,False,False,False
0.2916666666666665,0.2985074626865672,0.43882978723404253,0.700276243093922,0.24456636421185904,0.4437500000000001,0.5833333333333335,0.5427135678391959,0.5972222222222221,0.4305555555555556,0.8151840490797544,0.5587668593448942,0.7681660899653977,0.5227272727272725,0.6323529411764706,0.3682432432432434,0.46874999999999956,0.5972222222222223,0.3070652173913043,0.33333333333325754,No Tournament,False,False,False,False,False,False,False,False,False,False,False,False,False,False,False,False,False,False,False,False,True,False,False,False,False,False,False,False,False,False,False,False
0.45833333333333304,0.5671641791044776,0.3856382978723403,0.5814917127071819,0.29130618273897446,0.3812500000000001,0.4236111111111116,0.743718592964824,0.6064814814814814,0.8472222222222221,0.49003067484662566,0.6628131021194605,0.5294117647058822,0.3636363636363633,0.3794117647058828,0.5101351351351351,0.546875,0.4375,0.44836956521739135,0.33333333333325754,No Tournament,False,False,False,False,False,False,False,False,False,False,False,False,False,False,False,False,False,False,False,False,True,False,False,False,False,False,False,False,False,False,False,False
0.625,0.3880597014925373,0.17819148936170182,0.3687845303867401,0.27569107406625865,0.16875000000000018,0.34722222222222276,0.8040201005025127,0.9953703703703702,0.5185185185185186,0.6372699386503067,0.7591522157996149,0.7162629757785464,0.1818181818181812,0.5205882352941176,0.31418918918918903,0.10937499999999956,0.5694444444444446,0.3179347826086957,0.33333333333325754,No Tournament,False,False,False,False,False,False,False,False,False,False,False,False,False,False,False,False,False,False,False,False,True,False,False,False,False,False,False,False,False,False,False,False
0.5416666666666665,0.35820895522388063,0.32978723404255295,0.6284530386740328,0.20626714496729265,0.4437500000000001,0.6527777777777781,0.8542713567839197,0.6064814814814814,0.5925925925925926,0.37960122699386534,0.5163776493256265,0.3979238754325256,0.48863636363636376,0.5500000000000003,0.42229729729729737,0.7421875,0.7430555555555562,0.27445652173913043,0.33333333333325754,No Tournament,False,False,False,False,False,False,False,False,False,False,False,False,False,False,False,False,False,False,False,False,True,False,False,False,False,False,False,False,False,False,False,False
0.375,0.08955223880597014,0.05053191489361675,0.7168508287292812,0.026693395231061404,0.0,0.6458333333333339,0.3919597989949748,0.6527777777777777,0.4537037037037037,0.7661042944785272,0.3930635838150289,0.8685121107266431,0.0,0.6500000000000004,0.06418918918918926,0.59375,0.4513888888888893,0.07336956521739124,0.33333333333325754,No Tournament,False,False,False,False,False,False,False,False,False,False,False,False,False,False,False,False,False,False,False,False,True,False,False,False,False,False,False,False,False,False,False,False
0.625,0.4776119402985075,0.44414893617021267,0.6477900552486182,0.29130618273897446,0.6499999999999999,0.4861111111111116,0.7236180904522611,0.5324074074074074,0.5370370370370372,0.7047546012269936,0.3082851637764934,0.07266435986159159,0.5568181818181817,0.361764705882353,0.7331081081081083,0.6640625,0.6527777777777786,0.36141304347826086,0.33333333333325754,No Tournament,False,False,False,False,False,False,False,False,False,False,False,False,False,False,False,False,False,False,False,False,True,False,False,False,False,False,False,False,False,False,False,False
0.2916666666666665,0.44776119402985076,0.3989361702127656,0.6063535911602207,0.28370964338468024,0.3250000000000002,0.2916666666666674,0.793969849246231,0.5138888888888888,1.0,0.6127300613496931,0.5048169556840079,0.5916955017301035,0.36931818181818166,0.28529411764705914,0.3547297297297298,0.39843749999999956,0.16666666666666696,0.3940217391304348,0.33333333333325754,No Tournament,False,False,False,False,False,False,False,False,False,False,False,False,False,False,False,False,False,False,False,False,True,False,False,False,False,False,False,False,False,False,False,False
0.20833333333333304,0.2985074626865672,0.5239361702127661,0.8632596685082867,0.2007807554336358,0.625,0.9027777777777781,0.38190954773869357,0.4305555555555558,0.28240740740740766,0.9133435582822083,0.7475915221579963,0.2664359861591694,0.6590909090909092,0.9264705882352939,0.5371621621621623,0.671875,0.645833333333333,0.30978260869565216,0.33333333333325754,No Tournament,False,False,False,False,False,False,False,False,False,False,False,False,False,False,False,False,False,False,False,False,False,True,False,False,False,False,False,False,False,False,False,False
0.2916666666666665,0.6567164179104478,0.6382978723404253,0.4875690607734806,0.6529858619962017,0.8312500000000003,0.3402777777777781,0.49246231155778886,0.28240740740740744,0.34722222222222254,0.25076687116564433,0.300578034682081,0.3494809688581313,1.0,0.4382352941176473,0.46283783783783816,0.26562499999999956,0.520833333333333,0.6657608695652174,0.33333333333325754,No Tournament,False,False,False,False,False,False,False,False,False,False,False,False,False,False,False,False,False,False,False,False,False,True,False,False,False,False,False,False,False,False,False,False
0.125,0.3880597014925373,0.396276595744681,0.49861878453038644,0.38024899767883513,0.3374999999999999,0.4375000000000009,0.40201005025125625,0.7453703703703705,0.5277777777777779,0.7047546012269936,0.20423892100192664,0.6055363321799305,0.16477272727272707,0.3794117647058828,0.631756756756757,0.5859375,0.5625,0.37228260869565216,0.33333333333325754,No Tournament,False,False,False,False,False,False,False,False,False,False,False,False,False,False,False,False,False,False,False,False,False,True,False,False,False,False,False,False,False,False,False,False
0.2916666666666665,0.3283582089552239,0.3563829787234041,0.5732044198895028,0.27199831188014345,0.4375,0.5555555555555558,0.6331658291457287,0.5787037037037037,0.32870370370370394,0.7354294478527605,0.6088631984585744,0.6470588235294115,0.5397727272727271,0.5088235294117647,0.34121621621621623,0.6093750000000004,0.49305555555555536,0.3233695652173913,0.33333333333325754,No Tournament,False,False,False,False,False,False,False,False,False,False,False,False,False,False,False,False,False,False,False,False,False,True,False,False,False,False,False,False,False,False,False,False
0.20833333333333304,0.3880597014925373,0.542553191489362,0.6256906077348061,0.4128508124076809,0.5375000000000001,0.8125000000000004,0.5025125628140703,0.5972222222222221,0.7916666666666667,0.44095092024539895,0.277456647398844,0.7024221453287196,0.4204545454545454,0.6264705882352941,0.7736486486486487,0.9218750000000009,0.541666666666667,0.4048913043478261,0.33333333333325754,No Tournament,False,False,False,False,False,False,False,False,False,False,False,False,False,False,False,False,False,False,False,False,False,True,False,False,False,False,False,False,False,False,False,False
0.45833333333333304,0.44776119402985076,0.5478723404255321,0.672651933701657,0.37317999577970035,0.5249999999999999,0.6041666666666674,0.34170854271356776,0.45833333333333326,0.6342592592592593,0.5329754601226995,0.51252408477842,0.5778546712802766,0.44886363636363624,0.5794117647058825,0.5979729729729732,0.5859375,0.5555555555555554,0.3586956521739131,0.33333333333325754,No Tournament,False,False,False,False,False,False,False,False,False,False,False,False,False,False,False,False,False,False,False,False,False,True,False,False,False,False,False,False,False,False,False,False
0.20833333333333304,0.14925373134328357,0.26063829787233983,0.6367403314917124,0.14918759231905465,0.1625000000000001,0.6458333333333339,0.6834170854271358,0.49537037037037046,0.6250000000000002,0.4654907975460123,0.9287090558766864,0.7993079584775082,0.2784090909090904,0.7558823529411764,0.1317567567567568,0.375,0.6180555555555562,0.19565217391304346,0.33333333333325754,No Tournament,False,False,False,False,False,False,False,False,False,False,False,False,False,False,False,False,False,False,False,False,False,True,False,False,False,False,False,False,False,False,False,False
0.45833333333333304,0.41791044776119407,0.4494680851063828,0.6367403314917124,0.3054441865372441,0.5625,0.8263888888888893,0.4120603015075379,0.8287037037037037,0.3055555555555558,0.5636503067484664,0.5202312138728327,0.5951557093425603,0.47727272727272707,0.8323529411764707,0.6452702702702702,0.6640625,0.541666666666667,0.3315217391304348,0.33333333333325754,No Tournament,False,False,False,False,False,False,False,False,False,False,False,False,False,False,False,False,False,False,False,False,False,True,False,False,False,False,False,False,False,False,False,False
0.625,0.6268656716417911,0.542553191489362,0.6809392265193366,0.36020257438278114,0.6437500000000003,0.6388888888888897,0.8140703517587939,0.5601851851851851,0.8935185185185184,0.7047546012269936,0.48940269749518306,0.32179930795847733,0.7159090909090908,0.6852941176470586,0.5033783783783785,0.515625,0.5,0.5027173913043479,0.33333333333325754,No Tournament,False,False,False,False,False,False,False,False,False,False,False,False,False,False,False,False,False,False,False,False,False,True,False,False,False,False,False,False,False,False,False,False
0.20833333333333304,0.4776119402985075,0.3856382978723403,0.34668508287292843,0.533867904621228,0.39375000000000027,0.3541666666666674,0.8241206030150752,0.7824074074074072,0.7453703703703705,0.4348159509202454,0.689788053949904,0.9307958477508649,0.43749999999999956,0.25,0.3952702702702706,0.515625,0.4513888888888893,0.4891304347826087,0.33333333333325754,No Tournament,False,False,False,False,False,False,False,False,False,False,False,False,False,False,False,False,False,False,False,False,False,True,False,False,False,False,False,False,False,False,False,False
0.375,0.3283582089552239,0.3404255319148932,0.5897790055248615,0.2428782443553492,0.3562500000000002,0.5625000000000004,0.57286432160804,0.6898148148148147,0.5046296296296298,0.5636503067484664,0.6512524084778422,0.6193771626297577,0.40340909090909083,0.585294117647059,0.3547297297297298,0.4921875,0.5347222222222223,0.28804347826086957,0.33333333333325754,No Tournament,False,False,False,False,False,False,False,False,False,False,False,False,False,False,False,False,False,False,False,False,False,True,False,False,False,False,False,False,False,False,False,False
0.625,0.41791044776119407,0.6941489361702131,0.5897790055248615,0.605718506013927,0.5625,0.8333333333333335,0.08040201005025138,0.49537037037037046,0.29166666666666674,0.6924846625766872,0.39691714836223513,0.2802768166089964,0.4602272727272725,0.8676470588235294,0.631756756756757,0.625,0.6736111111111116,0.5135869565217391,0.33333333333325754,No Tournament,False,False,False,False,False,False,False,False,False,False,False,False,False,False,False,False,False,False,False,False,False,False,True,False,False,False,False,False,False,False,False,False
0.708333333333333,0.5970149253731344,0.49734042553191493,0.18922651933701662,0.7983751846381093,0.3562500000000002,0.13194444444444509,0.522613065326633,0.337962962962963,0.6851851851851851,0.18941717791411072,0.620423892100193,0.4256055363321798,0.34090909090909083,0.13235294117647056,0.45608108108108114,0.34374999999999956,0.3472222222222223,0.6603260869565217,0.33333333333325754,No Tournament,False,False,False,False,False,False,False,False,False,False,False,False,False,False,False,False,False,False,False,False,False,False,True,False,False,False,False,False,False,False,False,False
0.625,0.5373134328358209,0.7101063829787235,0.4571823204419889,0.7439333192656679,0.53125,0.47916666666666696,0.3919597989949748,0.3935185185185184,0.6898148148148149,0.4532208588957056,0.6127167630057806,0.4186851211072662,0.5284090909090904,0.361764705882353,0.5304054054054057,0.65625,0.5069444444444446,0.5815217391304348,0.33333333333325754,No Tournament,False,False,False,False,False,False,False,False,False,False,False,False,False,False,False,False,False,False,False,False,False,False,True,False,False,False,False,False,False,False,False,False
0.45833333333333304,0.11940298507462685,0.30053191489361675,0.5124309392265194,0.27178729689807973,0.36250000000000027,0.5486111111111116,0.9547738693467338,0.4212962962962963,0.40740740740740744,0.6986196319018403,0.48940269749518306,0.6159169550173009,0.3238636363636358,0.5205882352941176,0.49662162162162193,0.5703125000000004,0.2986111111111107,0.23097826086956524,0.33333333333325754,No Tournament,False,False,False,False,False,False,False,False,False,False,False,False,False,False,False,False,False,False,False,False,False,False,True,False,False,False,False,False,False,False,False,False
0.375,0.3880597014925373,0.5106382978723403,0.3439226519337013,0.6714496729267778,0.3687499999999999,0.6458333333333339,0.512562814070352,0.7083333333333335,0.5324074074074077,0.38573619631901845,0.6050096339113682,0.5674740484429064,0.43181818181818166,0.4676470588235295,0.34121621621621623,0.8125,0.541666666666667,0.5434782608695652,0.33333333333325754,No Tournament,False,False,False,False,False,False,False,False,False,False,False,False,False,False,False,False,False,False,False,False,False,False,True,False,False,False,False,False,False,False,False,False
0.375,0.5671641791044776,0.7340425531914896,0.36325966850828717,0.8331926566786242,0.8625000000000003,0.3958333333333339,0.57286432160804,0.375,0.5925925925925926,0.22009202453987742,0.4431599229287093,0.32525951557093413,0.9545454545454546,0.3382352941176472,0.5912162162162162,0.5625,0.541666666666667,0.6222826086956522,0.33333333333325754,No Tournament,False,False,False,False,False,False,False,False,False,False,False,False,False,False,False,False,False,False,False,False,False,False,True,False,False,False,False,False,False,False,False,False
0.45833333333333304,0.23880597014925373,0.5611702127659575,0.5455801104972373,0.5132939438700148,0.5125000000000002,0.6527777777777781,0.5326633165829147,0.3194444444444444,0.7777777777777777,0.64340490797546,0.35452793834296736,0.44636678200692037,0.49999999999999956,0.4970588235294118,0.5506756756756754,0.8984375000000004,0.7361111111111116,0.38858695652173914,0.33333333333325754,No Tournament,False,False,False,False,False,False,False,False,False,False,False,False,False,False,False,False,False,False,False,False,False,False,True,False,False,False,False,False,False,False,False,False
0.375,0.35820895522388063,0.5053191489361701,0.5096685082872923,0.491453893226419,0.6000000000000001,0.6527777777777781,0.46231155778894495,0.16203703703703698,0.08796296296296324,0.4654907975460123,0.21579961464354525,0.2110726643598615,0.5681818181818179,0.6735294117647062,0.631756756756757,0.546875,0.4861111111111116,0.47010869565217395,0.33333333333325754,No Tournament,False,False,False,False,False,False,False,False,False,False,False,False,False,False,False,False,False,False,False,False,False,False,True,False,False,False,False,False,False,False,False,False
0.375,0.208955223880597,0.26329787234042534,0.6063535911602207,0.16965604557923614,0.4937499999999999,0.6319444444444451,0.6733668341708541,0.6712962962962963,0.16666666666666696,0.4348159509202454,0.35067437379576116,0.6782006920415222,0.6306818181818183,0.6029411764705883,0.30743243243243246,0.6406250000000004,0.2777777777777777,0.23913043478260876,0.33333333333325754,No Tournament,False,False,False,False,False,False,False,False,False,False,False,False,False,False,False,False,False,False,False,False,False,False,False,True,False,False,False,False,False,False,False,False
0.45833333333333304,0.35820895522388063,0.3271276595744679,0.5151933701657456,0.2953154673981852,0.5687500000000001,0.47916666666666696,0.7135678391959799,0.4027777777777779,0.3842592592592593,0.18941717791411072,0.24662813102119463,0.4117647058823528,0.5738636363636362,0.5264705882352945,0.5304054054054057,0.42187499999999956,0.7430555555555562,0.31521739130434784,0.33333333333325754,No Tournament,False,False,False,False,False,False,False,False,False,False,False,False,False,False,False,False,False,False,False,False,False,False,False,True,False,False,False,False,False,False,False,False
0.45833333333333304,0.5074626865671642,0.42819148936170226,0.4765193370165748,0.439016670183583,0.5500000000000003,0.49305555555555625,0.6733668341708541,0.7175925925925926,0.46296296296296324,0.4654907975460123,0.4547206165703277,0.532871972318339,0.5340909090909087,0.3735294117647059,0.5439189189189189,0.6328125,0.6319444444444446,0.4429347826086957,0.33333333333325754,No Tournament,False,False,False,False,False,False,False,False,False,False,False,False,False,False,False,False,False,False,False,False,False,False,False,True,False,False,False,False,False,False,False,False
0.45833333333333304,0.26865671641791045,0.32978723404255295,0.603591160220994,0.22525849335302808,0.5625,0.6319444444444451,0.8542713567839197,0.4027777777777779,0.31018518518518534,0.2691717791411046,0.4547206165703277,0.5813148788927334,0.49999999999999956,0.5205882352941176,0.5979729729729732,0.7187500000000004,0.3125,0.24184782608695649,0.33333333333325754,No Tournament,False,False,False,False,False,False,False,False,False,False,False,False,False,False,False,False,False,False,False,False,False,False,False,True,False,False,False,False,False,False,False,False
0.5416666666666665,0.41791044776119407,0.3351063829787235,0.45994475138121516,0.3562987972146022,0.5,0.6875000000000004,0.4321608040201006,1.0,0.06018518518518545,0.7047546012269936,0.49325626204238926,0.2975778546712802,0.4943181818181812,0.8088235294117649,0.4898648648648649,0.46093749999999956,0.0,0.391304347826087,0.33333333333325754,No Tournament,False,False,False,False,False,False,False,False,False,False,False,False,False,False,False,False,False,False,False,False,False,False,False,True,False,False,False,False,False,False,False,False
0.2916666666666665,0.23880597014925373,0.2765957446808507,0.7251381215469608,0.11331504536822115,0.4187500000000002,0.7708333333333339,0.7236180904522611,0.48611111111111116,0.08796296296296324,0.5023006134969326,0.300578034682081,0.2975778546712802,0.48863636363636376,0.6500000000000004,0.36148648648648685,0.7812500000000004,0.625,0.25271739130434784,0.33333333333325754,No Tournament,False,False,False,False,False,False,False,False,False,False,False,False,False,False,False,False,False,False,False,False,False,False,False,True,False,False,False,False,False,False,False,False
0.45833333333333304,0.5671641791044776,0.5611702127659575,0.4654696132596685,0.5988605190968558,0.8125,0.4722222222222232,0.6331658291457287,0.5231481481481484,0.23611111111111138,0.19555214723926406,0.40077071290944133,0.21799307958477498,0.7272727272727271,0.4617647058823531,0.8074324324324325,0.49999999999999956,0.625,0.5163043478260869,0.33333333333325754,No Tournament,False,False,False,False,False,False,False,False,False,False,False,False,False,False,False,False,False,False,False,False,False,False,False,True,False,False,False,False,False,False,False,False
0.5416666666666665,0.44776119402985076,0.3271276595744679,0.49861878453038644,0.31050854610677353,0.26875000000000027,0.611111111111112,0.8542713567839197,0.7731481481481481,0.6898148148148149,0.4348159509202454,0.6782273603082856,0.4878892733564011,0.26704545454545414,0.7088235294117649,0.4020270270270272,0.39062499999999956,0.3611111111111116,0.39673913043478265,0.33333333333325754,No Tournament,False,False,False,False,False,False,False,False,False,False,False,False,False,False,False,False,False,False,False,False,False,False,False,True,False,False,False,False,False,False,False,False
0.45833333333333304,0.44776119402985076,0.3643617021276593,0.45165745856353556,0.3963916438067102,0.3374999999999999,0.6666666666666674,0.8442211055276381,1.0,0.8703703703703702,0.32438650306748484,0.5510597302504818,0.5916955017301035,0.47727272727272707,0.6676470588235297,0.22635135135135176,0.578125,0.24305555555555536,0.3804347826086957,0.33333333333325754,No Tournament,False,False,False,False,False,False,False,False,False,False,False,False,False,False,False,False,False,False,False,False,False,False,False,True,False,False,False,False,False,False,False,False
0.20833333333333304,0.23880597014925373,0.3856382978723403,0.603591160220994,0.27358092424562136,0.3125,0.6527777777777781,0.5929648241206029,0.3657407407407407,0.5,0.38573619631901845,0.597302504816956,0.7958477508650514,0.3238636363636358,0.5500000000000003,0.3682432432432434,0.8281250000000004,0.6736111111111116,0.2826086956521739,0.33333333333325754,No Tournament,False,False,False,False,False,False,False,False,False,False,False,False,False,False,False,False,False,False,False,False,False,False,False,False,True,False,False,False,False,False,False,False
0.45833333333333304,0.5671641791044776,0.5345744680851063,0.46270718232044183,0.5704790040092846,0.59375,0.40277777777777857,0.512562814070352,0.5416666666666667,0.5972222222222223,0.4041411042944787,0.7668593448940273,0.6920415224913492,0.5170454545454546,0.5088235294117647,0.7060810810810811,0.28124999999999956,0.4652777777777777,0.5298913043478262,0.33333333333325754,No Tournament,False,False,False,False,False,False,False,False,False,False,False,False,False,False,False,False,False,False,False,False,False,False,False,False,True,False,False,False,False,False,False,False
0.958333333333333,0.5671641791044776,0.4148936170212765,0.5317679558011048,0.3674825912639797,0.3812500000000001,0.47916666666666696,0.46231155778894495,0.337962962962963,0.5740740740740742,0.3673312883435582,0.2928709055876686,0.37370242214532867,0.4204545454545454,0.5029411764705887,0.3682432432432434,0.42968749999999956,0.5486111111111116,0.4048913043478261,0.33333333333325754,No Tournament,False,False,False,False,False,False,False,False,False,False,False,False,False,False,False,False,False,False,False,False,False,False,False,False,True,False,False,False,False,False,False,False
0.45833333333333304,0.5074626865671642,0.521276595744681,0.575966850828729,0.43870014771048743,0.5687500000000001,0.5486111111111116,0.3517587939698492,0.5324074074074074,0.32870370370370394,0.7415644171779139,0.7052023121387285,0.44636678200692037,0.48863636363636376,0.6029411764705883,0.6114864864864864,0.4453125,0.5347222222222223,0.4673913043478261,0.33333333333325754,No Tournament,False,False,False,False,False,False,False,False,False,False,False,False,False,False,False,False,False,False,False,False,False,False,False,False,True,False,False,False,False,False,False,False
0.45833333333333304,0.5671641791044776,0.48404255319148914,0.3908839779005522,0.592635577125976,0.6625000000000001,0.3888888888888897,0.6532663316582916,0.6342592592592593,0.5462962962962963,0.5023006134969326,0.4739884393063585,0.6297577854671277,0.7215909090909087,0.4852941176470589,0.5236486486486487,0.31249999999999956,0.5277777777777777,0.5244565217391305,0.33333333333325754,No Tournament,False,False,False,False,False,False,False,False,False,False,False,False,False,False,False,False,False,False,False,False,False,False,False,False,True,False,False,False,False,False,False,False
0.375,0.41791044776119407,0.3271276595744679,0.506906077348066,0.3019624393331926,0.4187500000000002,0.5833333333333335,0.6030150753768844,0.6435185185185184,0.47685185185185186,0.41027607361963203,0.4123314065510597,0.6401384083044979,0.43181818181818166,0.5323529411764709,0.44256756756756754,0.6093750000000004,0.1875,0.3586956521739131,0.33333333333325754,No Tournament,False,False,False,False,False,False,False,False,False,False,False,False,False,False,False,False,False,False,False,False,False,False,False,False,True,False,False,False,False,False,False,False
0.45833333333333304,0.5970149253731344,0.6648936170212765,0.6422651933701653,0.5232116480270099,0.5687500000000001,0.7638888888888893,0.4422110552763818,0.6620370370370372,0.8425925925925926,0.4225460122699387,0.7938342967244705,0.5363321799307956,0.6193181818181817,0.7441176470588236,0.46959459459459474,0.6796875000000004,0.8055555555555554,0.5108695652173914,0.33333333333325754,No Tournament,False,False,False,False,False,False,False,False,False,False,False,False,False,False,False,False,False,False,False,False,False,False,False,False,True,False,False,False,False,False,False,False
0.45833333333333304,0.23880597014925373,0.34840425531914887,0.5538674033149169,0.2814939860730111,0.33125000000000027,0.49305555555555625,0.5929648241206029,0.3287037037037037,0.5277777777777779,0.5207055214723926,0.16955684007707128,0.422145328719723,0.3636363636363633,0.4617647058823531,0.3547297297297298,0.5546875,0.30555555555555536,0.19836956521739135,0.33333333333325754,No Tournament,False,False,False,False,False,False,False,False,False,False,False,False,False,False,False,False,False,False,False,False,False,False,False,False,True,False,False,False,False,False,False,False
0.375,0.3880597014925373,0.35106382978723394,0.5428176795580106,0.29447140746993034,0.375,0.611111111111112,0.49246231155778886,0.875,0.4212962962962965,0.66180981595092,0.6435452793834298,0.6435986159169547,0.47727272727272707,0.5794117647058825,0.3006756756756759,0.6093750000000004,0.625,0.3342391304347826,0.33333333333325754,No Tournament,False,False,False,False,False,False,False,False,False,False,False,False,False,False,False,False,False,False,False,False,False,False,False,False,True,False,False,False,False,False,False,False
0.708333333333333,0.6268656716417911,0.43882978723404253,0.40193370165745845,0.532390799746782,0.5062500000000001,0.29861111111111205,0.47236180904522596,0.6435185185185184,0.4675925925925928,0.5329754601226995,0.5857418111753372,0.4948096885813147,0.5397727272727271,0.36764705882352944,0.46283783783783816,0.28906249999999956,0.10416666666666607,0.4592391304347826,0.33333333333325754,No Tournament,False,False,False,False,False,False,False,False,False,False,False,False,False,False,False,False,False,False,False,False,False,False,False,False,True,False,False,False,False,False,False,False
0.708333333333333,0.7761194029850746,0.6409574468085109,0.4074585635359118,0.730639375395653,0.6312500000000001,0.3819444444444451,0.522613065326633,0.6620370370370372,0.6712962962962965,0.5452453987730062,0.5009633911368017,0.5121107266435985,0.8011363636363638,0.4852941176470589,0.3885135135135136,0.296875,0.6805555555555554,0.6548913043478262,0.33333333333325754,No Tournament,False,False,False,False,False,False,False,False,False,False,False,False,False,False,False,False,False,False,False,False,False,False,False,False,True,False,False,False,False,False,False,False
0.2916666666666665,0.5373134328358209,0.5452127659574466,0.4295580110497239,0.6169023000633045,0.59375,0.5069444444444451,0.6331658291457287,0.7824074074074072,0.6064814814814816,0.7231595092024539,0.7206165703275531,0.532871972318339,0.7215909090909087,0.5029411764705887,0.3952702702702706,0.5390624999999996,0.3541666666666661,0.5353260869565217,0.33333333333325754,No Tournament,False,False,False,False,False,False,False,False,False,False,False,False,False,False,False,False,False,False,False,False,False,False,False,False,False,True,False,False,False,False,False,False
0.625,0.6567164179104478,0.5691489361702127,0.4212707182320443,0.6484490398818316,0.78125,0.41666666666666696,0.57286432160804,0.6064814814814814,0.4212962962962965,0.37960122699386534,0.40462427745664753,0.4117647058823528,0.7215909090909087,0.5735294117647061,0.7331081081081083,0.24999999999999956,0.375,0.5543478260869565,0.33333333333325754,No Tournament,False,False,False,False,False,False,False,False,False,False,False,False,False,False,False,False,False,False,False,False,False,False,False,False,False,True,False,False,False,False,False,False
0.375,0.41791044776119407,0.6303191489361701,0.5732044198895028,0.5595062249419708,0.5,0.4583333333333339,0.4522613065326633,0.25462962962962954,0.7314814814814814,0.45935582822085896,0.4315992292870905,0.46712802768166073,0.5113636363636362,0.38529411764705923,0.4831081081081079,0.5390624999999996,0.06944444444444375,0.4157608695652174,0.33333333333325754,No Tournament,False,False,False,False,False,False,False,False,False,False,False,False,False,False,False,False,False,False,False,False,False,False,False,False,False,True,False,False,False,False,False,False
0.708333333333333,0.5671641791044776,0.5930851063829787,0.5704419889502761,0.5239502004642329,0.6625000000000001,0.44444444444444464,0.5527638190954773,0.3935185185185184,0.5231481481481481,0.6311349693251533,0.7668593448940273,0.3460207612456747,0.5454545454545454,0.5088235294117647,0.7871621621621623,0.38281249999999956,0.541666666666667,0.4592391304347826,0.33333333333325754,No Tournament,False,False,False,False,False,False,False,False,False,False,False,False,False,False,False,False,False,False,False,False,False,False,False,False,False,True,False,False,False,False,False,False
0.375,0.3283582089552239,0.5159574468085109,0.8273480662983417,0.21787296898079764,0.4312499999999999,1.0000000000000004,0.3718592964824119,0.625,0.4583333333333335,0.8888036809815949,0.4315992292870905,0.6608996539792384,0.4090909090909087,0.973529411764706,0.4493243243243241,0.8203125000000004,1.0,0.2907608695652174,0.33333333333325754,No Tournament,False,False,False,False,False,False,False,False,False,False,False,False,False,False,False,False,False,False,False,False,False,False,False,False,False,True,False,False,False,False,False,False
0.5416666666666665,0.7164179104477612,0.5771276595744683,0.5041436464088398,0.5741717661953998,0.625,0.4722222222222232,0.64321608040201,0.5972222222222221,0.75,0.5820552147239262,0.3275529865125242,0.44982698961937695,0.5568181818181817,0.3794117647058828,0.6587837837837838,0.625,0.4375,0.6141304347826088,0.33333333333325754,No Tournament,False,False,False,False,False,False,False,False,False,False,False,False,False,False,False,False,False,False,False,False,False,False,False,False,False,True,False,False,False,False,False,False
0.20833333333333304,0.14925373134328357,0.3164893617021276,0.7389502762430937,0.1317788562987972,0.3562500000000002,0.9236111111111116,0.5427135678391959,0.45833333333333326,0.3935185185185188,0.6986196319018403,0.3044315992292872,0.6193771626297577,0.43181818181818166,0.7676470588235298,0.32094594594594605,0.9609375000000009,0.5625,0.21467391304347822,0.33333333333325754,No Tournament,False,False,False,False,False,False,False,False,False,False,False,False,False,False,False,False,False,False,False,False,False,False,False,False,False,True,False,False,False,False,False,False
0.375,0.23880597014925373,0.11702127659574435,0.49585635359115976,0.1335724836463389,0.04375000000000018,0.6597222222222228,0.9748743718592963,0.5694444444444446,0.6203703703703705,0.4961656441717792,0.23506743737957603,0.8581314878892732,0.0738636363636358,0.6441176470588239,0.21283783783783772,0.59375,0.4513888888888893,0.27173913043478265,0.33333333333325754,No Tournament,False,False,False,False,False,False,False,False,False,False,False,False,False,False,False,False,False,False,False,False,False,False,False,False,False,True,False,False,False,False,False,False
0.375,0.44776119402985076,0.6382978723404253,0.6008287292817678,0.5392487866638531,0.6437500000000003,0.6944444444444446,0.40201005025125625,0.46759259259259256,0.46296296296296324,0.44708588957055206,0.39691714836223513,0.570934256055363,0.49999999999999956,0.7911764705882356,0.7533783783783785,0.453125,0.41666666666666696,0.4211956521739131,0.33333333333325754,No Tournament,False,False,False,False,False,False,False,False,False,False,False,False,False,False,False,False,False,False,False,False,False,False,False,False,False,True,False,False,False,False,False,False
0.708333333333333,0.5373134328358209,0.521276595744681,0.1698895027624312,0.830976999366955,0.36250000000000027,0.1875000000000009,0.693467336683417,0.6342592592592593,0.7407407407407409,0.3489263803680984,0.6743737957610794,0.6262975778546711,0.4602272727272725,0.1794117647058826,0.3006756756756759,0.38281249999999956,0.31944444444444375,0.6358695652173914,0.33333333333325754,No Tournament,False,False,False,False,False,False,False,False,False,False,False,False,False,False,False,False,False,False,False,False,False,False,False,False,False,False,True,False,False,False,False,False
0.5416666666666665,0.5074626865671642,0.7340425531914896,0.4654696132596685,0.7553281282971092,0.5437500000000002,0.5000000000000009,0.4422110552763818,0.6435185185185184,0.5648148148148149,0.7599693251533739,0.8053949903660889,0.5882352941176467,0.44886363636363624,0.44411764705882373,0.631756756756757,0.5703125000000004,0.9166666666666679,0.6195652173913044,0.33333333333325754,No Tournament,False,False,False,False,False,False,False,False,False,False,False,False,False,False,False,False,False,False,False,False,False,False,False,False,False,False,True,False,False,False,False,False
0.625,0.5373134328358209,0.6143617021276597,0.28314917127071837,0.8118801434901878,0.3562500000000002,0.2638888888888897,0.512562814070352,0.3472222222222221,0.5,0.44708588957055206,0.7360308285163779,0.4290657439446366,0.43749999999999956,0.25,0.30743243243243246,0.40625,0.4513888888888893,0.6929347826086957,0.33333333333325754,No Tournament,False,False,False,False,False,False,False,False,False,False,False,False,False,False,False,False,False,False,False,False,False,False,False,False,False,False,True,False,False,False,False,False
0.45833333333333304,0.26865671641791045,0.625,0.6560773480662982,0.46887529014560025,0.48750000000000027,0.7777777777777786,0.6331658291457287,0.3657407407407407,0.6064814814814816,0.6372699386503067,0.38150289017341055,0.5224913494809686,0.5454545454545454,0.6911764705882355,0.4290540540540544,0.7656250000000004,0.7916666666666679,0.44565217391304346,0.33333333333325754,No Tournament,False,False,False,False,False,False,False,False,False,False,False,False,False,False,False,False,False,False,False,False,False,False,False,False,False,False,True,False,False,False,False,False
0.875,0.6268656716417911,0.6781914893617023,0.40469613259668513,0.7626081451783076,0.3999999999999999,0.44444444444444464,0.5829145728643217,0.5416666666666667,0.7314814814814814,0.5575153374233128,0.8169556840077072,0.4775086505190309,0.3522727272727266,0.3264705882352943,0.5033783783783785,0.6171875,0.7430555555555562,0.6494565217391305,0.33333333333325754,No Tournament,False,False,False,False,False,False,False,False,False,False,False,False,False,False,False,False,False,False,False,False,False,False,False,False,False,False,True,False,False,False,False,False
0.5416666666666665,0.44776119402985076,0.5132978723404253,0.34944751381215466,0.6648027009917703,0.5437500000000002,0.3263888888888897,0.5527638190954773,0.625,0.41666666666666696,0.5636503067484664,0.4739884393063585,0.557093425605536,0.5568181818181817,0.4382352941176473,0.5033783783783785,0.24218749999999956,0.5694444444444446,0.5407608695652174,0.33333333333325754,No Tournament,False,False,False,False,False,False,False,False,False,False,False,False,False,False,False,False,False,False,False,False,False,False,False,False,False,False,True,False,False,False,False,False
0.5416666666666665,0.208955223880597,0.43882978723404253,0.39640883977900554,0.5401983540831399,0.17500000000000027,0.43055555555555625,0.34170854271356776,0.5787037037037037,0.4675925925925928,0.5697852760736195,0.6589595375722546,0.7197231833910032,0.24999999999999956,0.4205882352941175,0.21283783783783772,0.46874999999999956,0.5347222222222223,0.34510869565217395,0.33333333333325754,No Tournament,False,False,False,False,False,False,False,False,False,False,False,False,False,False,False,False,False,False,False,False,False,False,False,False,False,False,True,False,False,False,False,False
0.45833333333333304,0.44776119402985076,0.6515957446808511,0.2941988950276242,0.8265456847436168,0.2749999999999999,0.36111111111111205,0.3919597989949748,0.587962962962963,0.6342592592592593,0.5636503067484664,0.8208092485549134,0.7439446366782003,0.30681818181818166,0.29705882352941204,0.3479729729729728,0.5546875,0.6111111111111116,0.625,0.33333333333325754,No Tournament,False,False,False,False,False,False,False,False,False,False,False,False,False,False,False,False,False,False,False,False,False,False,False,False,False,False,True,False,False,False,False,False
0.45833333333333304,0.44776119402985076,0.625,0.2748618784530388,0.8234859675036927,0.5500000000000003,0.2638888888888897,0.7738693467336681,0.412037037037037,0.8935185185185184,0.6311349693251533,0.4508670520231215,0.21799307958477498,0.6534090909090908,0.15000000000000036,0.3817567567567566,0.53125,0.2638888888888884,0.6059782608695653,0.33333333333325754,No Tournament,False,False,False,False,False,False,False,False,False,False,False,False,False,False,False,False,False,False,False,False,False,False,False,False,False,False,True,False,False,False,False,False
0.0,0.35820895522388063,0.33776595744680815,0.603591160220994,0.23042836041358936,0.6312500000000001,0.6527777777777781,0.7537688442211057,0.7824074074074072,0.22685185185185208,0.66180981595092,0.5048169556840079,0.7785467128027679,0.5738636363636362,0.6441176470588239,0.6655405405405408,0.6015625,0.3541666666666661,0.34510869565217395,0.33333333333325754,No Tournament,False,False,False,False,False,False,False,False,False,False,False,False,False,False,False,False,False,False,False,False,False,False,False,False,False,False,False,False,True,False,False,False
0.5416666666666665,0.208955223880597,0.4813829787234045,0.8798342541436459,0.16121544629668705,0.4624999999999999,0.8125000000000004,0.562814070351759,0.25462962962962954,0.49537037037037046,0.66180981595092,0.5510597302504818,0.3529411764705881,0.34659090909090917,0.6500000000000004,0.6925675675675675,0.8437500000000009,0.7222222222222232,0.2119565217391305,0.33333333333325754,No Tournament,False,False,False,False,False,False,False,False,False,False,False,False,False,False,False,False,False,False,False,False,False,False,False,False,False,False,False,False,True,False,False,False
0.125,0.4776119402985075,0.5079787234042552,0.6919889502762429,0.31652247309558973,0.4187500000000002,0.6805555555555562,0.5829145728643217,0.5138888888888888,0.8148148148148149,0.47162576687116586,0.624277456647399,0.5847750865051902,0.4545454545454546,0.6735294117647062,0.42229729729729737,0.6093750000000004,0.666666666666667,0.4755434782608696,0.33333333333325754,No Tournament,False,False,False,False,False,False,False,False,False,False,False,False,False,False,False,False,False,False,False,False,False,False,False,False,False,False,False,False,True,False,False,False
0.0,0.3283582089552239,0.4228723404255317,0.7748618784530383,0.18221143701202785,0.5625,0.5625000000000004,0.512562814070352,0.337962962962963,0.1898148148148151,0.7047546012269936,0.8477842003853568,0.5916955017301035,0.43181818181818166,0.6264705882352941,0.7128378378378377,0.4140625,0.7708333333333339,0.32608695652173914,0.33333333333325754,No Tournament,False,False,False,False,False,False,False,False,False,False,False,False,False,False,False,False,False,False,False,False,False,False,False,False,False,False,False,False,True,False,False,False
0.375,0.5373134328358209,0.46808510638297873,0.6229281767955799,0.3367799113737075,0.5375000000000001,0.5902777777777781,0.6030150753768844,0.7453703703703705,0.6064814814814816,0.5207055214723926,0.7206165703275531,0.7058823529411764,0.4943181818181812,0.7029411764705884,0.5777027027027026,0.35156249999999956,0.5,0.3940217391304348,0.33333333333325754,No Tournament,False,False,False,False,False,False,False,False,False,False,False,False,False,False,False,False,False,False,False,False,False,False,False,False,False,False,False,False,True,False,False,False
0.04166666666666652,0.1791044776119403,0.28723404255319096,0.6781767955801103,0.14370120278539775,0.3187500000000001,0.5000000000000009,0.6331658291457287,0.45833333333333326,0.337962962962963,0.9378834355828221,0.49325626204238926,0.5986159169550171,0.3181818181818179,0.5029411764705887,0.41554054054054035,0.5234375,0.666666666666667,0.25,0.33333333333325754,No Tournament,False,False,False,False,False,False,False,False,False,False,False,False,False,False,False,False,False,False,False,False,False,False,False,False,False,False,False,False,True,False,False,False
0.125,0.3880597014925373,0.4122340425531914,0.7389502762430937,0.19687697826545683,0.4437500000000001,0.8472222222222228,0.693467336683417,0.6898148148148147,0.4027777777777779,1.0,0.5472061657032756,0.4048442906574392,0.47727272727272707,0.6205882352941181,0.42229729729729737,1.0,0.625,0.36141304347826086,0.33333333333325754,No Tournament,False,False,False,False,False,False,False,False,False,False,False,False,False,False,False,False,False,False,False,False,False,False,False,False,False,False,False,False,True,False,False,False
0.0,0.35820895522388063,0.4042553191489362,0.74171270718232,0.18885840894703523,0.4812500000000002,0.729166666666667,0.7336683417085428,0.5787037037037037,0.5324074074074077,0.7047546012269936,0.7475915221579963,0.6089965397923873,0.41477272727272707,0.6676470588235297,0.6114864864864864,0.734375,0.7152777777777777,0.3586956521739131,0.33333333333325754,No Tournament,False,False,False,False,False,False,False,False,False,False,False,False,False,False,False,False,False,False,False,False,False,False,False,False,False,False,False,False,True,False,False,False
0.375,0.5970149253731344,0.29255319148936154,0.4765193370165748,0.2940493775058029,0.2937500000000002,0.4583333333333339,0.5829145728643217,0.8564814814814814,0.6250000000000002,0.39800613496932513,0.5664739884393064,0.9134948096885811,0.40340909090909083,0.44999999999999973,0.22635135135135176,0.4921875,0.666666666666667,0.45108695652173914,0.33333333333325754,No Tournament,False,False,False,False,False,False,False,False,False,False,False,False,False,False,False,False,False,False,False,False,False,False,False,False,False,False,False,False,True,False,False,False
0.375,0.44776119402985076,0.3058510638297869,0.48204419889502725,0.3033340367166068,0.48750000000000027,0.3888888888888897,0.9346733668341709,0.800925925925926,0.7824074074074074,0.60659509202454,0.5934489402697496,0.6159169550173009,0.43749999999999956,0.3794117647058828,0.5979729729729732,0.4765625,0.4722222222222223,0.36141304347826086,0.33333333333325754,No Tournament,False,False,False,False,False,False,False,False,False,False,False,False,False,False,False,False,False,False,False,False,False,False,False,False,False,False,False,False,True,False,False,False
0.375,0.5074626865671642,0.28191489361702127,0.4765193370165748,0.28244355349229794,0.42500000000000027,0.6041666666666674,0.9999999999999998,0.9212962962962963,0.7685185185185186,0.45935582822085896,0.7321772639691717,0.7820069204152247,0.5511363636363633,0.638235294117647,0.28040540540540526,0.5078125,0.3888888888888884,0.4266304347826087,0.33333333333325754,No Tournament,False,False,False,False,False,False,False,False,False,False,False,False,False,False,False,False,False,False,False,False,False,False,False,False,False,False,False,False,True,False,False,False
0.625,0.6865671641791045,0.46542553191489366,0.45994475138121516,0.501582612365478,0.5562499999999999,0.5694444444444451,0.5326633165829147,0.9305555555555554,0.5185185185185186,0.625,0.597302504816956,0.6712802768166088,0.6534090909090908,0.5970588235294119,0.375,0.484375,0.5277777777777777,0.5081521739130435,0.33333333333325754,No Tournament,False,False,False,False,False,False,False,False,False,False,False,False,False,False,False,False,False,False,False,False,False,False,False,False,False,False,False,False,True,False,False,False
0.375,0.44776119402985076,0.5505319148936172,0.6560773480662982,0.38974467187170286,0.7749999999999999,0.5555555555555558,0.5929648241206029,0.23611111111111116,0.49537037037037046,0.23236196319018432,0.5009633911368017,0.5986159169550171,0.6534090909090908,0.5205882352941176,0.875,0.578125,0.4236111111111107,0.42934782608695654,0.33333333333325754,No Tournament,False,False,False,False,False,False,False,False,False,False,False,False,False,False,False,False,False,False,False,False,False,False,False,False,False,False,False,False,False,True,False,False
0.375,0.5671641791044776,0.5930851063829787,0.5814917127071819,0.5110782865583456,0.875,0.7013888888888893,0.4321608040201006,0.4490740740740742,0.49537037037037046,0.22622699386503098,0.161849710982659,0.36332179930795827,0.8125,0.5147058823529411,0.7939189189189189,0.8359375000000004,0.7569444444444455,0.4972826086956522,0.33333333333325754,No Tournament,False,False,False,False,False,False,False,False,False,False,False,False,False,False,False,False,False,False,False,False,False,False,False,False,False,False,False,False,False,True,False,False
0.375,0.3880597014925373,0.5478723404255321,0.6477900552486182,0.3962861363156784,0.5750000000000002,0.7638888888888893,0.33165829145728654,0.5601851851851851,0.5324074074074077,0.5207055214723926,0.4470134874759155,0.7439446366782003,0.44886363636363624,0.7617647058823533,0.7128378378378377,0.6406250000000004,0.6180555555555562,0.37771739130434784,0.33333333333325754,No Tournament,False,False,False,False,False,False,False,False,False,False,False,False,False,False,False,False,False,False,False,False,False,False,False,False,False,False,False,False,False,True,False,False
0.45833333333333304,0.5074626865671642,0.5851063829787235,0.6174033149171265,0.4661320953787718,0.6187499999999999,0.7361111111111116,0.48241206030150763,0.587962962962963,0.5,0.6372699386503067,0.7321772639691717,0.4117647058823528,0.47727272727272707,0.697058823529412,0.7533783783783785,0.671875,0.9097222222222223,0.4891304347826087,0.33333333333325754,No Tournament,False,False,False,False,False,False,False,False,False,False,False,False,False,False,False,False,False,False,False,False,False,False,False,False,False,False,False,False,False,True,False,False
0.20833333333333304,0.5373134328358209,0.47606382978723394,0.5207182320441985,0.4476682844481958,0.6125000000000003,0.4861111111111116,0.34170854271356776,0.3935185185185184,0.31944444444444464,0.4348159509202454,0.6974951830443163,0.32871972318339093,0.5795454545454541,0.3264705882352943,0.6114864864864864,0.734375,0.43055555555555536,0.5217391304347827,0.33333333333325754,No Tournament,False,False,False,False,False,False,False,False,False,False,False,False,False,False,False,False,False,False,False,False,False,False,False,False,False,False,False,False,False,True,False,False
0.20833333333333304,0.208955223880597,0.48404255319148914,0.6560773480662982,0.3229584300485334,0.4500000000000002,0.7847222222222228,0.32160804020100486,0.29166666666666674,0.31944444444444464,0.5207055214723926,0.34682080924855496,0.3529411764705881,0.41477272727272707,0.6264705882352941,0.5506756756756754,0.8750000000000004,0.604166666666667,0.27717391304347827,0.33333333333325754,No Tournament,False,False,False,False,False,False,False,False,False,False,False,False,False,False,False,False,False,False,False,False,False,False,False,False,False,False,False,False,False,True,False,False
0.5416666666666665,0.6268656716417911,0.478723404255319,0.4765193370165748,0.49799535767039455,0.4500000000000002,0.5138888888888893,0.27135678391959783,0.5138888888888888,0.43518518518518534,0.391871165644172,0.8131021194605013,0.3494809688581313,0.4659090909090904,0.38529411764705923,0.46959459459459474,0.7109375000000004,0.7013888888888893,0.5298913043478262,0.33333333333325754,No Tournament,False,False,False,False,False,False,False,False,False,False,False,False,False,False,False,False,False,False,False,False,False,False,False,False,False,False,False,False,False,True,False,False
0.04166666666666652,0.208955223880597,0.3164893617021276,0.6146408839779003,0.20510656256594217,0.5,0.5416666666666674,0.49246231155778886,0.07870370370370372,0.03703703703703731,0.2753067484662577,0.2851637764932562,0.6539792387543251,0.2556818181818179,0.29705882352941204,0.7736486486486487,1.0,0.5555555555555554,0.26902173913043476,0.33333333333325754,No Tournament,False,False,False,False,False,False,False,False,False,False,False,False,False,False,False,False,False,False,False,False,False,False,False,False,False,False,False,False,False,True,False,False
0.2916666666666665,0.029850746268656716,0.14893617021276562,0.9999999999999996,0.0,0.11874999999999991,0.7152777777777786,0.6331658291457287,0.09722222222222232,0.5185185185185186,0.9378834355828221,0.689788053949904,0.4117647058823528,0.2840909090909087,0.7088235294117649,0.016891891891892108,0.6171875,0.25694444444444464,0.03260869565217395,0.33333333333325754,No Tournament,False,False,False,False,False,False,False,False,False,False,False,False,False,False,False,False,False,False,False,False,False,False,False,False,False,False,False,True,False,False,False,False
0.375,0.208955223880597,0.14361702127659548,0.7859116022099442,0.037877189280438914,0.11874999999999991,0.47916666666666696,0.8542713567839197,0.46759259259259256,0.7592592592592593,0.6679447852760736,0.5009633911368017,0.7197231833910032,0.21590909090909038,0.5029411764705887,0.1452702702702704,0.4765625,0.5555555555555554,0.16304347826086962,0.33333333333325754,No Tournament,False,False,False,False,False,False,False,False,False,False,False,False,False,False,False,False,False,False,False,False,False,False,False,False,False,False,False,True,False,False,False,False
0.2916666666666665,0.5074626865671642,0.2473404255319145,0.5814917127071819,0.17303228529225573,0.34375,0.2708333333333339,0.693467336683417,0.5231481481481484,0.6388888888888888,0.6311349693251533,0.4315992292870905,0.6228373702422143,0.41477272727272707,0.4205882352941175,0.32094594594594605,0.1406249999999991,0.4861111111111116,0.4211956521739131,0.33333333333325754,No Tournament,False,False,False,False,False,False,False,False,False,False,False,False,False,False,False,False,False,False,False,False,False,False,False,False,False,False,False,True,False,False,False,False
0.375,0.14925373134328357,0.0,0.6947513812154691,0.01371597383414223,0.2250000000000001,0.611111111111112,0.9999999999999998,0.9768518518518516,0.5462962962962963,0.8888036809815949,0.4315992292870905,1.0,0.1306818181818179,0.7735294117647058,0.4831081081081079,0.32812499999999956,0.4861111111111116,0.13586956521739135,0.33333333333325754,No Tournament,False,False,False,False,False,False,False,False,False,False,False,False,False,False,False,False,False,False,False,False,False,False,False,False,False,False,False,True,False,False,False,False
0.375,0.41791044776119407,0.26329787234042534,0.7527624309392262,0.0959063093479637,0.2749999999999999,0.8402777777777781,0.6733668341708541,1.0,0.6435185185185186,0.8642638036809815,0.6358381502890176,0.7058823529411764,0.34090909090909083,0.802941176470588,0.2871621621621623,0.734375,0.4513888888888893,0.31521739130434784,0.33333333333325754,No Tournament,False,False,False,False,False,False,False,False,False,False,False,False,False,False,False,False,False,False,False,False,False,False,False,False,False,False,False,True,False,False,False,False
0.2916666666666665,0.3880597014925373,0.19680851063829774,0.6395027624309386,0.10856720827178729,0.11250000000000027,0.43055555555555625,0.5025125628140703,0.6342592592592593,0.7361111111111112,0.477760736196319,0.4662813102119463,0.9204152249134945,0.1931818181818179,0.4970588235294118,0.17229729729729737,0.3671875,0.2499999999999991,0.31521739130434784,0.33333333333325754,No Tournament,False,False,False,False,False,False,False,False,False,False,False,False,False,False,False,False,False,False,False,False,False,False,False,False,False,False,False,True,False,False,False,False
0.5416666666666665,0.1791044776119403,0.26063829787233983,0.9157458563535905,0.044102131251318843,0.2625000000000002,0.9027777777777781,0.6231155778894473,0.6064814814814814,0.5694444444444444,0.7967791411042944,0.4585741811175339,0.5536332179930792,0.2443181818181812,0.8735294117647059,0.4763513513513513,0.7578125000000004,0.7222222222222232,0.19021739130434784,0.33333333333325754,No Tournament,False,False,False,False,False,False,False,False,False,False,False,False,False,False,False,False,False,False,False,False,False,False,False,False,False,False,False,True,False,False,False,False
0.45833333333333304,0.35820895522388063,0.32180851063829774,0.7058011049723754,0.15182527959485123,0.3875000000000002,0.6597222222222228,0.5326633165829147,0.8101851851851851,0.3055555555555558,0.8642638036809815,0.531791907514451,0.9584775086505186,0.32954545454545414,0.6500000000000004,0.5168918918918917,0.6093750000000004,0.5347222222222223,0.3070652173913043,0.33333333333325754,No Tournament,False,False,False,False,False,False,False,False,False,False,False,False,False,False,False,False,False,False,False,False,False,False,False,False,False,False,False,True,False,False,False,False
0.375,0.41791044776119407,0.3164893617021276,0.8024861878453033,0.10118168389955687,0.3374999999999999,0.34722222222222276,0.6331658291457287,0.3935185185185184,0.7453703703703705,0.7845092024539877,0.8169556840077072,0.5536332179930792,0.3977272727272725,0.4205882352941175,0.3277027027027031,0.31249999999999956,0.541666666666667,0.3179347826086957,0.33333333333325754,No Tournament,False,False,False,False,False,False,False,False,False,False,False,False,False,False,False,False,False,False,False,False,False,False,False,False,False,False,False,True,False,False,False,False
0.5416666666666665,0.7164179104477612,0.4148936170212765,0.17817679558011035,0.7407680945347119,0.3687499999999999,0.013888888888889728,0.7336683417085428,0.9120370370370372,0.6712962962962965,0.5943251533742331,0.6319845857418114,0.8754325259515567,0.35795454545454497,0.0,0.46959459459459474,0.24999999999999956,0.43055555555555536,0.5923913043478262,0.33333333333325754,No Tournament,False,False,False,False,False,False,False,False,False,False,False,False,False,False,False,False,False,False,False,False,False,False,False,False,False,False,False,False,False,False,True,False
0.2916666666666665,0.14925373134328357,0.17287234042553168,0.6919889502762429,0.07585988605190969,0.0,0.8055555555555558,0.613065326633166,0.49537037037037046,0.3703703703703707,0.625,0.23892100192678223,0.4740484429065741,0.005681818181817899,0.8558823529411765,0.21283783783783772,0.6015625,0.4652777777777777,0.18478260869565222,0.33333333333325754,No Tournament,False,False,False,False,False,False,False,False,False,False,False,False,False,False,False,False,False,False,False,False,False,False,False,False,False,False,False,False,False,False,True,False
0.2916666666666665,0.6268656716417911,0.4148936170212765,0.3439226519337013,0.5717450939016671,0.375,0.3055555555555558,0.47236180904522596,0.7361111111111109,0.5092592592592595,0.42868098159509205,0.7899807321772643,0.3391003460207611,0.4090909090909087,0.361764705882353,0.3885135135135136,0.32031249999999956,0.5833333333333339,0.5978260869565217,0.33333333333325754,No Tournament,False,False,False,False,False,False,False,False,False,False,False,False,False,False,False,False,False,False,False,False,False,False,False,False,False,False,False,False,False,False,True,False
0.125,0.35820895522388063,0.27925531914893575,0.47375690607734766,0.28370964338468024,0.5062500000000001,0.2916666666666674,0.7135678391959799,0.5601851851851851,0.11574074074074103,0.625,0.5626204238921004,0.46020761245674735,0.5511363636363633,0.3794117647058828,0.4493243243243241,0.25781249999999956,0.49305555555555536,0.36684782608695654,0.33333333333325754,No Tournament,False,False,False,False,False,False,False,False,False,False,False,False,False,False,False,False,False,False,False,False,False,False,False,False,False,False,False,False,False,False,True,False
0.5416666666666665,0.5074626865671642,0.478723404255319,0.5980662983425411,0.3706478159949356,0.5125000000000002,0.6388888888888897,0.6231155778894473,0.6527777777777777,0.41666666666666696,0.6924846625766872,0.647398843930636,0.6885813148788926,0.3806818181818179,0.7205882352941178,0.6520270270270272,0.4453125,0.6944444444444446,0.4320652173913043,0.33333333333325754,No Tournament,False,False,False,False,False,False,False,False,False,False,False,False,False,False,False,False,False,False,False,False,False,False,False,False,False,False,False,False,False,False,True,False
0.2916666666666665,0.26865671641791045,0.396276595744681,0.7279005524861875,0.19286769360624603,0.3687499999999999,0.7569444444444446,0.6733668341708541,0.6712962962962963,0.5277777777777779,0.6679447852760736,0.4200385356454721,1.0,0.4204545454545454,0.7323529411764707,0.3547297297297298,0.671875,0.9375000000000009,0.23641304347826086,0.33333333333325754,No Tournament,False,False,False,False,False,False,False,False,False,False,False,False,False,False,False,False,False,False,False,False,False,False,False,False,False,False,False,False,False,False,True,False
0.45833333333333304,0.4776119402985075,0.3909574468085104,0.35773480662983426,0.5279594851234438,0.53125,0.29861111111111205,0.693467336683417,0.412037037037037,0.26388888888888906,0.23236196319018432,0.6050096339113682,0.46366782006920415,0.6988636363636362,0.3500000000000001,0.34121621621621623,0.32812499999999956,0.854166666666667,0.4157608695652174,0.33333333333325754,No Tournament,False,False,False,False,False,False,False,False,False,False,False,False,False,False,False,False,False,False,False,False,False,False,False,False,False,False,False,False,False,False,True,False
0.708333333333333,0.6268656716417911,0.6223404255319149,0.38259668508287303,0.7367588098755011,0.5500000000000003,0.31250000000000044,0.47236180904522596,0.3009259259259258,0.5092592592592595,0.23849693251533766,0.7976878612716765,0.32179930795847733,0.5852272727272725,0.3735294117647059,0.4831081081081079,0.31249999999999956,1.0,0.6195652173913044,0.33333333333325754,No Tournament,False,False,False,False,False,False,False,False,False,False,False,False,False,False,False,False,False,False,False,False,False,False,False,False,False,False,False,False,False,False,False,True
0.2916666666666665,0.41791044776119407,0.44680851063829774,0.4571823204419889,0.48069212914116893,0.4937499999999999,0.611111111111112,0.5527638190954773,0.7916666666666667,0.550925925925926,0.5575153374233128,0.35838150289017334,0.7439446366782003,0.4715909090909087,0.585294117647059,0.5371621621621623,0.6015625,0.45833333333333304,0.4891304347826087,0.33333333333325754,No Tournament,False,False,False,False,False,False,False,False,False,False,False,False,False,False,False,False,False,False,False,False,False,False,False,False,False,False,False,False,False,False,False,True
0.5416666666666665,0.2985074626865672,0.3723404255319145,0.548342541436464,0.31103608356193285,0.13750000000000018,0.6319444444444451,0.3517587939698492,0.3287037037037037,0.5185185185185186,0.19555214723926406,0.5009633911368017,0.6608996539792384,0.1306818181818179,0.6264705882352941,0.3547297297297298,0.5703125000000004,0.39583333333333304,0.3423913043478261,0.33333333333325754,No Tournament,False,False,False,False,False,False,False,False,False,False,False,False,False,False,False,False,False,False,False,False,False,False,False,False,False,False,False,False,False,False,False,True
0.375,0.23880597014925373,0.44680851063829774,0.7582872928176787,0.21038193711753533,0.4375,0.9305555555555558,0.4522613065326633,0.25462962962962954,0.3703703703703707,0.5084355828220859,0.3044315992292872,0.24567474048442894,0.35795454545454497,0.7029411764705884,0.6925675675675675,1.0,0.5694444444444446,0.30434782608695654,0.33333333333325754,No Tournament,False,False,False,False,False,False,False,False,False,False,False,False,False,False,False,False,False,False,False,False,False,False,False,False,False,False,False,False,False,False,False,True
0.45833333333333304,0.2985074626865672,0.33776595744680815,0.5814917127071819,0.24762608145178303,0.2937500000000002,0.5486111111111116,0.57286432160804,0.3564814814814816,0.29166666666666674,0.7231595092024539,0.6165703275529868,0.301038062283737,0.14772727272727249,0.473529411764706,0.6587837837837838,0.6171875,0.3541666666666661,0.3233695652173913,0.33333333333325754,No Tournament,False,False,False,False,False,False,False,False,False,False,False,False,False,False,False,False,False,False,False,False,False,False,False,False,False,False,False,False,False,False,False,True
0.375,0.35820895522388063,0.3643617021276593,0.603591160220994,0.2548005908419497,0.36250000000000027,0.611111111111112,0.522613065326633,0.19907407407407418,0.25462962962963,0.28144171779141125,0.5356454720616572,0.5086505190311417,0.24999999999999956,0.5735294117647061,0.5033783783783785,0.6171875,0.1875,0.41304347826086957,0.33333333333325754,No Tournament,False,False,False,False,False,False,False,False,False,False,False,False,False,False,False,False,False,False,False,False,False,False,False,False,False,False,False,False,False,False,False,True
0.5416666666666665,0.5671641791044776,0.457446808510638,0.26381215469613295,0.6980375606668073,0.6187499999999999,0.3055555555555558,0.48241206030150763,0.5972222222222221,0.38888888888888906,0.37960122699386534,0.21579961464354525,0.4186851211072662,0.6761363636363633,0.30882352941176494,0.5033783783783785,0.42187499999999956,0.5902777777777777,0.5652173913043479,0.33333333333325754,No Tournament,False,False,False,False,False,False,False,False,False,False,False,False,False,False,False,False,False,False,False,False,False,False,False,False,False,False,False,False,False,False,False,True
0.5416666666666665,0.4776119402985075,0.5585106382978724,0.4350828729281768,0.627242034184427,0.625,0.5833333333333335,0.2412060301507537,0.5601851851851851,0.009259259259259633,0.22009202453987742,0.09248554913294793,0.46366782006920415,0.41477272727272707,0.4794117647058824,0.7466216216216215,0.7500000000000004,0.15277777777777768,0.4972826086956522,0.33333333333325754,No Tournament,False,False,False,False,False,False,False,False,False,False,False,False,False,False,False,False,False,False,False,False,False,False,False,False,False,False,False,False,False,False,False,True
0.7916666666666665,0.7164179104477612,0.6994680851063828,0.23342541436464082,0.8916438067102764,0.5249999999999999,0.11111111111111205,0.29145728643216073,0.5972222222222221,0.6805555555555556,0.5391104294478528,0.6782273603082856,0.802768166089965,0.6022727272727271,0.25,0.40878378378378377,0.08593749999999911,0.39583333333333304,0.6956521739130436,0.33333333333325754,Made Tournament,True,False,False,False,False,False,False,False,False,False,False,False,False,False,False,False,False,False,False,False,False,False,False,False,False,False,False,False,False,False,False,False
0.958333333333333,0.8059701492537313,0.9920212765957448,0.2748618784530388,0.9675036927621861,0.7749999999999999,0.2777777777777781,0.2814070351758795,0.4027777777777779,0.6296296296296298,0.5452453987730062,0.6820809248554915,0.32525951557093413,0.7329545454545454,0.4558823529411766,0.7195945945945947,0.07031249999999911,0.5347222222222223,0.9184782608695653,0.33333333333325754,Made Tournament,False,True,False,False,False,False,False,False,False,False,False,False,False,False,False,False,False,False,False,False,False,False,False,False,False,False,False,False,False,False,False,False
0.7916666666666665,0.746268656716418,0.813829787234043,0.26381215469613295,0.9229795315467397,0.7062500000000003,0.31250000000000044,0.29145728643216073,0.6064814814814814,0.7268518518518519,0.5452453987730062,0.647398843930636,0.5363321799307956,0.7840909090909087,0.25,0.5033783783783785,0.5078125,0.75,0.845108695652174,0.33333333333325754,Made Tournament,False,True,False,False,False,False,False,False,False,False,False,False,False,False,False,False,False,False,False,False,False,False,False,False,False,False,False,False,False,False,False,False
0.708333333333333,0.7164179104477612,0.8723404255319149,0.1616022099447516,0.9709854399662375,0.5625,0.1597222222222232,0.25125628140703515,0.6157407407407409,0.8611111111111112,0.4654907975460123,0.4778420038535647,0.5882352941176467,0.5625,0.2147058823529413,0.5574324324324325,0.24999999999999956,0.5138888888888893,0.8722826086956522,0.33333333333325754,Made Tournament,False,True,False,False,False,False,False,False,False,False,False,False,False,False,False,False,False,False,False,False,False,False,False,False,False,False,False,False,False,False,False,False
0.875,0.746268656716418,0.917553191489362,0.2969613259668509,0.9431314623338256,0.7000000000000002,0.3958333333333339,0.05025125628140703,0.5324074074074074,0.42592592592592604,0.60659509202454,0.2697495183044316,0.16955017301038056,0.5852272727272725,0.4147058823529415,0.7533783783783785,0.42187499999999956,0.4375,0.845108695652174,0.33333333333325754,Made Tournament,False,True,False,False,False,False,False,False,False,False,False,False,False,False,False,False,False,False,False,False,False,False,False,False,False,False,False,False,False,False,False,False
0.708333333333333,0.6567164179104478,0.7180851063829787,0.03453038674033193,0.9718294998944924,0.625,0.1875000000000009,0.21105527638190957,0.7175925925925926,0.4722222222222223,0.22009202453987742,0.16955684007707128,0.4152249134948094,0.5170454545454546,0.23235294117647065,0.7601351351351351,0.25781249999999956,0.0,0.8206521739130436,0.33333333333325754,Made Tournament,False,True,False,False,False,False,False,False,False,False,False,False,False,False,False,False,False,False,False,False,False,False,False,False,False,False,False,False,False,False,False,False
0.875,0.8656716417910448,0.8085106382978728,0.17817679558011035,0.9523106140535978,0.6000000000000001,0.1250000000000009,0.18090452261306544,0.6712962962962963,0.8055555555555556,0.5207055214723926,0.4200385356454721,0.25259515570934243,0.6534090909090908,0.014705882352941124,0.4898648648648649,0.46874999999999956,0.2361111111111116,0.8369565217391305,0.33333333333325754,Made Tournament,False,False,False,False,True,False,False,False,False,False,False,False,False,False,False,False,False,False,False,False,False,False,False,False,False,False,False,False,False,False,False,False
0.7916666666666665,0.5671641791044776,0.7127659574468086,0.25552486187845336,0.885735387212492,0.7250000000000001,0.2291666666666674,0.7035175879396987,0.27314814814814814,0.5138888888888891,0.391871165644172,0.4585741811175339,0.44636678200692037,0.6988636363636362,0.17352941176470615,0.679054054054054,0.484375,0.4236111111111107,0.6956521739130436,0.33333333333325754,Made Tournament,False,False,False,False,False,True,False,False,False,False,False,False,False,False,False,False,False,False,False,False,False,False,False,False,False,False,False,False,False,False,False,False
0.875,0.6865671641791045,0.7021276595744683,0.26381215469613295,0.8755011605824013,0.45625000000000027,0.1875000000000009,0.25125628140703515,0.45833333333333326,0.587962962962963,0.5943251533742331,0.34296724470134876,0.4948096885813147,0.4659090909090904,0.1676470588235297,0.46959459459459474,0.38281249999999956,0.3402777777777777,0.7391304347826088,0.33333333333325754,Made Tournament,False,False,False,False,False,True,False,False,False,False,False,False,False,False,False,False,False,False,False,False,False,False,False,False,False,False,False,False,False,False,False,False
0.7916666666666665,0.6865671641791045,0.9361702127659579,0.29143646408839796,0.9494619117957375,0.7875000000000001,0.3888888888888897,0.06030150753768848,0.6064814814814814,0.3518518518518521,0.6556748466257669,0.23121387283237005,0.13148788927335642,0.6363636363636358,0.3735294117647059,0.8614864864864864,0.484375,0.5277777777777777,0.861413043478261,0.33333333333325754,Made Tournament,False,False,False,False,False,False,True,False,False,False,False,False,False,False,False,False,False,False,False,False,False,False,False,False,False,False,False,False,False,False,False,False
0.875,0.9253731343283582,0.9946808510638303,0.18922651933701662,0.9859675036927622,0.9437500000000001,0.3263888888888897,0.3618090452261309,0.6620370370370372,0.5601851851851853,0.4225460122699387,0.5163776493256265,0.01038062283737029,1.0,0.4676470588235295,0.6520270270270272,0.21093749999999956,0.2499999999999991,0.986413043478261,0.33333333333325754,Made Tournament,False,False,False,False,False,False,False,True,False,False,False,False,False,False,False,False,False,False,False,False,False,False,False,False,False,False,False,False,False,False,False,False
0.7916666666666665,0.8955223880597015,0.7021276595744683,0.3024861878453038,0.8517619751002321,0.7312500000000002,0.31250000000000044,0.21105527638190957,0.6342592592592593,0.5555555555555558,0.17714723926380405,0.323699421965318,0.5674740484429064,0.7386363636363638,0.3500000000000001,0.6520270270270272,0.34374999999999956,0.2638888888888884,0.7391304347826088,0.33333333333325754,Made Tournament,False,False,False,False,False,False,False,False,False,False,False,False,True,False,False,False,False,False,False,False,False,False,False,False,False,False,False,False,False,False,False,False
0.7916666666666665,0.8955223880597015,0.8617021276595747,0.18093922651933747,0.9640219455581346,0.7375000000000003,0.027777777777778123,0.27135678391959783,0.587962962962963,0.7453703703703705,0.2016871165644174,0.7244701348747593,0.46020761245674735,0.5738636363636362,0.050000000000000266,0.875,0.21874999999999956,0.5555555555555554,0.7961956521739131,0.33333333333325754,Made Tournament,False,False,False,False,False,False,False,False,False,False,False,False,False,False,False,False,False,False,True,False,False,False,False,False,False,False,False,False,False,False,False,False
0.875,0.746268656716418,0.7579787234042556,0.4129834254143643,0.8124076809453471,0.6125000000000003,0.46527777777777857,0.2211055276381908,0.45833333333333326,0.5972222222222223,0.64340490797546,0.5857418111753372,0.07612456747404839,0.5909090909090908,0.355882352941177,0.6047297297297298,0.65625,0.5625,0.720108695652174,0.33333333333325754,Made Tournament,False,False,False,False,False,False,False,False,False,False,False,False,False,False,False,False,False,False,False,False,False,False,True,False,False,False,False,False,False,False,False,False
0.875,0.746268656716418,0.8005319148936172,0.3908839779005522,0.8517619751002321,0.5625,0.3055555555555558,0.31155778894472363,0.5138888888888888,0.6388888888888888,0.8151840490797544,0.6358381502890176,0.5986159169550171,0.5340909090909087,0.3264705882352943,0.625,0.375,0.625,0.7907608695652174,0.33333333333325754,Made Tournament,False,False,False,False,False,False,False,False,False,False,False,False,False,False,False,False,False,False,False,False,False,False,False,False,False,False,True,False,False,False,False,False
0.708333333333333,0.835820895522388,0.8829787234042556,0.22513812154696122,0.9567419286769361,0.9624999999999999,0.13194444444444509,0.40201005025125625,0.21759259259259278,0.6944444444444446,0.06058282208588972,0.23892100192678223,0.16608996539792387,0.9261363636363633,0.25,0.820945945945946,0.12499999999999911,0.0,0.7907608695652174,0.33333333333325754,Made Tournament,False,False,False,False,False,False,False,False,False,False,False,False,False,False,False,False,False,False,False,False,False,False,False,False,False,False,False,False,False,False,False,True
0.45833333333333304,0.6865671641791045,0.7127659574468086,0.31353591160221006,0.8511289301540409,0.7000000000000002,0.29861111111111205,0.34170854271356776,0.7361111111111109,0.34722222222222254,0.39800613496932513,0.8400770712909444,0.46366782006920415,0.5909090909090908,0.355882352941177,0.7533783783783785,0.30468749999999956,0.5277777777777777,0.7255434782608696,0.33333333333325754,Made Tournament,True,False,False,False,False,False,False,False,False,False,False,False,False,False,False,False,False,False,False,False,False,False,False,False,False,False,False,False,False,False,False,False
0.7916666666666665,0.746268656716418,0.6196808510638299,0.28314917127071837,0.814728845748048,0.5375000000000001,0.28472222222222276,0.4321608040201006,0.7453703703703705,0.6111111111111112,0.4041411042944787,0.5703275529865126,0.6608996539792384,0.6193181818181817,0.28529411764705914,0.3952702702702706,0.42187499999999956,0.5625,0.720108695652174,0.33333333333325754,Made Tournament,True,False,False,False,False,False,False,False,False,False,False,False,False,False,False,False,False,False,False,False,False,False,False,False,False,False,False,False,False,False,False,False
0.625,0.5970149253731344,0.6914893617021276,0.2058011049723758,0.9008229584300484,0.5375000000000001,0.2916666666666674,0.6030150753768844,0.49537037037037046,0.7083333333333333,0.44708588957055206,0.48940269749518306,0.23875432525951545,0.5227272727272725,0.32058823529411784,0.5641891891891895,0.35937499999999956,0.18055555555555447,0.7635869565217391,0.33333333333325754,Made Tournament,False,True,False,False,False,False,False,False,False,False,False,False,False,False,False,False,False,False,False,False,False,False,False,False,False,False,False,False,False,False,False,False
0.625,0.6268656716417911,0.8936170212765964,0.4654696132596685,0.8583034395442075,0.90625,0.5277777777777781,0.3718592964824119,0.3287037037037037,0.24537037037037046,0.5881901840490797,0.7437379576107901,0.19031141868512103,0.7954545454545454,0.4617647058823531,0.8817567567567566,0.6171875,0.5555555555555554,0.7744565217391305,0.33333333333325754,Made Tournament,False,True,False,False,False,False,False,False,False,False,False,False,False,False,False,False,False,False,False,False,False,False,False,False,False,False,False,False,False,False,False,False
0.708333333333333,0.835820895522388,0.670212765957447,0.34668508287292843,0.801645916860097,0.8062499999999999,0.36111111111111205,0.3517587939698492,0.6157407407407409,0.5416666666666667,0.37960122699386534,0.48940269749518306,0.16262975778546707,0.8465909090909092,0.3382352941176472,0.6385135135135136,0.5078125,0.2638888888888884,0.703804347826087,0.33333333333325754,Made Tournament,False,False,True,False,False,False,False,False,False,False,False,False,False,False,False,False,False,False,False,False,False,False,False,False,False,False,False,False,False,False,False,False
0.7916666666666665,0.8656716417910448,0.9361702127659579,0.23342541436464082,0.9664486178518674,0.7625000000000002,0.18055555555555625,0.34170854271356776,0.49537037037037046,0.8842592592592593,0.3366564417177915,0.554913294797688,0.09688581314878897,0.5909090909090908,0.17352941176470615,0.9020270270270272,0.28906249999999956,0.19444444444444375,0.8586956521739131,0.33333333333325754,Made Tournament,False,False,False,False,True,False,False,False,False,False,False,False,False,False,False,False,False,False,False,False,False,False,False,False,False,False,False,False,False,False,False,False
0.45833333333333304,0.746268656716418,0.6117021276595747,0.4903314917127073,0.6228107195610888,0.71875,0.40972222222222276,0.4422110552763818,0.412037037037037,0.7268518518518519,0.5329754601226995,0.4701348747591523,0.4878892733564011,0.8409090909090908,0.5794117647058825,0.43581081081081097,0.20312499999999956,0.3611111111111116,0.6385869565217391,0.33333333333325754,Made Tournament,False,False,False,True,False,False,False,False,False,False,False,False,False,False,False,False,False,False,False,False,False,False,False,False,False,False,False,False,False,False,False,False
0.5416666666666665,0.6865671641791045,0.7606382978723407,0.33839779005524884,0.8632622916227052,0.625,0.28472222222222276,0.5527638190954773,0.46759259259259256,0.5694444444444444,0.6986196319018403,0.6512524084778422,0.37370242214532867,0.5909090909090908,0.26176470588235334,0.6114864864864864,0.453125,0.45833333333333304,0.7853260869565218,0.33333333333325754,Made Tournament,False,False,False,False,False,True,False,False,False,False,False,False,False,False,False,False,False,False,False,False,False,False,False,False,False,False,False,False,False,False,False,False
0.708333333333333,0.6865671641791045,0.6515957446808511,0.2002762430939229,0.8861574171766196,0.39375000000000027,0.11805555555555625,0.2613065326633166,0.4305555555555558,0.5370370370370372,0.5697852760736195,0.6936416184971101,0.25605536332179923,0.39204545454545414,0.19705882352941195,0.4763513513513513,0.1953124999999991,0.6180555555555562,0.7853260869565218,0.33333333333325754,Made Tournament,False,False,False,False,False,True,False,False,False,False,False,False,False,False,False,False,False,False,False,False,False,False,False,False,False,False,False,False,False,False,False,False
0.7916666666666665,0.5970149253731344,0.7287234042553195,0.2361878453038675,0.9023000633044946,0.6437500000000003,0.43055555555555625,0.562814070351759,0.8472222222222223,0.5277777777777779,0.6986196319018403,0.7514450867052027,0.4013840830449824,0.6363636363636358,0.25588235294117645,0.6047297297297298,0.7656250000000004,0.3611111111111116,0.7309782608695653,0.33333333333325754,Made Tournament,False,False,False,False,False,False,True,False,False,False,False,False,False,False,False,False,False,False,False,False,False,False,False,False,False,False,False,False,False,False,False,False
0.5416666666666665,0.5671641791044776,1.0,0.45994475138121516,0.9448195821903355,0.7250000000000001,0.6805555555555562,0.47236180904522596,0.6805555555555556,0.9351851851851851,0.6740797546012267,0.6088631984585744,0.816608996539792,0.5568181818181817,0.6617647058823528,0.8817567567567566,0.625,0.7569444444444455,0.7744565217391305,0.33333333333325754,Made Tournament,False,False,False,False,False,False,True,False,False,False,False,False,False,False,False,False,False,False,False,False,False,False,False,False,False,False,False,False,False,False,False,False
0.708333333333333,0.7164179104477612,0.7898936170212769,0.26381215469613295,0.9142224097910951,0.9500000000000002,0.4513888888888893,0.3618090452261309,0.587962962962963,0.28240740740740766,0.5329754601226995,0.24277456647398843,0.25951557093425603,0.8977272727272725,0.5323529411764709,0.8479729729729728,0.35937499999999956,0.7430555555555562,0.8016304347826088,0.33333333333325754,Made Tournament,False,False,False,False,False,False,False,True,False,False,False,False,False,False,False,False,False,False,False,False,False,False,False,False,False,False,False,False,False,False,False,False
0.5416666666666665,0.5373134328358209,0.9840425531914896,0.44613259668508265,0.9089470352395019,0.9437500000000001,0.611111111111112,0.38190954773869357,0.49537037037037046,0.41666666666666696,0.5084355828220859,0.36223506743737977,0.4809688581314877,0.6875,0.5558823529411767,1.0,0.65625,0.6597222222222223,0.7010869565217391,0.33333333333325754,Made Tournament,False,False,False,False,False,False,False,True,False,False,False,False,False,False,False,False,False,False,False,False,False,False,False,False,False,False,False,False,False,False,False,False
0.625,0.5970149253731344,0.6409574468085109,0.2748618784530388,0.834775269044102,0.46875,0.3888888888888897,0.6030150753768844,0.4212962962962963,0.8148148148148149,0.2753067484662577,0.6165703275529868,0.4948096885813147,0.5113636363636362,0.40294117647058814,0.44256756756756754,0.4453125,0.47916666666666696,0.7581521739130436,0.33333333333325754,Made Tournament,False,False,False,False,False,False,False,True,False,False,False,False,False,False,False,False,False,False,False,False,False,False,False,False,False,False,False,False,False,False,False,False
0.2916666666666665,0.6268656716417911,0.4867021276595742,0.4709944751381214,0.5112893015404093,0.6875,0.5069444444444451,0.48241206030150763,0.6157407407407409,0.3657407407407409,0.4225460122699387,0.5587668593448942,0.6193771626297577,0.6136363636363633,0.5205882352941176,0.7736486486486487,0.49999999999999956,0.729166666666667,0.5407608695652174,0.33333333333325754,Made Tournament,False,False,False,False,False,False,False,False,True,False,False,False,False,False,False,False,False,False,False,False,False,False,False,False,False,False,False,False,False,False,False,False
0.45833333333333304,0.746268656716418,0.5452127659574466,0.43232044198895014,0.6161637476260815,0.6937500000000001,0.2291666666666674,0.4321608040201006,0.5231481481481484,0.37962962962962976,0.45935582822085896,0.6396917148362238,0.43944636678200677,0.5852272727272725,0.27941176470588225,0.7195945945945947,0.28906249999999956,0.7152777777777777,0.6358695652173914,0.33333333333325754,Made Tournament,False,False,False,False,False,False,False,False,False,True,False,False,False,False,False,False,False,False,False,False,False,False,False,False,False,False,False,False,False,False,False,False
0.708333333333333,0.6567164179104478,0.3351063829787235,0.41850828729281764,0.39744671871702886,0.375,0.36805555555555625,0.6834170854271358,0.6157407407407409,0.5092592592592595,0.4532208588957056,0.7398843930635839,0.39100346020761245,0.35795454545454497,0.43235294117647083,0.4898648648648649,0.32812499999999956,0.5763888888888893,0.48097826086956524,0.33333333333325754,Made Tournament,False,False,False,False,False,False,False,False,False,False,True,False,False,False,False,False,False,False,False,False,False,False,False,False,False,False,False,False,False,False,False,False
0.625,0.835820895522388,0.8750000000000004,0.534530386740331,0.8034395442076387,0.7875000000000001,0.6805555555555562,0.04020100502512558,0.6620370370370372,0.6666666666666667,0.4654907975460123,0.35452793834296736,0.6159169550173009,0.8579545454545454,0.7676470588235298,0.5979729729729732,0.4375,0.6597222222222223,0.7255434782608696,0.33333333333325754,Made Tournament,False,False,False,False,False,False,False,False,False,False,False,True,False,False,False,False,False,False,False,False,False,False,False,False,False,False,False,False,False,False,False,False
0.625,0.6865671641791045,0.5505319148936172,0.5096685082872923,0.5385102342266301,0.625,0.4375000000000009,0.5326633165829147,0.375,0.6064814814814816,0.3366564417177915,0.5741811175337188,0.301038062283737,0.625,0.5323529411764709,0.570945945945946,0.31249999999999956,0.5069444444444446,0.5516304347826086,0.33333333333325754,Made Tournament,False,False,False,False,False,False,False,False,False,False,False,False,False,True,False,False,False,False,False,False,False,False,False,False,False,False,False,False,False,False,False,False
0.2916666666666665,0.6567164179104478,0.6063829787234041,0.26933701657458586,0.81483435323908,0.6750000000000003,0.36805555555555625,0.17085427135678377,0.6712962962962963,0.2777777777777781,0.23236196319018432,0.10789980732177251,0.3529411764705881,0.5625,0.3382352941176472,0.6993243243243246,0.4765625,0.15277777777777768,0.6739130434782609,0.33333333333325754,Made Tournament,False,False,False,False,False,False,False,False,False,False,False,False,False,False,True,False,False,False,False,False,False,False,False,False,False,False,False,False,False,False,False,False
0.7916666666666665,0.6268656716417911,0.6515957446808511,0.5621546961325965,0.5922135471618485,0.6875,0.4583333333333339,0.3015075376884422,0.46759259259259256,0.4120370370370372,0.6863496932515338,0.36223506743737977,0.4013840830449824,0.4943181818181812,0.38529411764705923,0.8412162162162162,0.6015625,0.6736111111111116,0.5271739130434783,0.33333333333325754,Made Tournament,False,False,False,False,False,False,False,False,False,False,False,False,False,False,False,True,False,False,False,False,False,False,False,False,False,False,False,False,False,False,False,False
0.7916666666666665,0.6268656716417911,0.5132978723404253,0.4765193370165748,0.5334458746571007,0.36250000000000027,0.46527777777777857,0.4422110552763818,0.5601851851851851,0.925925925925926,0.5452453987730062,0.4200385356454721,0.43252595155709317,0.44886363636363624,0.43235294117647083,0.3006756756756759,0.5390624999999996,0.520833333333333,0.4891304347826087,0.33333333333325754,Made Tournament,False,False,False,False,False,False,False,False,False,False,False,False,False,False,False,False,True,False,False,False,False,False,False,False,False,False,False,False,False,False,False,False
0.7916666666666665,0.8059701492537313,0.7686170212765959,0.41574585635359096,0.8182105929520996,0.6312500000000001,0.3402777777777781,0.20100502512562812,0.27314814814814814,0.5694444444444444,0.3305214723926382,0.7591522157996149,0.22145328719723167,0.48863636363636376,0.4794117647058824,0.7398648648648649,0.20312499999999956,0.625,0.7309782608695653,0.33333333333325754,Made Tournament,False,False,False,False,False,False,False,False,False,False,False,False,False,False,False,False,False,False,False,True,False,False,False,False,False,False,False,False,False,False,False,False
0.875,0.5671641791044776,0.375,0.44613259668508265,0.4103186326229162,0.5375000000000001,0.4513888888888893,0.57286432160804,0.8101851851851851,0.23148148148148184,0.8519938650306744,0.4161849710982659,0.37370242214532867,0.49999999999999956,0.4911764705882353,0.5777027027027026,0.4453125,0.4375,0.47010869565217395,0.33333333333325754,Made Tournament,False,False,False,False,False,False,False,False,False,False,False,False,False,False,False,False,False,False,False,False,True,False,False,False,False,False,False,False,False,False,False,False
0.625,0.5671641791044776,0.521276595744681,0.5124309392265194,0.5051698670605612,0.6375000000000002,0.41666666666666696,0.7236180904522611,0.337962962962963,0.6064814814814816,0.4654907975460123,0.4547206165703277,0.43598615916954997,0.5795454545454541,0.23235294117647065,0.6722972972972974,0.734375,0.20833333333333304,0.4673913043478261,0.33333333333325754,Made Tournament,False,False,False,False,False,False,False,False,False,False,False,False,False,False,False,False,False,False,False,False,False,True,False,False,False,False,False,False,False,False,False,False
0.7916666666666665,0.746268656716418,0.625,0.37154696132596676,0.747626081451783,0.8062499999999999,0.3194444444444451,0.5427135678391959,0.625,0.4027777777777779,0.42868098159509205,0.6011560693641622,0.39100346020761245,0.7784090909090904,0.3147058823529414,0.7195945945945947,0.453125,0.6527777777777786,0.6277173913043479,0.33333333333325754,Made Tournament,False,False,False,False,False,False,False,False,False,False,False,False,False,False,False,False,False,False,False,False,False,False,False,True,False,False,False,False,False,False,False,False
0.7916666666666665,0.6268656716417911,0.6382978723404253,0.5787292817679552,0.5623549271998312,0.5750000000000002,0.46527777777777857,0.4321608040201006,0.4305555555555558,0.587962962962963,0.5452453987730062,0.7129094412331409,0.38062283737024205,0.5852272727272725,0.4911764705882353,0.5304054054054057,0.4453125,0.5138888888888893,0.46467391304347827,0.33333333333325754,Made Tournament,False,False,False,False,False,False,False,False,False,False,False,False,False,False,False,False,False,False,False,False,False,False,False,False,True,False,False,False,False,False,False,False
0.625,0.7761194029850746,0.5984042553191489,0.3162983425414363,0.7732644017725258,0.8374999999999999,0.36805555555555625,0.7336683417085428,0.8379629629629628,0.5555555555555558,0.39800613496932513,0.8169556840077072,0.5674740484429064,0.8181818181818179,0.2676470588235298,0.7398648648648649,0.546875,0.6597222222222223,0.6657608695652174,0.33333333333325754,Made Tournament,False,False,False,False,False,False,False,False,False,False,False,False,False,False,False,False,False,False,False,False,False,False,False,False,False,True,False,False,False,False,False,False
0.7916666666666665,0.5373134328358209,0.7367021276595747,0.22513812154696122,0.9107406625870437,0.6062500000000002,0.3263888888888897,0.47236180904522596,0.29166666666666674,0.31018518518518534,0.3734662576687118,0.5086705202312138,0.30795847750865035,0.4261363636363633,0.33235294117647074,0.6993243243243246,0.42187499999999956,0.3472222222222223,0.6875,0.33333333333325754,Made Tournament,False,False,False,False,False,False,False,False,False,False,False,False,False,False,False,False,False,False,False,False,False,False,False,False,False,False,True,False,False,False,False,False
0.625,0.5074626865671642,0.6223404255319149,0.6643646408839774,0.45853555602447765,0.6750000000000003,0.7222222222222223,0.49246231155778886,0.3009259259259258,0.41666666666666696,0.49003067484662566,0.7052023121387285,0.18339100346020754,0.6875,0.6617647058823528,0.5777027027027026,0.6640625,0.4513888888888893,0.4184782608695652,0.33333333333325754,Made Tournament,False,False,False,False,False,False,False,False,False,False,False,False,False,False,False,False,False,False,False,False,False,False,False,False,False,False,False,False,False,True,False,False
0.7916666666666665,0.6567164179104478,0.4202127659574466,0.575966850828729,0.3345642540620384,0.3562500000000002,0.3958333333333339,0.31155778894472363,0.5787037037037037,0.6296296296296298,0.8581288343558278,0.8747591522157998,0.36332179930795827,0.5340909090909087,0.4794117647058824,0.158783783783784,0.32031249999999956,0.5555555555555554,0.5652173913043479,0.33333333333325754,Made Tournament,False,False,False,False,False,False,False,False,False,False,False,False,False,False,False,False,False,False,False,False,False,False,False,False,False,False,False,True,False,False,False,False
0.45833333333333304,0.8059701492537313,0.6542553191489362,0.4654696132596685,0.6875923190546529,0.6437500000000003,0.31250000000000044,0.6030150753768844,0.5694444444444446,0.8101851851851853,0.4654907975460123,0.8362235067437382,0.46366782006920415,0.7727272727272729,0.4676470588235295,0.42229729729729737,0.14843749999999956,0.49305555555555536,0.6793478260869565,0.33333333333325754,Made Tournament,False,False,False,False,False,False,False,False,False,False,False,False,False,False,False,False,False,False,False,False,False,False,False,False,False,False,False,False,False,False,True,False
0.625,0.5373134328358209,1.0,0.46823204419889475,0.9036716606879088,0.7312500000000002,0.6458333333333339,0.29145728643216073,0.3009259259259258,0.5833333333333335,0.41641104294478537,0.7360308285163779,0.5605536332179928,0.6534090909090908,0.6441176470588239,0.7601351351351351,0.578125,0.6944444444444446,0.720108695652174,0.33333333333325754,Made Tournament,False,True,False,False,False,False,False,False,False,False,False,False,False,False,False,False,False,False,False,False,False,False,False,False,False,False,False,False,False,False,False,False
0.625,0.5671641791044776,0.625,0.2444751381215471,0.8453260181472884,0.5625,0.43055555555555625,0.49246231155778886,0.6805555555555556,0.3842592592592593,0.47162576687116586,0.6358381502890176,0.301038062283737,0.4829545454545454,0.5147058823529411,0.6655405405405408,0.34374999999999956,0.3888888888888884,0.7010869565217391,0.33333333333325754,Made Tournament,False,False,False,False,False,False,False,True,False,False,False,False,False,False,False,False,False,False,False,False,False,False,False,False,False,False,False,False,False,False,False,False
0.45833333333333304,0.7164179104477612,0.4414893617021276,0.43232044198895014,0.5040092846592108,0.5562499999999999,0.13194444444444509,0.4321608040201006,0.6342592592592593,0.6250000000000002,0.6311349693251533,0.4855491329479771,0.2145328719723183,0.6875,0.2911764705882356,0.3682432432432434,0.06249999999999911,0.41666666666666696,0.5461956521739131,0.33333333333325754,Made Tournament,False,False,False,False,False,False,False,False,False,False,False,False,False,False,False,False,False,True,False,False,False,False,False,False,False,False,False,False,False,False,False,False
0.2916666666666665,0.5671641791044776,0.3936170212765955,0.4295580110497239,0.4507280016881198,0.48750000000000027,0.47916666666666696,0.9999999999999998,0.875,0.8333333333333335,0.7170245398773005,0.8169556840077072,0.44636678200692037,0.625,0.6264705882352941,0.23310810810810834,0.27343749999999956,0.39583333333333304,0.5135869565217391,0.33333333333325754,Made Tournament,False,False,False,False,False,False,False,False,False,False,False,False,False,False,False,False,False,False,False,False,False,False,False,False,False,False,False,False,True,False,False,False
1.0,0.746268656716418,1.0,0.3301104972375688,0.9601181683899557,0.9125000000000001,0.5902777777777781,0.07035175879396971,0.6064814814814814,0.3055555555555558,0.5575153374233128,0.3275529865125242,0.18685121107266423,0.8920454545454541,0.5205882352941176,0.7601351351351351,0.734375,0.1388888888888884,0.7880434782608696,0.33333333333325754,Made Tournament,False,False,False,False,False,True,False,False,False,False,False,False,False,False,False,False,False,False,False,False,False,False,False,False,False,False,False,False,False,False,False,False
0.7916666666666665,0.7761194029850746,0.8457446808510638,0.2058011049723758,0.9528381515087571,0.8312500000000003,0.29861111111111205,0.48241206030150763,0.337962962962963,0.587962962962963,0.21395705521472408,0.4508670520231215,0.03806228373702414,0.6875,0.32058823529411784,0.8817567567567566,0.375,0.5833333333333339,0.8369565217391305,0.33333333333325754,Made Tournament,False,False,False,False,False,True,False,False,False,False,False,False,False,False,False,False,False,False,False,False,False,False,False,False,False,False,False,False,False,False,False,False
0.958333333333333,0.7761194029850746,0.7898936170212769,0.1754143646408841,0.9484068368854188,0.6062500000000002,0.28472222222222276,0.3517587939698492,0.6064814814814814,0.824074074074074,0.3059815950920246,0.4354527938342967,0.2145328719723183,0.5965909090909092,0.11470588235294121,0.5844594594594597,0.7187500000000004,0.16666666666666696,0.8233695652173914,0.33333333333325754,Made Tournament,False,False,False,False,False,True,False,False,False,False,False,False,False,False,False,False,False,False,False,False,False,False,False,False,False,False,False,False,False,False,False,False
0.708333333333333,0.7761194029850746,0.8404255319148941,0.22790055248618835,0.9453471196454948,0.6312500000000001,0.1875000000000009,0.7135678391959799,0.3842592592592595,1.0,0.5207055214723926,0.4739884393063585,0.28719723183391,0.6590909090909092,0.2264705882352942,0.5439189189189189,0.296875,0.2152777777777768,0.8994565217391305,0.33333333333325754,Made Tournament,False,False,False,False,False,False,True,False,False,False,False,False,False,False,False,False,False,False,False,False,False,False,False,False,False,False,False,False,False,False,False,False
0.958333333333333,0.8059701492537313,0.813829787234043,0.10082872928176823,0.9740451572061615,0.5562499999999999,0.37500000000000044,0.3517587939698492,1.0,0.9166666666666665,0.6740797546012267,0.6666666666666667,0.7162629757785464,0.5227272727272725,0.3147058823529414,0.6047297297297298,0.5390624999999996,0.7083333333333339,0.8586956521739131,0.33333333333325754,Made Tournament,False,False,False,False,False,False,True,False,False,False,False,False,False,False,False,False,False,False,False,False,False,False,False,False,False,False,False,False,False,False,False,False
0.708333333333333,0.7164179104477612,0.8750000000000004,0.3107734806629838,0.9255117113315046,0.7625000000000002,0.5138888888888893,0.1507537688442211,0.6157407407407409,0.4212962962962965,0.3734662576687118,0.597302504816956,0.5259515570934254,0.7897727272727271,0.5970588235294119,0.631756756756757,0.38281249999999956,0.3611111111111116,0.8342391304347827,0.33333333333325754,Made Tournament,False,False,False,False,False,False,False,True,False,False,False,False,False,False,False,False,False,False,False,False,False,False,False,False,False,False,False,False,False,False,False,False
0.958333333333333,0.9253731343283582,0.8723404255319149,0.2748618784530388,0.9380671027642962,0.7062500000000003,0.29861111111111205,0.31155778894472363,0.412037037037037,0.6990740740740742,0.31211656441717817,0.7283236994219655,0.23529411764705876,0.6193181818181817,0.42647058823529393,0.7939189189189189,0.20312499999999956,0.3541666666666661,0.8994565217391305,0.33333333333325754,Made Tournament,False,False,False,False,False,False,False,False,False,False,False,False,False,False,False,False,False,False,False,False,False,False,True,False,False,False,False,False,False,False,False,False
0.875,0.8955223880597015,1.0,0.38535911602209927,0.9399662376028698,1.0,0.36805555555555625,0.16080402010050254,0.26388888888888906,0.5092592592592595,0.47162576687116586,0.20038535645472066,0.12456747404844282,1.0,0.24411764705882355,0.9020270270270272,0.6328125,0.875,0.8641304347826088,0.33333333333325754,Made Tournament,False,False,False,False,False,False,False,False,False,False,False,False,False,False,False,False,False,False,False,False,False,False,True,False,False,False,False,False,False,False,False,False
1.0,0.9552238805970149,0.7872340425531918,0.13121546961325992,0.9610677358092424,0.71875,0.29861111111111205,0.05025125628140703,0.6064814814814814,0.3425925925925928,0.244631901840491,0.35067437379576116,0.2837370242214532,0.8011363636363638,0.33235294117647074,0.5371621621621623,0.375,0.27083333333333304,0.8722826086956522,0.6666666666666288,Made Tournament,False,False,False,False,False,True,False,False,False,False,False,False,False,False,False,False,False,False,False,False,False,False,False,False,False,False,False,False,False,False,False,False
1.0,1.0,1.0,0.23342541436464082,0.9979953576703946,1.0,0.3541666666666674,0.1507537688442211,0.48611111111111116,0.5324074074074077,0.37960122699386534,0.300578034682081,0.16955017301038056,1.0,0.4617647058823531,0.8682432432432434,0.25781249999999956,0.5277777777777777,0.9728260869565217,0.6666666666666288,Made Tournament,False,False,False,False,False,False,False,True,False,False,False,False,False,False,False,False,False,False,False,False,False,False,False,False,False,False,False,False,False,False,False,False
0.958333333333333,0.835820895522388,0.9973404255319154,0.2002762430939229,0.9839628613631568,0.84375,0.20833333333333393,0.40201005025125625,0.4027777777777779,0.9583333333333333,0.5575153374233128,0.5009633911368017,0.01730103806228378,0.875,0.25,0.6722972972972974,0.28124999999999956,0.6180555555555562,0.8641304347826088,0.6666666666666288,Made Tournament,False,True,False,False,False,False,False,False,False,False,False,False,False,False,False,False,False,False,False,False,False,False,False,False,False,False,False,False,False,False,False,False
0.7916666666666665,0.6567164179104478,0.7553191489361706,0.2969613259668509,0.8825701624815361,0.6750000000000003,0.34722222222222276,0.4321608040201006,0.5972222222222221,0.6574074074074074,0.5452453987730062,0.5934489402697496,0.36678200692041507,0.7386363636363638,0.25,0.5236486486486487,0.5546875,0.729166666666667,0.7092391304347827,0.6666666666666288,Made Tournament,False,True,False,False,False,False,False,False,False,False,False,False,False,False,False,False,False,False,False,False,False,False,False,False,False,False,False,False,False,False,False,False
0.958333333333333,0.7164179104477612,0.6595744680851063,0.222375690607735,0.8776113104030386,0.6375000000000002,0.3958333333333339,0.3718592964824119,0.800925925925926,0.36111111111111116,0.6740797546012267,0.4701348747591523,0.5190311418685118,0.7272727272727271,0.4558823529411766,0.46283783783783816,0.35937499999999956,0.3125,0.7527173913043479,0.6666666666666288,Made Tournament,False,False,False,False,False,False,True,False,False,False,False,False,False,False,False,False,False,False,False,False,False,False,False,False,False,False,False,False,False,False,False,False
0.958333333333333,0.7761194029850746,0.7420212765957448,0.1616022099447516,0.9394387001477105,0.6000000000000001,0.20833333333333393,0.4321608040201006,0.8101851851851851,0.6851851851851851,0.477760736196319,0.6820809248554915,0.5605536332179928,0.5965909090909092,0.23235294117647065,0.5844594594594597,0.30468749999999956,0.3888888888888884,0.8125,0.6666666666666288,Made Tournament,False,False,False,False,False,False,True,False,False,False,False,False,False,False,False,False,False,False,False,False,False,False,False,False,False,False,False,False,False,False,False,False
1.0,0.8955223880597015,0.9920212765957448,0.2969613259668509,0.9621228107195611,0.9437500000000001,0.3958333333333339,0.31155778894472363,0.48611111111111116,0.5231481481481481,0.6311349693251533,0.20809248554913307,0.09688581314878897,0.8522727272727271,0.4382352941176473,0.8682432432432434,0.38281249999999956,0.5486111111111116,0.907608695652174,0.6666666666666288,Made Tournament,False,False,False,False,False,False,True,False,False,False,False,False,False,False,False,False,False,False,False,False,False,False,False,False,False,False,False,False,False,False,False,False
0.958333333333333,0.9253731343283582,0.6835106382978724,0.26933701657458586,0.8628402616585777,0.9562500000000003,0.2777777777777781,0.562814070351759,0.5972222222222221,0.18518518518518556,0.3059815950920246,0.40847784200385373,0.11764705882352933,0.9090909090909092,0.3500000000000001,0.8479729729729728,0.28124999999999956,0.30555555555555536,0.7391304347826088,0.6666666666666288,Made Tournament,False,False,False,False,False,False,False,False,False,False,False,False,False,False,False,False,False,False,True,False,False,False,False,False,False,False,False,False,False,False,False,False
0.45833333333333304,0.3880597014925373,0.625,0.5842541436464086,0.5422029964127453,0.8187500000000001,0.7638888888888893,0.6733668341708541,0.5046296296296295,0.3564814814814816,0.4041411042944787,0.3930635838150289,0.25605536332179923,1.0,0.6676470588235297,0.43581081081081097,0.7734375,0.3611111111111116,0.4239130434782609,0.6666666666666288,No Tournament,True,False,False,False,False,False,False,False,False,False,False,False,False,False,False,False,False,False,False,False,False,False,False,False,False,False,False,False,False,False,False,False
0.5416666666666665,0.44776119402985076,0.5319148936170213,0.5842541436464086,0.44344798480692127,0.45625000000000027,0.5138888888888893,0.4120603015075379,0.5046296296296295,0.6898148148148149,0.49003067484662566,0.531791907514451,0.5051903114186849,0.4090909090909087,0.5794117647058825,0.5236486486486487,0.39843749999999956,0.36805555555555536,0.3858695652173913,0.6666666666666288,No Tournament,True,False,False,False,False,False,False,False,False,False,False,False,False,False,False,False,False,False,False,False,False,False,False,False,False,False,False,False,False,False,False,False
0.45833333333333304,0.23880597014925373,0.2473404255319145,0.5317679558011048,0.2064781599493564,0.34375,0.6180555555555558,0.5025125628140703,0.7546296296296298,0.03240740740740777,0.7292944785276072,0.20423892100192664,0.2975778546712802,0.6534090909090908,0.6441176470588239,0.10472972972972983,0.5234375,0.3611111111111116,0.27989130434782605,0.6666666666666288,No Tournament,True,False,False,False,False,False,False,False,False,False,False,False,False,False,False,False,False,False,False,False,False,False,False,False,False,False,False,False,False,False,False,False
0.625,0.44776119402985076,0.4414893617021276,0.5511049723756902,0.37856087782232534,0.4187500000000002,0.6041666666666674,0.47236180904522596,0.29166666666666674,0.4537037037037037,0.35506134969325154,0.3930635838150289,0.31141868512110715,0.4829545454545454,0.6088235294117648,0.36148648648648685,0.5390624999999996,0.5625,0.4184782608695652,0.6666666666666288,No Tournament,True,False,False,False,False,False,False,False,False,False,False,False,False,False,False,False,False,False,False,False,False,False,False,False,False,False,False,False,False,False,False,False
0.625,0.41791044776119407,0.5079787234042552,0.5096685082872923,0.4944081029753112,0.4437500000000001,0.5555555555555558,0.57286432160804,0.3842592592592595,0.6296296296296298,0.5575153374233128,0.28131021194605,0.21799307958477498,0.5454545454545454,0.5382352941176469,0.3277027027027031,0.5703125000000004,0.33333333333333304,0.4211956521739131,0.6666666666666288,No Tournament,True,False,False,False,False,False,False,False,False,False,False,False,False,False,False,False,False,False,False,False,False,False,False,False,False,False,False,False,False,False,False,False
0.5416666666666665,0.35820895522388063,0.5265957446808507,0.44060773480662974,0.5890483224308926,0.4125000000000001,0.5763888888888897,0.3015075376884422,0.4212962962962963,0.3425925925925928,0.2753067484662577,0.36223506743737977,0.4152249134948094,0.4659090909090904,0.44999999999999973,0.3817567567567566,0.7578125000000004,0.5625,0.3831521739130435,0.6666666666666288,No Tournament,True,False,False,False,False,False,False,False,False,False,False,False,False,False,False,False,False,False,False,False,False,False,False,False,False,False,False,False,False,False,False,False
0.625,0.35820895522388063,0.5744680851063833,0.6616022099447507,0.4105296476049799,0.6312500000000001,0.5625000000000004,0.512562814070352,0.3287037037037037,0.4212962962962965,0.5391104294478528,0.1348747591522158,0.39446366782006925,0.41477272727272707,0.5911764705882354,0.8614864864864864,0.4921875,0.3888888888888884,0.33695652173913043,0.6666666666666288,No Tournament,True,False,False,False,False,False,False,False,False,False,False,False,False,False,False,False,False,False,False,False,False,False,False,False,False,False,False,False,False,False,False,False
0.5416666666666665,0.3283582089552239,0.5930851063829787,0.6174033149171265,0.4736231272420341,0.6062500000000002,0.8333333333333335,0.34170854271356776,0.5601851851851851,0.24537037037037046,0.4532208588957056,0.3121387283236994,0.3321799307958475,0.7159090909090908,0.8323529411764707,0.41554054054054035,0.6875000000000004,0.49305555555555536,0.375,0.6666666666666288,No Tournament,True,False,False,False,False,False,False,False,False,False,False,False,False,False,False,False,False,False,False,False,False,False,False,False,False,False,False,False,False,False,False,False
0.5416666666666665,0.44776119402985076,0.5239361702127661,0.3936464088397793,0.6345220510656256,0.3999999999999999,0.43055555555555625,0.04020100502512558,0.3009259259259258,0.2500000000000002,0.22009202453987742,0.5009633911368017,0.09688581314878897,0.40340909090909083,0.4558823529411766,0.43581081081081097,0.4140625,0.666666666666667,0.46467391304347827,0.6666666666666288,No Tournament,True,False,False,False,False,False,False,False,False,False,False,False,False,False,False,False,False,False,False,False,False,False,False,False,False,False,False,False,False,False,False,False
0.5416666666666665,0.4776119402985075,0.43882978723404253,0.3770718232044197,0.5598227474150664,0.2937500000000002,0.40972222222222276,0.6030150753768844,0.49537037037037046,0.7268518518518519,0.3734662576687118,0.9325626204238924,0.46020761245674735,0.34090909090909083,0.38529411764705923,0.32094594594594605,0.49999999999999956,0.22916666666666607,0.47010869565217395,0.6666666666666288,No Tournament,True,False,False,False,False,False,False,False,False,False,False,False,False,False,False,False,False,False,False,False,False,False,False,False,False,False,False,False,False,False,False,False
0.625,0.5074626865671642,0.5505319148936172,0.4709944751381214,0.5826123654779489,0.6375000000000002,0.5625000000000004,0.522613065326633,0.4490740740740742,0.5046296296296298,0.3734662576687118,0.25048169556840083,0.2629757785467126,0.6704545454545454,0.5735294117647061,0.5371621621621623,0.5234375,0.6944444444444446,0.4945652173913044,0.6666666666666288,No Tournament,True,False,False,False,False,False,False,False,False,False,False,False,False,False,False,False,False,False,False,False,False,False,False,False,False,False,False,False,False,False,False,False
0.7916666666666665,0.5373134328358209,0.7393617021276597,0.47375690607734766,0.7525849335302807,0.6062500000000002,0.5833333333333335,0.47236180904522596,0.4305555555555558,0.5555555555555558,0.31211656441717817,0.35067437379576116,0.18339100346020754,0.5965909090909092,0.5264705882352945,0.5844594594594597,0.6015625,0.6180555555555562,0.6331521739130436,0.6666666666666288,No Tournament,False,True,False,False,False,False,False,False,False,False,False,False,False,False,False,False,False,False,False,False,False,False,False,False,False,False,False,False,False,False,False,False
0.5416666666666665,0.35820895522388063,0.49468085106382986,0.3549723756906076,0.6456003376239713,0.28125,0.40277777777777857,0.57286432160804,0.5509259259259258,0.587962962962963,0.5943251533742331,0.5086705202312138,0.3460207612456747,0.34090909090909083,0.25,0.30743243243243246,0.7421875,0.3472222222222223,0.5027173913043479,0.6666666666666288,No Tournament,False,True,False,False,False,False,False,False,False,False,False,False,False,False,False,False,False,False,False,False,False,False,False,False,False,False,False,False,False,False,False,False
0.875,0.6268656716417911,0.7234042553191493,0.2969613259668509,0.867271576281916,0.5874999999999999,0.25000000000000044,0.32160804020100486,0.5509259259259258,0.4861111111111114,0.64340490797546,0.39691714836223513,0.25951557093425603,0.5170454545454546,0.2735294117647058,0.6655405405405408,0.35156249999999956,0.5972222222222223,0.6983695652173914,0.6666666666666288,No Tournament,False,True,False,False,False,False,False,False,False,False,False,False,False,False,False,False,False,False,False,False,False,False,False,False,False,False,False,False,False,False,False,False
0.7916666666666665,0.5970149253731344,0.7792553191489362,0.37983425414364635,0.8481747204051487,0.5437500000000002,0.40972222222222276,0.12060301507537674,0.3194444444444444,0.6018518518518521,0.48389570552147254,0.36223506743737977,0.02768166089965396,0.5113636363636362,0.34411764705882364,0.5641891891891895,0.546875,0.3263888888888893,0.6657608695652174,0.6666666666666288,No Tournament,False,True,False,False,False,False,False,False,False,False,False,False,False,False,False,False,False,False,False,False,False,False,False,False,False,False,False,False,False,False,False,False
0.5416666666666665,0.208955223880597,0.3563829787234041,0.4875690607734806,0.348702257860308,0.36250000000000027,0.46527777777777857,0.743718592964824,0.337962962962963,0.21296296296296324,0.8519938650306744,0.39691714836223513,0.32871972318339093,0.4090909090909087,0.5264705882352945,0.3547297297297298,0.39062499999999956,0.3125,0.38858695652173914,0.6666666666666288,No Tournament,False,True,False,False,False,False,False,False,False,False,False,False,False,False,False,False,False,False,False,False,False,False,False,False,False,False,False,False,False,False,False,False
0.45833333333333304,0.2985074626865672,0.6808510638297873,0.44060773480662974,0.736020257438278,0.5062500000000001,0.5625000000000004,0.5326633165829147,0.4212962962962963,0.5740740740740742,0.41641104294478537,0.39691714836223513,0.5951557093425603,0.3863636363636358,0.40882352941176503,0.685810810810811,0.7265625000000004,0.604166666666667,0.47010869565217395,0.6666666666666288,No Tournament,False,True,False,False,False,False,False,False,False,False,False,False,False,False,False,False,False,False,False,False,False,False,False,False,False,False,False,False,False,False,False,False
0.45833333333333304,0.6268656716417911,0.5664893617021276,0.5290055248618781,0.538615741717662,0.5062500000000001,0.5000000000000009,0.40201005025125625,0.375,0.7638888888888891,0.20782208588957074,0.5934489402697496,0.18339100346020754,0.4602272727272725,0.6147058823529412,0.6452702702702702,0.32812499999999956,0.375,0.5217391304347827,0.6666666666666288,No Tournament,False,False,True,False,False,False,False,False,False,False,False,False,False,False,False,False,False,False,False,False,False,False,False,False,False,False,False,False,False,False,False,False
0.2916666666666665,0.2985074626865672,0.30053191489361675,0.6229281767955799,0.1861152141802068,0.45625000000000027,0.5694444444444451,0.48241206030150763,0.375,0.36111111111111116,0.35506134969325154,0.323699421965318,0.36678200692041507,0.4261363636363633,0.4147058823529415,0.5101351351351351,0.8046875000000004,0.375,0.25,0.6666666666666288,No Tournament,False,False,True,False,False,False,False,False,False,False,False,False,False,False,False,False,False,False,False,False,False,False,False,False,False,False,False,False,False,False,False,False
0.5416666666666665,0.5373134328358209,0.4521276595744679,0.5897790055248615,0.3519729900822958,0.6437500000000003,0.5347222222222228,0.46231155778894495,0.4768518518518521,0.3148148148148149,0.4654907975460123,0.36994219653179194,0.4013840830449824,0.7386363636363638,0.5676470588235292,0.4831081081081079,0.46874999999999956,0.39583333333333304,0.44021739130434784,0.6666666666666288,No Tournament,False,False,True,False,False,False,False,False,False,False,False,False,False,False,False,False,False,False,False,False,False,False,False,False,False,False,False,False,False,False,False,False
0.375,0.14925373134328357,0.16489361702127603,0.5953038674033149,0.11204895547583879,0.2250000000000001,0.5555555555555558,0.8341708542713568,0.4768518518518521,0.3425925925925928,0.6004601226993864,0.2928709055876686,0.5155709342560553,0.36931818181818166,0.5970588235294119,0.158783783783784,0.46874999999999956,0.7083333333333339,0.13586956521739135,0.6666666666666288,No Tournament,False,False,True,False,False,False,False,False,False,False,False,False,False,False,False,False,False,False,False,False,False,False,False,False,False,False,False,False,False,False,False,False
0.2916666666666665,0.26865671641791045,0.35106382978723394,0.5897790055248615,0.2537455159316311,0.2437499999999999,0.5138888888888893,0.3919597989949748,0.06944444444444442,0.47685185185185186,0.029907975460123026,0.34296724470134876,0.681660899653979,0.21022727272727204,0.5558823529411767,0.36148648648648685,0.4453125,0.3263888888888893,0.25,0.6666666666666288,No Tournament,False,False,True,False,False,False,False,False,False,False,False,False,False,False,False,False,False,False,False,False,False,False,False,False,False,False,False,False,False,False,False,False
0.45833333333333304,0.35820895522388063,0.30053191489361675,0.4212707182320443,0.357248364633889,0.34375,0.49305555555555625,0.6532663316582916,0.7268518518518519,0.5740740740740742,0.44708588957055206,0.40077071290944133,0.6920415224913492,0.39204545454545414,0.4676470588235295,0.33445945945945965,0.5390624999999996,0.5277777777777777,0.33967391304347827,0.6666666666666288,No Tournament,False,False,True,False,False,False,False,False,False,False,False,False,False,False,False,False,False,False,False,False,False,False,False,False,False,False,False,False,False,False,False,False
0.2916666666666665,0.3283582089552239,0.49734042553191493,0.7748618784530383,0.23865794471407473,0.6062500000000002,0.8333333333333335,0.522613065326633,0.6805555555555556,0.37962962962962976,0.7108895705521472,0.6782273603082856,0.4048442906574392,0.6704545454545454,0.8147058823529414,0.4831081081081079,0.7109375000000004,0.7361111111111116,0.3016304347826087,0.6666666666666288,No Tournament,False,False,True,False,False,False,False,False,False,False,False,False,False,False,False,False,False,False,False,False,False,False,False,False,False,False,False,False,False,False,False,False
0.708333333333333,0.7761194029850746,0.6888297872340425,0.5013812154696131,0.6850601392698881,0.84375,0.5000000000000009,0.34170854271356776,0.3564814814814816,0.3657407407407409,0.10352760736196354,0.7784200385356457,0.11072664359861584,0.7499999999999996,0.5147058823529411,0.8547297297297298,0.484375,0.22222222222222232,0.6603260869565217,0.6666666666666288,No Tournament,False,False,True,False,False,False,False,False,False,False,False,False,False,False,False,False,False,False,False,False,False,False,False,False,False,False,False,False,False,False,False,False
0.5416666666666665,0.3880597014925373,0.5132978723404253,0.5566298342541431,0.4518885840894703,0.3187500000000001,0.5347222222222228,0.5025125628140703,0.49537037037037046,0.5231481481481481,0.7231595092024539,0.4161849710982659,0.4186851211072662,0.34090909090909083,0.43235294117647083,0.36148648648648685,0.625,0.4236111111111107,0.4945652173913044,0.6666666666666288,No Tournament,False,False,False,False,True,False,False,False,False,False,False,False,False,False,False,False,False,False,False,False,False,False,False,False,False,False,False,False,False,False,False,False
0.375,0.26865671641791045,0.3031914893617018,0.6367403314917124,0.17957374973623128,0.3687499999999999,0.5625000000000004,0.7135678391959799,0.4027777777777779,0.4490740740740742,0.7108895705521472,0.2736030828516378,0.32179930795847733,0.5113636363636362,0.5558823529411767,0.21959459459459474,0.5390624999999996,0.5625,0.3179347826086957,0.6666666666666288,No Tournament,False,False,False,False,True,False,False,False,False,False,False,False,False,False,False,False,False,False,False,False,False,False,False,False,False,False,False,False,False,False,False,False
0.708333333333333,0.5970149253731344,0.6063829787234041,0.5621546961325965,0.5457902511078287,0.5187500000000003,0.5138888888888893,0.693467336683417,0.5509259259259258,0.7870370370370372,0.7845092024539877,0.8477842003853568,0.36678200692041507,0.6647727272727271,0.3794117647058828,0.3006756756756759,0.671875,0.375,0.5652173913043479,0.6666666666666288,No Tournament,False,False,False,False,True,False,False,False,False,False,False,False,False,False,False,False,False,False,False,False,False,False,False,False,False,False,False,False,False,False,False,False
0.625,0.4776119402985075,0.6063829787234041,0.3908839779005522,0.7148132517408735,0.6000000000000001,0.4236111111111116,0.4522613065326633,0.8101851851851851,0.675925925925926,0.66180981595092,0.34296724470134876,0.3044982698961938,0.4602272727272725,0.4382352941176473,0.7195945945945947,0.42187499999999956,0.2361111111111116,0.5135869565217391,0.6666666666666288,No Tournament,False,False,False,False,True,False,False,False,False,False,False,False,False,False,False,False,False,False,False,False,False,False,False,False,False,False,False,False,False,False,False,False
0.5416666666666665,0.26865671641791045,0.375,0.6063535911602207,0.2619751002321164,0.3500000000000001,0.5347222222222228,0.793969849246231,0.3287037037037037,0.49537037037037046,0.5943251533742331,0.4431599229287093,0.37370242214532867,0.2386363636363633,0.638235294117647,0.5979729729729732,0.35937499999999956,0.2638888888888884,0.27989130434782605,0.6666666666666288,No Tournament,False,False,False,False,True,False,False,False,False,False,False,False,False,False,False,False,False,False,False,False,False,False,False,False,False,False,False,False,False,False,False,False
0.625,0.4776119402985075,0.6010638297872344,0.3770718232044197,0.7224097910951678,0.4312499999999999,0.44444444444444464,0.2412060301507537,0.5324074074074074,0.44444444444444464,0.7047546012269936,0.1541425818882467,0.3356401384083043,0.375,0.5500000000000003,0.5236486486486487,0.31249999999999956,0.44444444444444464,0.595108695652174,0.6666666666666288,No Tournament,False,False,False,False,True,False,False,False,False,False,False,False,False,False,False,False,False,False,False,False,False,False,False,False,False,False,False,False,False,False,False,False
0.45833333333333304,0.3880597014925373,0.5478723404255321,0.5676795580110494,0.4756277695716395,0.5687500000000001,0.49305555555555625,0.5326633165829147,0.3935185185185184,0.43518518518518534,0.5575153374233128,0.49710982658959546,0.44290657439446357,0.5852272727272725,0.5088235294117647,0.5236486486486487,0.4765625,0.5763888888888893,0.44836956521739135,0.6666666666666288,No Tournament,False,False,False,False,True,False,False,False,False,False,False,False,False,False,False,False,False,False,False,False,False,False,False,False,False,False,False,False,False,False,False,False
0.45833333333333304,0.5373134328358209,0.6303191489361701,0.4350828729281768,0.6949778434268833,0.5187500000000003,0.4236111111111116,0.512562814070352,0.45833333333333326,0.6435185185185186,0.5329754601226995,0.7707129094412335,0.12110726643598613,0.5170454545454546,0.3970588235294117,0.5033783783783785,0.46874999999999956,0.4722222222222223,0.5733695652173914,0.6666666666666288,No Tournament,False,False,False,False,True,False,False,False,False,False,False,False,False,False,False,False,False,False,False,False,False,False,False,False,False,False,False,False,False,False,False,False
0.5416666666666665,0.5373134328358209,0.3351063829787235,0.21685082872928207,0.6223886895969615,0.3374999999999999,0.1597222222222232,0.7236180904522611,0.5509259259259258,0.4814814814814816,0.47162576687116586,0.8285163776493261,0.15224913494809678,0.36931818181818166,0.15000000000000036,0.3817567567567566,0.3671875,0.2638888888888884,0.5923913043478262,0.6666666666666288,No Tournament,False,False,False,False,True,False,False,False,False,False,False,False,False,False,False,False,False,False,False,False,False,False,False,False,False,False,False,False,False,False,False,False
0.5416666666666665,0.6567164179104478,0.5585106382978724,0.48480662983425393,0.574066258704368,0.8062499999999999,0.4513888888888893,0.6030150753768844,0.5509259259259258,0.6111111111111112,0.35506134969325154,0.4547206165703277,0.46020761245674735,0.8125,0.473529411764706,0.679054054054054,0.4375,0.7083333333333339,0.5108695652173914,0.6666666666666288,No Tournament,False,False,False,True,False,False,False,False,False,False,False,False,False,False,False,False,False,False,False,False,False,False,False,False,False,False,False,False,False,False,False,False
0.2916666666666665,0.41791044776119407,0.2340425531914887,0.6146408839779003,0.14454526271365267,0.4125000000000001,0.5902777777777781,0.57286432160804,0.4490740740740742,0.36111111111111116,0.5391104294478528,0.323699421965318,0.22837370242214516,0.4659090909090904,0.7147058823529413,0.3885135135135136,0.35937499999999956,0.5347222222222223,0.328804347826087,0.6666666666666288,No Tournament,False,False,False,True,False,False,False,False,False,False,False,False,False,False,False,False,False,False,False,False,False,False,False,False,False,False,False,False,False,False,False,False
0.20833333333333304,0.26865671641791045,0.35904255319148914,0.7251381215469608,0.1665963283393121,0.4375,0.7500000000000009,0.57286432160804,0.5416666666666667,0.5324074074074077,0.7783742331288344,0.5163776493256265,0.38408304498269885,0.39204545454545414,0.9205882352941175,0.6520270270270272,0.34374999999999956,0.520833333333333,0.2907608695652174,0.6666666666666288,No Tournament,False,False,False,True,False,False,False,False,False,False,False,False,False,False,False,False,False,False,False,False,False,False,False,False,False,False,False,False,False,False,False,False
0.20833333333333304,0.3880597014925373,0.3803191489361697,0.534530386740331,0.33171555180417805,0.4624999999999999,0.6666666666666674,0.5025125628140703,0.6805555555555556,0.550925925925926,0.47162576687116586,0.4354527938342967,0.4117647058823528,0.4261363636363633,0.6323529411764706,0.5439189189189189,0.6640625,0.44444444444444464,0.37228260869565216,0.6666666666666288,No Tournament,False,False,False,True,False,False,False,False,False,False,False,False,False,False,False,False,False,False,False,False,False,False,False,False,False,False,False,False,False,False,False,False
0.375,0.3880597014925373,0.5930851063829787,0.8908839779005517,0.23528170500105502,0.7000000000000002,0.7361111111111116,0.5829145728643217,0.06944444444444442,0.31944444444444464,0.8642638036809815,0.23506743737957603,0.05882352941176461,0.6193181818181817,0.7735294117647058,0.6925675675675675,0.546875,0.9097222222222223,0.38858695652173914,0.6666666666666288,No Tournament,False,False,False,True,False,False,False,False,False,False,False,False,False,False,False,False,False,False,False,False,False,False,False,False,False,False,False,False,False,False,False,False
0.20833333333333304,0.3283582089552239,0.34574468085106336,0.7085635359116016,0.16617429837518463,0.40625,0.7777777777777786,0.14070351758793964,0.5138888888888888,0.23611111111111138,0.4041411042944787,0.1310211946050096,0.5259515570934254,0.4602272727272725,0.7323529411764707,0.3817567567567566,0.703125,0.625,0.24728260869565216,0.6666666666666288,No Tournament,False,False,False,True,False,False,False,False,False,False,False,False,False,False,False,False,False,False,False,False,False,False,False,False,False,False,False,False,False,False,False,False
0.20833333333333304,0.1791044776119403,0.5398936170212765,0.9999999999999996,0.12101709221354717,0.4812500000000002,1.0000000000000004,0.2613065326633166,0.18981481481481488,0.4120370370370372,0.60659509202454,0.0,0.4948096885813147,0.4943181818181812,0.9147058823529415,0.46283783783783816,1.0,0.5625,0.15489130434782605,0.6666666666666288,No Tournament,False,False,False,True,False,False,False,False,False,False,False,False,False,False,False,False,False,False,False,False,False,False,False,False,False,False,False,False,False,False,False,False
0.45833333333333304,0.3880597014925373,0.6888297872340425,0.4433701657458564,0.7389744671871702,0.4624999999999999,0.6875000000000004,0.5326633165829147,0.949074074074074,0.7361111111111112,0.6372699386503067,0.4431599229287093,0.9031141868512107,0.5227272727272725,0.7617647058823533,0.4020270270270272,0.4765625,0.6388888888888893,0.5081521739130435,0.6666666666666288,No Tournament,False,False,False,False,False,True,False,False,False,False,False,False,False,False,False,False,False,False,False,False,False,False,False,False,False,False,False,False,False,False,False,False
0.45833333333333304,0.44776119402985076,0.6382978723404253,0.34116022099447507,0.7827600759653934,0.5437500000000002,0.5138888888888893,0.47236180904522596,0.625,0.6342592592592593,0.5268404907975459,0.5703275529865126,0.3598615916955017,0.6761363636363633,0.42647058823529393,0.33445945945945965,0.6484375000000004,0.4027777777777777,0.6059782608695653,0.6666666666666288,No Tournament,False,False,False,False,False,True,False,False,False,False,False,False,False,False,False,False,False,False,False,False,False,False,False,False,False,False,False,False,False,False,False,False
0.625,0.3880597014925373,0.8324468085106385,0.5870165745856353,0.7317999577970035,0.7437499999999999,0.6736111111111116,0.522613065326633,0.23611111111111116,0.7407407407407409,0.4348159509202454,0.531791907514451,0.21799307958477498,0.7215909090909087,0.5911764705882354,0.6925675675675675,0.7187500000000004,0.6527777777777786,0.5298913043478262,0.6666666666666288,No Tournament,False,False,False,False,False,True,False,False,False,False,False,False,False,False,False,False,False,False,False,False,False,False,False,False,False,False,False,False,False,False,False,False
0.45833333333333304,0.5373134328358209,0.7739361702127665,0.33563535911602216,0.871913905887318,0.7437499999999999,0.28472222222222276,0.693467336683417,0.31018518518518534,0.6157407407407407,0.44708588957055206,0.6281310211946052,0.07612456747404839,0.7556818181818179,0.26176470588235334,0.6452702702702702,0.42187499999999956,0.38194444444444464,0.6684782608695653,0.6666666666666288,No Tournament,False,False,False,False,False,True,False,False,False,False,False,False,False,False,False,False,False,False,False,False,False,False,False,False,False,False,False,False,False,False,False,False
0.5416666666666665,0.41791044776119407,0.625,0.44613259668508265,0.6794682422451994,0.39375000000000027,0.49305555555555625,0.20100502512562812,0.28240740740740744,0.550925925925926,0.5268404907975459,0.5202312138728327,0.18339100346020754,0.36931818181818166,0.361764705882353,0.49662162162162193,0.7109375000000004,0.6388888888888893,0.5489130434782609,0.6666666666666288,No Tournament,False,False,False,False,False,True,False,False,False,False,False,False,False,False,False,False,False,False,False,False,False,False,False,False,False,False,False,False,False,False,False,False
0.625,0.6268656716417911,0.6808510638297873,0.2886740331491713,0.850284870225786,0.4187500000000002,0.25000000000000044,0.25125628140703515,0.49537037037037046,0.5555555555555558,0.8029141104294477,0.6165703275529868,0.16262975778546707,0.3977272727272725,0.3147058823529414,0.49662162162162193,0.296875,0.4652777777777777,0.7364130434782609,0.6666666666666288,No Tournament,False,False,False,False,False,True,False,False,False,False,False,False,False,False,False,False,False,False,False,False,False,False,False,False,False,False,False,False,False,False,False,False
0.45833333333333304,0.41791044776119407,0.6436170212765959,0.3687845303867401,0.7645072800168812,0.4437500000000001,0.5277777777777781,0.4321608040201006,0.5601851851851851,0.5231481481481481,0.41641104294478537,0.2890173410404626,0.5259515570934254,0.36931818181818166,0.4558823529411766,0.5506756756756754,0.6093750000000004,0.24305555555555536,0.5706521739130435,0.6666666666666288,No Tournament,False,False,False,False,False,True,False,False,False,False,False,False,False,False,False,False,False,False,False,False,False,False,False,False,False,False,False,False,False,False,False,False
1.0,0.746268656716418,0.8031914893617023,0.2196132596685083,0.9371175353450094,0.6375000000000002,0.3402777777777781,0.38190954773869357,0.6064814814814814,0.6296296296296298,0.44708588957055206,0.38150289017341055,0.3564013840830449,0.5227272727272725,0.3264705882352943,0.7736486486486487,0.453125,0.4652777777777777,0.6711956521739131,0.6666666666666288,No Tournament,False,False,False,False,False,True,False,False,False,False,False,False,False,False,False,False,False,False,False,False,False,False,False,False,False,False,False,False,False,False,False,False
0.625,0.41791044776119407,0.353723404255319,0.2582872928176796,0.5933741295631989,0.07500000000000018,0.3194444444444451,0.3718592964824119,0.6990740740740742,0.7037037037037037,0.5023006134969326,0.34296724470134876,0.31141868512110715,0.15909090909090873,0.3794117647058828,0.158783783783784,0.32031249999999956,0.3611111111111116,0.5,0.6666666666666288,No Tournament,False,False,False,False,False,True,False,False,False,False,False,False,False,False,False,False,False,False,False,False,False,False,False,False,False,False,False,False,False,False,False,False
0.625,0.41791044776119407,0.6356382978723407,0.34944751381215466,0.7756910740662587,0.53125,0.5416666666666674,0.33165829145728654,0.5046296296296295,0.47685185185185186,0.41641104294478537,0.4277456647398845,0.2906574394463666,0.6022727272727271,0.5558823529411767,0.42229729729729737,0.515625,0.13194444444444375,0.5815217391304348,0.6666666666666288,No Tournament,False,False,False,False,False,True,False,False,False,False,False,False,False,False,False,False,False,False,False,False,False,False,False,False,False,False,False,False,False,False,False,False
0.625,0.5373134328358209,0.6835106382978724,0.2720994475138121,0.8613631567841316,0.5874999999999999,0.29861111111111205,0.6331658291457287,0.3935185185185184,0.8055555555555556,0.5391104294478528,0.40847784200385373,0.2906574394463666,0.607954545454545,0.29705882352941204,0.5506756756756754,0.39062499999999956,0.3888888888888884,0.6875,0.6666666666666288,No Tournament,False,False,False,False,False,False,True,False,False,False,False,False,False,False,False,False,False,False,False,False,False,False,False,False,False,False,False,False,False,False,False,False
0.45833333333333304,0.35820895522388063,0.6755319148936172,0.43232044198895014,0.7367588098755011,0.46875,0.5277777777777781,0.3517587939698492,0.3194444444444444,0.5277777777777779,0.5943251533742331,0.3159922928709056,0.16262975778546707,0.41477272727272707,0.5794117647058825,0.5777027027027026,0.42968749999999956,0.5625,0.5679347826086957,0.6666666666666288,No Tournament,False,False,False,False,False,False,True,False,False,False,False,False,False,False,False,False,False,False,False,False,False,False,False,False,False,False,False,False,False,False,False,False
0.875,0.5970149253731344,0.7420212765957448,0.3080110497237567,0.8708588309769993,0.4624999999999999,0.4583333333333339,0.46231155778894495,0.6805555555555556,0.7453703703703705,0.625,0.40847784200385373,0.4775086505190309,0.43749999999999956,0.3735294117647059,0.5101351351351351,0.6484375000000004,0.5555555555555554,0.6875,0.6666666666666288,No Tournament,False,False,False,False,False,False,True,False,False,False,False,False,False,False,False,False,False,False,False,False,False,False,False,False,False,False,False,False,False,False,False,False
0.45833333333333304,0.2985074626865672,0.5053191489361701,0.28591160220994505,0.722198776113104,0.34375,0.5972222222222228,0.5929648241206029,0.6712962962962963,0.6851851851851851,0.44095092024539895,0.300578034682081,0.36332179930795827,0.44886363636363624,0.473529411764706,0.2533783783783785,0.6796875000000004,0.625,0.5027173913043479,0.6666666666666288,No Tournament,False,False,False,False,False,False,False,True,False,False,False,False,False,False,False,False,False,False,False,False,False,False,False,False,False,False,False,False,False,False,False,False
0.375,0.41791044776119407,0.7101063829787235,0.4074585635359118,0.7830765984384892,0.5874999999999999,0.5138888888888893,0.7236180904522611,0.375,0.6111111111111112,0.31211656441717817,0.6435452793834298,0.22491349480968847,0.5397727272727271,0.5147058823529411,0.631756756756757,0.49999999999999956,0.6527777777777786,0.5896739130434783,0.6666666666666288,No Tournament,False,False,False,False,False,False,False,True,False,False,False,False,False,False,False,False,False,False,False,False,False,False,False,False,False,False,False,False,False,False,False,False
0.7916666666666665,0.5970149253731344,0.938829787234043,0.5013812154696131,0.8617851867482591,0.8999999999999999,0.7222222222222223,0.38190954773869357,0.4768518518518521,0.4398148148148151,0.5329754601226995,0.277456647398844,0.5916955017301035,0.6590909090909092,0.7441176470588236,0.9763513513513518,0.5859375,0.5833333333333339,0.7119565217391305,0.6666666666666288,No Tournament,False,False,False,False,False,False,False,True,False,False,False,False,False,False,False,False,False,False,False,False,False,False,False,False,False,False,False,False,False,False,False,False
0.5416666666666665,0.44776119402985076,0.5638297872340425,0.2610497237569058,0.7910951677569107,0.42500000000000027,0.47916666666666696,0.29145728643216073,0.8564814814814814,0.25462962962963,0.6802147239263803,0.33911368015414256,0.43598615916954997,0.4659090909090904,0.28529411764705914,0.40878378378378377,0.703125,0.5902777777777777,0.6032608695652174,0.6666666666666288,No Tournament,False,False,False,False,False,False,False,True,False,False,False,False,False,False,False,False,False,False,False,False,False,False,False,False,False,False,False,False,False,False,False,False
0.625,0.5671641791044776,0.6010638297872344,0.4875690607734806,0.6162692551171133,0.7250000000000001,0.5277777777777781,0.33165829145728654,0.3657407407407407,0.1620370370370373,0.25076687116564433,0.24662813102119463,0.4705882352941173,0.6477272727272725,0.4970588235294118,0.7195945945945947,0.578125,0.4097222222222223,0.49184782608695654,0.6666666666666288,No Tournament,False,False,False,False,False,False,False,False,True,False,False,False,False,False,False,False,False,False,False,False,False,False,False,False,False,False,False,False,False,False,False,False
0.2916666666666665,0.6268656716417911,0.6143617021276597,0.5787292817679552,0.5361890694239292,0.7687500000000003,0.46527777777777857,0.5929648241206029,0.29166666666666674,0.6018518518518521,0.2016871165644174,0.33911368015414256,0.2906574394463666,0.5511363636363633,0.40882352941176503,0.935810810810811,0.53125,0.33333333333333304,0.5625,0.6666666666666288,No Tournament,False,False,False,False,False,False,False,False,True,False,False,False,False,False,False,False,False,False,False,False,False,False,False,False,False,False,False,False,False,False,False,False
0.20833333333333304,0.3880597014925373,0.5159574468085109,0.6201657458563532,0.3876345220510656,0.7875000000000001,0.6319444444444451,0.5025125628140703,0.3472222222222221,0.07870370370370405,0.44095092024539895,0.49710982658959546,0.31833910034602053,0.6704545454545454,0.7029411764705884,0.820945945945946,0.46093749999999956,0.5,0.37771739130434784,0.6666666666666288,No Tournament,False,False,False,False,False,False,False,False,True,False,False,False,False,False,False,False,False,False,False,False,False,False,False,False,False,False,False,False,False,False,False,False
0.375,0.35820895522388063,0.4547872340425534,0.6809392265193366,0.2752690441021312,0.3374999999999999,0.7986111111111116,0.3618090452261309,0.5046296296296295,0.4907407407407409,0.41641104294478537,0.6705202312138732,0.5051903114186849,0.3125,0.8676470588235294,0.44256756756756754,0.5546875,0.6111111111111116,0.30978260869565216,0.6666666666666288,No Tournament,False,False,False,False,False,False,False,False,True,False,False,False,False,False,False,False,False,False,False,False,False,False,False,False,False,False,False,False,False,False,False,False
0.375,0.3283582089552239,0.457446808510638,0.645027624309392,0.3075543363578814,0.5874999999999999,0.9027777777777781,0.3919597989949748,0.625,0.07870370370370405,0.5268404907975459,0.5356454720616572,0.4256055363321798,0.6136363636363633,0.8735294117647059,0.5304054054054057,0.7500000000000004,0.7569444444444455,0.3423913043478261,0.6666666666666288,No Tournament,False,False,False,False,False,False,False,False,True,False,False,False,False,False,False,False,False,False,False,False,False,False,False,False,False,False,False,False,False,False,False,False
0.375,0.11940298507462685,0.19680851063829774,0.6422651933701653,0.10856720827178729,0.15625,0.8263888888888893,0.8542713567839197,0.5601851851851851,0.4120370370370372,0.5268404907975459,0.8092485549132951,0.5259515570934254,0.22159090909090873,0.6735294117647062,0.21959459459459474,0.8593750000000004,0.5694444444444446,0.16304347826086962,0.6666666666666288,No Tournament,False,False,False,False,False,False,False,False,True,False,False,False,False,False,False,False,False,False,False,False,False,False,False,False,False,False,False,False,False,False,False,False
0.7916666666666665,0.746268656716418,0.5824468085106385,0.40193370165745845,0.6830554969402828,0.7062500000000003,0.37500000000000044,0.32160804020100486,0.4027777777777779,0.34722222222222254,0.21395705521472408,0.4662813102119463,0.5155709342560553,0.7613636363636362,0.44411764705882373,0.5574324324324325,0.34374999999999956,0.7708333333333339,0.5163043478260869,0.6666666666666288,No Tournament,False,False,False,False,False,False,False,False,True,False,False,False,False,False,False,False,False,False,False,False,False,False,False,False,False,False,False,False,False,False,False,False
0.45833333333333304,0.5671641791044776,0.5851063829787235,0.5897790055248615,0.4931420130829289,0.42500000000000027,0.8055555555555558,0.3015075376884422,0.8379629629629628,0.7685185185185186,0.5881901840490797,0.4508670520231215,0.7439446366782003,0.4715909090909087,0.7558823529411764,0.4020270270270272,0.7500000000000004,0.9513888888888902,0.5,0.6666666666666288,No Tournament,False,False,False,False,False,False,False,False,True,False,False,False,False,False,False,False,False,False,False,False,False,False,False,False,False,False,False,False,False,False,False,False
0.375,0.1791044776119403,0.36702127659574435,0.6864640883977895,0.19582190335513822,0.4125000000000001,0.6458333333333339,0.4422110552763818,0.4212962962962963,0.2777777777777781,0.5268404907975459,0.23892100192678223,0.4013840830449824,0.40340909090909083,0.5735294117647061,0.49662162162162193,0.6875000000000004,0.3402777777777777,0.17934782608695643,0.6666666666666288,No Tournament,False,False,False,False,False,False,False,False,True,False,False,False,False,False,False,False,False,False,False,False,False,False,False,False,False,False,False,False,False,False,False,False
0.375,0.35820895522388063,0.4228723404255317,0.6201657458563532,0.29499894492508966,0.5,0.7777777777777786,0.3919597989949748,0.337962962962963,0.2083333333333337,0.3059815950920246,0.5510597302504818,0.6851211072664358,0.43181818181818166,0.7088235294117649,0.5979729729729732,0.7656250000000004,0.75,0.35054347826086957,0.6666666666666288,No Tournament,False,False,False,False,False,False,False,False,True,False,False,False,False,False,False,False,False,False,False,False,False,False,False,False,False,False,False,False,False,False,False,False
0.20833333333333304,0.5671641791044776,0.5478723404255321,0.5649171270718227,0.47668284448195813,0.8500000000000001,0.46527777777777857,0.40201005025125625,0.27314814814814814,0.05555555555555591,0.3611963190184051,0.5202312138728327,0.3460207612456747,0.6761363636363633,0.473529411764706,0.929054054054054,0.4921875,0.4513888888888893,0.5190217391304348,0.6666666666666288,No Tournament,False,False,False,False,False,False,False,False,True,False,False,False,False,False,False,False,False,False,False,False,False,False,False,False,False,False,False,False,False,False,False,False
0.45833333333333304,0.5074626865671642,0.5345744680851063,0.6809392265193366,0.3519729900822958,0.7625000000000002,0.5972222222222228,0.3718592964824119,0.4027777777777779,0.12500000000000033,0.34279141104294486,0.4778420038535647,0.37024221453287187,0.6818181818181817,0.6264705882352941,0.7331081081081083,0.49999999999999956,0.47916666666666696,0.37228260869565216,0.6666666666666288,No Tournament,False,False,False,False,False,False,False,False,False,True,False,False,False,False,False,False,False,False,False,False,False,False,False,False,False,False,False,False,False,False,False,False
0.20833333333333304,0.41791044776119407,0.40159574468085113,0.5980662983425411,0.2945769149609622,0.4125000000000001,0.729166666666667,0.6030150753768844,0.8472222222222223,0.5601851851851853,0.44095092024539895,0.37379576107899815,0.46020761245674735,0.47727272727272707,0.5147058823529411,0.36148648648648685,0.8437500000000009,0.38194444444444464,0.37228260869565216,0.6666666666666288,No Tournament,False,False,False,False,False,False,False,False,False,True,False,False,False,False,False,False,False,False,False,False,False,False,False,False,False,False,False,False,False,False,False,False
0.2916666666666665,0.3880597014925373,0.3404255319148932,0.5290055248618781,0.2937328550327073,0.4187500000000002,0.4861111111111116,0.6633165829145728,0.3842592592592595,0.32870370370370394,0.391871165644172,0.24662813102119463,0.5363321799307956,0.4261363636363633,0.5676470588235292,0.45608108108108114,0.375,0.4861111111111116,0.35597826086956524,0.6666666666666288,No Tournament,False,False,False,False,False,False,False,False,False,True,False,False,False,False,False,False,False,False,False,False,False,False,False,False,False,False,False,False,False,False,False,False
0.125,0.3880597014925373,0.3643617021276593,0.575966850828729,0.27864528381515086,0.4312499999999999,0.46527777777777857,0.562814070351759,0.6898148148148147,0.5925925925925926,0.49003067484662566,0.4816955684007709,0.6332179930795845,0.3977272727272725,0.44999999999999973,0.5844594594594597,0.49999999999999956,0.33333333333333304,0.34782608695652173,0.6666666666666288,No Tournament,False,False,False,False,False,False,False,False,False,True,False,False,False,False,False,False,False,False,False,False,False,False,False,False,False,False,False,False,False,False,False,False
0.708333333333333,0.6268656716417911,0.478723404255319,0.5262430939226519,0.4435534922979531,0.6499999999999999,0.5555555555555558,0.47236180904522596,0.48611111111111116,0.22222222222222232,0.0,0.4662813102119463,0.43598615916954997,0.5965909090909092,0.361764705882353,0.6452702702702702,0.7109375000000004,0.15277777777777768,0.4211956521739131,0.6666666666666288,No Tournament,False,False,False,False,False,False,False,False,False,True,False,False,False,False,False,False,False,False,False,False,False,False,False,False,False,False,False,False,False,False,False,False
0.375,0.1791044776119403,0.12234042553191449,0.6505524861878449,0.0680523317155518,0.2437499999999999,0.6250000000000004,0.9547738693467338,0.4305555555555558,0.21296296296296324,0.5881901840490797,0.5279383429672448,0.4290657439446366,0.29545454545454497,0.7088235294117649,0.2871621621621623,0.4453125,0.5763888888888893,0.10869565217391308,0.6666666666666288,No Tournament,False,False,False,False,False,False,False,False,False,True,False,False,False,False,False,False,False,False,False,False,False,False,False,False,False,False,False,False,False,False,False,False
0.2916666666666665,0.2985074626865672,0.311170212765957,0.8190607734806621,0.09263557712597595,0.4125000000000001,0.8263888888888893,0.5326633165829147,0.4490740740740742,0.3148148148148149,0.5575153374233128,0.24662813102119463,0.25951557093425603,0.3522727272727266,0.8441176470588236,0.49662162162162193,0.6484375000000004,0.18055555555555447,0.24456521739130438,0.6666666666666288,No Tournament,False,False,False,False,False,False,False,False,False,True,False,False,False,False,False,False,False,False,False,False,False,False,False,False,False,False,False,False,False,False,False,False
0.5416666666666665,0.5970149253731344,0.5398936170212765,0.5814917127071819,0.45315467398185266,0.7625000000000002,0.6319444444444451,0.5929648241206029,0.5138888888888888,0.27314814814814836,0.3611963190184051,0.37379576107899815,0.4186851211072662,0.6477272727272725,0.6617647058823528,0.820945945945946,0.5234375,0.5972222222222223,0.5163043478260869,0.6666666666666288,No Tournament,False,False,False,False,False,False,False,False,False,True,False,False,False,False,False,False,False,False,False,False,False,False,False,False,False,False,False,False,False,False,False,False
0.20833333333333304,0.5373134328358209,0.5319148936170213,0.5787292817679552,0.44967292677780113,0.7749999999999999,0.4375000000000009,0.6231155778894473,0.5231481481481484,0.3750000000000002,0.38573619631901845,0.5510597302504818,0.3564013840830449,0.8068181818181817,0.40882352941176503,0.625,0.5078125,0.75,0.4782608695652174,0.6666666666666288,No Tournament,False,False,False,False,False,False,False,False,False,True,False,False,False,False,False,False,False,False,False,False,False,False,False,False,False,False,False,False,False,False,False,False
0.2916666666666665,0.23880597014925373,0.3058510638297869,0.7720994475138117,0.10867271576281914,0.2625000000000002,0.6805555555555562,0.3919597989949748,0.31018518518518534,0.3055555555555558,0.5329754601226995,0.19653179190751446,0.44290657439446357,0.05113636363636331,0.5088235294117647,0.5777027027027026,0.9140625000000009,0.375,0.22826086956521735,0.6666666666666288,No Tournament,False,False,False,False,False,False,False,False,False,False,True,False,False,False,False,False,False,False,False,False,False,False,False,False,False,False,False,False,False,False,False,False
0.20833333333333304,0.14925373134328357,0.332446808510638,0.7610497237569058,0.12998522895125553,0.33125000000000027,0.6388888888888897,0.48241206030150763,0.3194444444444444,0.24074074074074092,0.7231595092024539,0.25818882466281323,0.38062283737024205,0.3011363636363633,0.6205882352941181,0.5033783783783785,0.6171875,0.3472222222222223,0.16032608695652173,0.6666666666666288,No Tournament,False,False,False,False,False,False,False,False,False,False,True,False,False,False,False,False,False,False,False,False,False,False,False,False,False,False,False,False,False,False,False,False
0.20833333333333304,0.4776119402985075,0.3803191489361697,0.4350828729281768,0.42857142857142855,0.4812500000000002,0.4513888888888893,0.6030150753768844,0.6435185185185184,0.37962962962962976,0.22009202453987742,0.7398843930635839,0.5847750865051902,0.5852272727272725,0.5264705882352945,0.3547297297297298,0.3671875,0.4861111111111116,0.453804347826087,0.6666666666666288,No Tournament,False,False,False,False,False,False,False,False,False,False,True,False,False,False,False,False,False,False,False,False,False,False,False,False,False,False,False,False,False,False,False,False
0.45833333333333304,0.41791044776119407,0.5265957446808507,0.603591160220994,0.41591052964760494,0.4500000000000002,0.7152777777777786,0.7236180904522611,0.5324074074074074,0.6527777777777779,0.5820552147239262,0.7206165703275531,0.23529411764705876,0.4431818181818179,0.6676470588235297,0.5304054054054057,0.7109375000000004,0.7708333333333339,0.40760869565217395,0.6666666666666288,No Tournament,False,False,False,False,False,False,False,False,False,False,True,False,False,False,False,False,False,False,False,False,False,False,False,False,False,False,False,False,False,False,False,False
0.45833333333333304,0.6268656716417911,0.4893617021276597,0.41850828729281764,0.5723781388478583,0.6000000000000001,0.41666666666666696,0.512562814070352,0.8287037037037037,0.29166666666666674,0.5023006134969326,0.6512524084778422,0.5086505190311417,0.5738636363636362,0.473529411764706,0.631756756756757,0.35937499999999956,0.38194444444444464,0.5652173913043479,0.6666666666666288,No Tournament,False,False,False,False,False,False,False,False,False,False,True,False,False,False,False,False,False,False,False,False,False,False,False,False,False,False,False,False,False,False,False,False
0.625,0.5074626865671642,0.38829787234042534,0.32182320441988965,0.5611943447984806,0.3562500000000002,0.11111111111111205,0.7035175879396987,0.1712962962962965,0.6574074074074074,0.23849693251533766,0.25433526011560703,0.6712802768166088,0.39204545454545414,0.10294117647058831,0.3885135135135136,0.34374999999999956,0.43055555555555536,0.4375,0.6666666666666288,No Tournament,False,False,False,False,False,False,False,False,False,False,True,False,False,False,False,False,False,False,False,False,False,False,False,False,False,False,False,False,False,False,False,False
0.2916666666666665,0.23880597014925373,0.21276595744680815,0.4930939226519335,0.20573960751213335,0.16875000000000018,0.3958333333333339,0.6532663316582916,0.587962962962963,0.4027777777777779,0.6679447852760736,0.4161849710982659,0.5674740484429064,0.19886363636363624,0.43235294117647083,0.2736486486486487,0.38281249999999956,0.520833333333333,0.24456521739130438,0.6666666666666288,No Tournament,False,False,False,False,False,False,False,False,False,False,True,False,False,False,False,False,False,False,False,False,False,False,False,False,False,False,False,False,False,False,False,False
0.375,0.6567164179104478,0.6755319148936172,0.5676795580110494,0.6097277906731379,0.6625000000000001,0.4513888888888893,0.14070351758793964,0.337962962962963,0.4907407407407409,0.3734662576687118,0.40077071290944133,0.2664359861591694,0.5625,0.4558823529411766,0.7466216216216215,0.46874999999999956,0.4097222222222223,0.578804347826087,0.6666666666666288,No Tournament,False,False,False,False,False,False,False,False,False,False,True,False,False,False,False,False,False,False,False,False,False,False,False,False,False,False,False,False,False,False,False,False
0.45833333333333304,0.3880597014925373,0.4521276595744679,0.6174033149171265,0.32549060983329814,0.4937499999999999,0.6597222222222228,0.23115577889447247,0.18055555555555558,0.3657407407407409,0.32438650306748484,0.49325626204238926,0.2698961937716262,0.5738636363636362,0.5911764705882354,0.3817567567567566,0.671875,0.3402777777777777,0.30978260869565216,0.6666666666666288,No Tournament,False,False,False,False,False,False,False,False,False,False,False,True,False,False,False,False,False,False,False,False,False,False,False,False,False,False,False,False,False,False,False,False
0.5416666666666665,0.35820895522388063,0.46542553191489366,0.6781767955801103,0.2864528381515087,0.4500000000000002,0.611111111111112,0.38190954773869357,0.24537037037037046,0.587962962962963,0.6004601226993864,0.3930635838150289,0.3044982698961938,0.5454545454545454,0.585294117647059,0.33445945945945965,0.6171875,0.5625,0.2907608695652174,0.6666666666666288,No Tournament,False,False,False,False,False,False,False,False,False,False,False,True,False,False,False,False,False,False,False,False,False,False,False,False,False,False,False,False,False,False,False,False
0.375,0.3880597014925373,0.47340425531914887,0.6919889502762429,0.28244355349229794,0.6187499999999999,0.6319444444444451,0.32160804020100486,0.1157407407407407,0.16666666666666696,0.49003067484662566,0.09248554913294793,0.06228373702422141,0.6761363636363633,0.5205882352941176,0.5033783783783785,0.6796875000000004,0.4513888888888893,0.3586956521739131,0.6666666666666288,No Tournament,False,False,False,False,False,False,False,False,False,False,False,True,False,False,False,False,False,False,False,False,False,False,False,False,False,False,False,False,False,False,False,False
0.375,0.5373134328358209,0.670212765957447,0.6560773480662982,0.5173032285292256,0.6750000000000003,0.7500000000000009,0.21105527638190957,0.31018518518518534,0.5787037037037039,0.4041411042944787,0.5741811175337188,0.37024221453287187,0.625,0.7735294117647058,0.679054054054054,0.59375,0.5555555555555554,0.5190217391304348,0.6666666666666288,No Tournament,False,False,False,False,False,False,False,False,False,False,False,True,False,False,False,False,False,False,False,False,False,False,False,False,False,False,False,False,False,False,False,False
0.45833333333333304,0.26865671641791045,0.4228723404255317,0.5732044198895028,0.33720194133783493,0.3500000000000001,0.6527777777777781,0.3015075376884422,0.5138888888888888,0.5,0.44708588957055206,0.4816955684007709,0.6989619377162628,0.34659090909090917,0.5735294117647061,0.42229729729729737,0.6875000000000004,0.49305555555555536,0.23641304347826086,0.6666666666666288,No Tournament,False,False,False,False,False,False,False,False,False,False,False,True,False,False,False,False,False,False,False,False,False,False,False,False,False,False,False,False,False,False,False,False
0.5416666666666665,0.6567164179104478,0.5664893617021276,0.3908839779005522,0.6797847647182951,0.90625,0.41666666666666696,0.6331658291457287,0.45833333333333326,0.3333333333333335,0.2875766871165646,0.5202312138728327,0.38754325259515565,0.9659090909090908,0.585294117647059,0.679054054054054,0.12499999999999911,0.41666666666666696,0.5760869565217391,0.6666666666666288,No Tournament,False,False,False,False,False,False,False,False,False,False,False,True,False,False,False,False,False,False,False,False,False,False,False,False,False,False,False,False,False,False,False,False
0.375,0.5074626865671642,0.5106382978723403,0.548342541436464,0.4555813462755855,0.5750000000000002,0.5000000000000009,0.47236180904522596,0.5324074074074074,0.75,0.39800613496932513,0.531791907514451,0.6055363321799305,0.5965909090909092,0.4852941176470589,0.5439189189189189,0.515625,0.4861111111111116,0.4375,0.6666666666666288,No Tournament,False,False,False,False,False,False,False,False,False,False,False,True,False,False,False,False,False,False,False,False,False,False,False,False,False,False,False,False,False,False,False,False
0.375,0.2985074626865672,0.5186170212765955,0.6892265193370162,0.32738974467187165,0.40625,0.9166666666666674,0.38190954773869357,0.24537037037037046,0.7268518518518519,0.28144171779141125,0.36608863198458597,0.5224913494809686,0.3863636363636358,0.802941176470588,0.4898648648648649,0.8750000000000004,0.7847222222222223,0.27989130434782605,0.6666666666666288,No Tournament,False,False,False,False,False,False,False,False,False,False,False,True,False,False,False,False,False,False,False,False,False,False,False,False,False,False,False,False,False,False,False,False
0.2916666666666665,0.5373134328358209,0.7765957446808511,0.8052486187845296,0.47995357670394595,1.0,0.9305555555555558,0.3718592964824119,0.1342592592592593,0.1435185185185187,0.2753067484662577,0.4547206165703277,0.36678200692041507,0.9090909090909092,0.9441176470588237,1.0,0.703125,0.625,0.5163043478260869,0.6666666666666288,No Tournament,False,False,False,False,False,False,False,False,False,False,False,True,False,False,False,False,False,False,False,False,False,False,False,False,False,False,False,False,False,False,False,False
0.20833333333333304,0.14925373134328357,0.36968085106382986,0.7555248618784525,0.1541464443975522,0.3687499999999999,0.7847222222222228,0.7135678391959799,0.4305555555555558,0.3750000000000002,0.48389570552147254,0.6666666666666667,0.3425605536332179,0.3352272727272725,0.7676470588235298,0.49662162162162193,0.6796875000000004,0.7222222222222232,0.22554347826086962,0.6666666666666288,No Tournament,False,False,False,False,False,False,False,False,False,False,False,False,True,False,False,False,False,False,False,False,False,False,False,False,False,False,False,False,False,False,False,False
0.2916666666666665,0.3880597014925373,0.36702127659574435,0.46270718232044183,0.38626292466765133,0.2937500000000002,0.5000000000000009,0.21105527638190957,0.6342592592592593,0.36111111111111116,0.39800613496932513,0.5741811175337188,0.44982698961937695,0.375,0.5558823529411767,0.2736486486486487,0.4140625,0.5486111111111116,0.3315217391304348,0.6666666666666288,No Tournament,False,False,False,False,False,False,False,False,False,False,False,False,True,False,False,False,False,False,False,False,False,False,False,False,False,False,False,False,False,False,False,False
0.20833333333333304,0.3283582089552239,0.28457446808510634,0.45165745856353556,0.3081873813040725,0.09375,0.40277777777777857,0.47236180904522596,0.337962962962963,0.4814814814814816,0.4041411042944787,0.2851637764932562,0.37370242214532867,0.09659090909090873,0.4676470588235295,0.31418918918918903,0.35156249999999956,0.5694444444444446,0.33967391304347827,0.6666666666666288,No Tournament,False,False,False,False,False,False,False,False,False,False,False,False,True,False,False,False,False,False,False,False,False,False,False,False,False,False,False,False,False,False,False,False
0.45833333333333304,0.4776119402985075,0.5691489361702127,0.5151933701657456,0.5539143279172821,0.53125,0.5000000000000009,0.4422110552763818,0.48611111111111116,0.4305555555555556,0.4961656441717792,0.5741811175337188,0.3564013840830449,0.43181818181818166,0.4382352941176473,0.6385135135135136,0.625,0.4513888888888893,0.44021739130434784,0.6666666666666288,No Tournament,False,False,False,False,False,False,False,False,False,False,False,False,True,False,False,False,False,False,False,False,False,False,False,False,False,False,False,False,False,False,False,False
0.5416666666666665,0.7164179104477612,0.6781914893617023,0.3080110497237567,0.835619328972357,0.6687500000000002,0.40277777777777857,0.512562814070352,0.5694444444444446,0.5833333333333335,0.08512269938650352,0.3275529865125242,0.6574394463667816,0.6420454545454541,0.5441176470588234,0.6655405405405408,0.24218749999999956,0.39583333333333304,0.7065217391304348,0.6666666666666288,No Tournament,False,False,False,False,False,False,False,False,False,False,False,False,True,False,False,False,False,False,False,False,False,False,False,False,False,False,False,False,False,False,False,False
0.875,0.5671641791044776,0.5505319148936172,0.47375690607734766,0.5776535133994514,0.5500000000000003,0.36111111111111205,0.522613065326633,0.4027777777777779,0.5601851851851853,0.2937116564417179,0.4624277456647401,0.5882352941176467,0.5340909090909087,0.4676470588235295,0.5506756756756754,0.27343749999999956,0.4513888888888893,0.40760869565217395,0.6666666666666288,No Tournament,False,False,False,False,False,False,False,False,False,False,False,False,True,False,False,False,False,False,False,False,False,False,False,False,False,False,False,False,False,False,False,False
0.5416666666666665,0.7164179104477612,0.603723404255319,0.27762430939226546,0.8064992614475628,0.5187500000000003,0.29861111111111205,0.20100502512562812,0.800925925925926,0.6574074074074074,0.32438650306748484,0.4393063583815029,0.2941176470588234,0.4943181818181812,0.26176470588235334,0.570945945945946,0.42187499999999956,0.2777777777777777,0.6603260869565217,0.6666666666666288,No Tournament,False,False,False,False,False,False,False,False,False,False,False,False,True,False,False,False,False,False,False,False,False,False,False,False,False,False,False,False,False,False,False,False
0.2916666666666665,0.1791044776119403,0.375,0.6284530386740328,0.24467187170289093,0.3500000000000001,0.6388888888888897,0.7236180904522611,0.3287037037037037,0.4398148148148151,0.45935582822085896,0.5240847784200389,0.23183391003460196,0.4204545454545454,0.6205882352941181,0.3277027027027031,0.59375,0.47916666666666696,0.2119565217391305,0.6666666666666288,No Tournament,False,False,False,False,False,False,False,False,False,False,False,False,True,False,False,False,False,False,False,False,False,False,False,False,False,False,False,False,False,False,False,False
0.375,0.44776119402985076,0.5292553191489362,0.6146408839779003,0.40863051276640633,0.4937499999999999,0.8750000000000004,0.11055276381909551,0.6342592592592593,0.11111111111111138,0.4961656441717792,0.25818882466281323,0.38408304498269885,0.5227272727272725,0.8205882352941178,0.46283783783783816,0.7578125000000004,0.2986111111111107,0.4157608695652174,0.6666666666666288,No Tournament,False,False,False,False,False,False,False,False,False,False,False,False,True,False,False,False,False,False,False,False,False,False,False,False,False,False,False,False,False,False,False,False
0.45833333333333304,0.5671641791044776,0.6170212765957448,0.4654696132596685,0.6522473095589787,0.7687500000000003,0.5000000000000009,0.5527638190954773,0.4305555555555558,0.5925925925925926,0.25076687116564433,0.25818882466281323,0.17301038062283736,0.8693181818181817,0.4676470588235295,0.5101351351351351,0.515625,0.4722222222222223,0.5190217391304348,0.6666666666666288,No Tournament,False,False,False,False,False,False,False,False,False,False,False,False,True,False,False,False,False,False,False,False,False,False,False,False,False,False,False,False,False,False,False,False
0.375,0.2985074626865672,0.31914893617021267,0.479281767955801,0.318632622916227,0.4312499999999999,0.5000000000000009,0.4321608040201006,0.412037037037037,0.04166666666666696,0.3734662576687118,0.35838150289017334,0.5051903114186849,0.47727272727272707,0.44999999999999973,0.3952702702702706,0.5390624999999996,0.47916666666666696,0.3125,0.6666666666666288,No Tournament,False,False,False,False,False,False,False,False,False,False,False,False,True,False,False,False,False,False,False,False,False,False,False,False,False,False,False,False,False,False,False,False
0.5416666666666665,0.5671641791044776,0.5106382978723403,0.48480662983425393,0.5237391854821692,0.5437500000000002,0.41666666666666696,0.3618090452261309,0.31018518518518534,0.38888888888888906,0.391871165644172,0.3082851637764934,0.6851211072664358,0.4943181818181812,0.39117647058823524,0.5574324324324325,0.4921875,0.7638888888888893,0.49184782608695654,0.6666666666666288,No Tournament,False,False,False,False,False,False,False,False,False,False,False,False,True,False,False,False,False,False,False,False,False,False,False,False,False,False,False,False,False,False,False,False
0.958333333333333,0.7761194029850746,0.771276595744681,0.41574585635359096,0.820109727790673,0.7375000000000003,0.41666666666666696,0.31155778894472363,0.45833333333333326,0.5046296296296298,0.5145705521472392,0.7090558766859347,0.07266435986159159,0.7954545454545454,0.3264705882352943,0.5506756756756754,0.59375,0.520833333333333,0.6521739130434783,0.6666666666666288,No Tournament,False,False,False,False,False,False,False,False,False,False,False,False,True,False,False,False,False,False,False,False,False,False,False,False,False,False,False,False,False,False,False,False
0.708333333333333,0.3283582089552239,0.34840425531914887,0.6505524861878449,0.20763874235070687,0.5125000000000002,0.6666666666666674,0.5427135678391959,0.6064814814814814,0.18518518518518556,0.7354294478527605,0.300578034682081,0.32179930795847733,0.5568181818181817,0.6676470588235297,0.45608108108108114,0.5859375,0.43055555555555536,0.23097826086956524,0.6666666666666288,No Tournament,False,False,False,False,False,False,False,False,False,False,False,False,False,True,False,False,False,False,False,False,False,False,False,False,False,False,False,False,False,False,False,False
0.375,0.208955223880597,0.44680851063829774,0.8577348066298338,0.15087571217556445,0.4187500000000002,0.9236111111111116,0.47236180904522596,0.3935185185185184,0.4120370370370372,0.64340490797546,0.36608863198458597,0.5432525951557092,0.44886363636363624,0.7617647058823533,0.40878378378378377,0.9531250000000009,0.8194444444444446,0.19565217391304346,0.6666666666666288,No Tournament,False,False,False,False,False,False,False,False,False,False,False,False,False,True,False,False,False,False,False,False,False,False,False,False,False,False,False,False,False,False,False,False
0.375,0.35820895522388063,0.3989361702127656,0.6174033149171265,0.27400295420974885,0.3875000000000002,0.5208333333333339,0.512562814070352,0.4490740740740742,0.34722222222222254,0.6127300613496931,0.4123314065510597,0.3321799307958475,0.23295454545454541,0.6205882352941181,0.6047297297297298,0.3671875,0.7777777777777786,0.2934782608695652,0.6666666666666288,No Tournament,False,False,False,False,False,False,False,False,False,False,False,False,False,True,False,False,False,False,False,False,False,False,False,False,False,False,False,False,False,False,False,False
0.708333333333333,0.5671641791044776,0.40957446808510634,0.45165745856353556,0.44671871702890903,0.5125000000000002,0.2291666666666674,0.7336683417085428,0.3935185185185184,0.49537037037037046,0.5820552147239262,0.5279383429672448,0.4290657439446366,0.5227272727272725,0.2735294117647058,0.5168918918918917,0.30468749999999956,0.7847222222222223,0.41304347826086957,0.6666666666666288,No Tournament,False,False,False,False,False,False,False,False,False,False,False,False,False,True,False,False,False,False,False,False,False,False,False,False,False,False,False,False,False,False,False,False
0.20833333333333304,0.2985074626865672,0.3404255319148932,0.6174033149171265,0.2225152985861996,0.3500000000000001,0.7777777777777786,0.7035175879396987,0.7638888888888888,0.6388888888888888,0.5145705521472392,0.4354527938342967,0.5536332179930792,0.26136363636363624,0.8500000000000001,0.5574324324324325,0.5390624999999996,0.36805555555555536,0.3179347826086957,0.6666666666666288,No Tournament,False,False,False,False,False,False,False,False,False,False,False,False,False,True,False,False,False,False,False,False,False,False,False,False,False,False,False,False,False,False,False,False
0.45833333333333304,0.44776119402985076,0.3829787234042552,0.4654696132596685,0.4030386157417176,0.53125,0.46527777777777857,0.46231155778894495,0.46759259259259256,0.3240740740740744,0.17714723926380405,0.23506743737957603,0.19377162629757771,0.5852272727272725,0.3147058823529414,0.4493243243243241,0.703125,0.33333333333333304,0.38858695652173914,0.6666666666666288,No Tournament,False,False,False,False,False,False,False,False,False,False,False,False,False,True,False,False,False,False,False,False,False,False,False,False,False,False,False,False,False,False,False,False
0.375,0.6268656716417911,0.5691489361702127,0.34944751381215466,0.7196665963283393,0.7124999999999999,0.2569444444444451,0.4120603015075379,0.5787037037037037,0.4583333333333335,0.3611963190184051,0.36223506743737977,0.3425605536332179,0.8579545454545454,0.3264705882352943,0.45608108108108114,0.26562499999999956,0.5277777777777777,0.5625,0.6666666666666288,No Tournament,False,False,False,False,False,False,False,False,False,False,False,False,False,True,False,False,False,False,False,False,False,False,False,False,False,False,False,False,False,False,False,False
0.625,0.5373134328358209,0.5558510638297873,0.5676795580110494,0.48533445874657094,0.6000000000000001,0.5138888888888893,0.46231155778894495,0.3657407407407407,0.4583333333333335,0.47162576687116586,0.5356454720616572,0.2076124567474048,0.6136363636363633,0.43235294117647083,0.5371621621621623,0.6953125,0.6944444444444446,0.4673913043478261,0.6666666666666288,No Tournament,False,False,False,False,False,False,False,False,False,False,False,False,False,True,False,False,False,False,False,False,False,False,False,False,False,False,False,False,False,False,False,False
0.375,0.208955223880597,0.43351063829787195,0.7969613259668504,0.1756699725680523,0.3250000000000002,1.0000000000000004,0.5929648241206029,0.5972222222222221,0.7685185185185186,0.5513803680981595,0.2620423892100192,0.6228373702422143,0.3352272727272725,0.9558823529411766,0.4020270270270272,0.9687500000000004,0.7222222222222232,0.19836956521739135,0.6666666666666288,No Tournament,False,False,False,False,False,False,False,False,False,False,False,False,False,True,False,False,False,False,False,False,False,False,False,False,False,False,False,False,False,False,False,False
0.04166666666666652,0.2985074626865672,0.43085106382978733,0.6505524861878449,0.27780122388689593,0.3812500000000001,0.7638888888888893,0.49246231155778886,0.587962962962963,0.5231481481481481,0.35506134969325154,0.7244701348747593,0.6297577854671277,0.4545454545454546,0.75,0.3277027027027031,0.671875,0.7430555555555562,0.3695652173913044,0.6666666666666288,No Tournament,False,False,False,False,False,False,False,False,False,False,False,False,False,False,True,False,False,False,False,False,False,False,False,False,False,False,False,False,False,False,False,False
0.04166666666666652,0.208955223880597,0.6143617021276597,0.7555248618784525,0.3621017092213547,0.625,0.7500000000000009,0.4321608040201006,0.48611111111111116,0.4120370370370372,0.5207055214723926,0.11175337186897871,0.3529411764705881,0.5284090909090904,0.6147058823529412,0.6722972972972974,0.7812500000000004,0.6319444444444446,0.31521739130434784,0.6666666666666288,No Tournament,False,False,False,False,False,False,False,False,False,False,False,False,False,False,True,False,False,False,False,False,False,False,False,False,False,False,False,False,False,False,False,False
0.125,0.3283582089552239,0.5319148936170213,0.7334254143646404,0.3022789618062882,0.6312500000000001,0.6875000000000004,0.5025125628140703,0.25462962962962954,0.29166666666666674,0.5697852760736195,0.5202312138728327,0.24221453287197225,0.7613636363636362,0.5147058823529411,0.41554054054054035,0.8515625000000004,0.5972222222222223,0.38858695652173914,0.6666666666666288,No Tournament,False,False,False,False,False,False,False,False,False,False,False,False,False,False,True,False,False,False,False,False,False,False,False,False,False,False,False,False,False,False,False,False
0.04166666666666652,0.1791044776119403,0.32180851063829774,0.6588397790055245,0.17957374973623128,0.5625,0.7638888888888893,0.6532663316582916,0.4768518518518521,0.2685185185185186,0.38573619631901845,0.4315992292870905,0.13148788927335642,0.5170454545454546,0.8441176470588236,0.5912162162162162,0.5234375,0.4097222222222223,0.266304347826087,0.6666666666666288,No Tournament,False,False,False,False,False,False,False,False,False,False,False,False,False,False,True,False,False,False,False,False,False,False,False,False,False,False,False,False,False,False,False,False
0.45833333333333304,0.5074626865671642,0.42553191489361675,0.33563535911602216,0.5895758598860519,0.5,0.3888888888888897,0.7035175879396987,0.5046296296296295,0.38888888888888906,0.13420245398773045,0.23121387283237005,0.46366782006920415,0.44886363636363624,0.38529411764705923,0.5506756756756754,0.4453125,0.33333333333333304,0.5,0.6666666666666288,No Tournament,False,False,False,False,False,False,False,False,False,False,False,False,False,False,True,False,False,False,False,False,False,False,False,False,False,False,False,False,False,False,False,False
0.20833333333333304,0.35820895522388063,0.5345744680851063,0.5649171270718227,0.46665963283393114,0.71875,0.611111111111112,0.29145728643216073,0.337962962962963,0.1805555555555558,0.23849693251533766,0.17726396917148368,0.37024221453287187,0.6534090909090908,0.5911764705882354,0.679054054054054,0.5859375,0.2499999999999991,0.4103260869565218,0.6666666666666288,No Tournament,False,False,False,False,False,False,False,False,False,False,False,False,False,False,True,False,False,False,False,False,False,False,False,False,False,False,False,False,False,False,False,False
0.375,0.44776119402985076,0.4707446808510638,0.5400552486187844,0.419708799324752,0.6437500000000003,0.6250000000000004,0.5326633165829147,0.4398148148148149,0.337962962962963,0.35506134969325154,0.36223506743737977,0.4152249134948094,0.8352272727272725,0.7205882352941178,0.375,0.4140625,0.5694444444444446,0.4592391304347826,0.6666666666666288,No Tournament,False,False,False,False,False,False,False,False,False,False,False,False,False,False,True,False,False,False,False,False,False,False,False,False,False,False,False,False,False,False,False,False
0.625,0.5970149253731344,0.5611702127659575,0.5179558011049723,0.5428360413589365,0.7375000000000003,0.49305555555555625,0.522613065326633,0.800925925925926,0.5462962962962963,0.5820552147239262,0.3198458574181118,0.532871972318339,0.8693181818181817,0.6205882352941181,0.5101351351351351,0.28906249999999956,0.5555555555555554,0.5081521739130435,0.6666666666666288,No Tournament,False,False,False,False,False,False,False,False,False,False,False,False,False,False,False,True,False,False,False,False,False,False,False,False,False,False,False,False,False,False,False,False
0.625,0.4776119402985075,0.43085106382978733,0.5511049723756902,0.36684954631778854,0.5625,0.6319444444444451,0.3919597989949748,0.5416666666666667,0.29166666666666674,0.37960122699386534,0.35838150289017334,0.5190311418685118,0.6363636363636358,0.4617647058823531,0.4493243243243241,0.8515625000000004,0.666666666666667,0.39945652173913043,0.6666666666666288,No Tournament,False,False,False,False,False,False,False,False,False,False,False,False,False,False,False,True,False,False,False,False,False,False,False,False,False,False,False,False,False,False,False,False
0.45833333333333304,0.3880597014925373,0.3643617021276593,0.506906077348066,0.3413167334880776,0.5750000000000002,0.46527777777777857,0.9246231155778892,0.7916666666666667,0.5972222222222223,0.6863496932515338,0.6165703275529868,0.6643598615916952,0.3522727272727266,0.4676470588235295,0.8614864864864864,0.4765625,0.3541666666666661,0.35054347826086957,0.6666666666666288,No Tournament,False,False,False,False,False,False,False,False,False,False,False,False,False,False,False,True,False,False,False,False,False,False,False,False,False,False,False,False,False,False,False,False
0.45833333333333304,0.14925373134328357,0.3643617021276593,0.7223756906077341,0.1714496729267778,0.6437500000000003,0.6388888888888897,0.8241206030150752,0.1712962962962965,0.2083333333333337,0.5452453987730062,0.5472061657032756,0.2768166089965396,0.7045454545454546,0.5676470588235292,0.5168918918918917,0.6640625,0.5902777777777777,0.13586956521739135,0.6666666666666288,No Tournament,False,False,False,False,False,False,False,False,False,False,False,False,False,False,False,True,False,False,False,False,False,False,False,False,False,False,False,False,False,False,False,False
0.45833333333333304,0.2985074626865672,0.47606382978723394,0.5151933701657456,0.45062249419708794,0.6187499999999999,0.5555555555555558,0.743718592964824,0.49537037037037046,0.3935185185185188,0.3673312883435582,0.8670520231213876,0.6851211072664358,0.4943181818181812,0.5147058823529411,0.7871621621621623,0.546875,0.6388888888888893,0.3125,0.6666666666666288,No Tournament,False,False,False,False,False,False,False,False,False,False,False,False,False,False,False,True,False,False,False,False,False,False,False,False,False,False,False,False,False,False,False,False
0.625,0.5373134328358209,0.6117021276595747,0.7803867403314912,0.33973412112259965,0.5249999999999999,0.6388888888888897,0.1507537688442211,0.23611111111111116,0.5925925925925926,0.6188650306748467,0.6319845857418114,0.2664359861591694,0.48863636363636376,0.5323529411764709,0.5777027027027026,0.7500000000000004,0.8819444444444455,0.4619565217391305,0.6666666666666288,No Tournament,False,False,False,False,False,False,False,False,False,False,False,False,False,False,False,True,False,False,False,False,False,False,False,False,False,False,False,False,False,False,False,False
0.625,0.3283582089552239,0.42553191489361675,0.700276243093922,0.23412112259970455,0.4937499999999999,0.7083333333333339,0.5929648241206029,0.31018518518518534,0.4490740740740742,0.4654907975460123,0.5934489402697496,0.28719723183391,0.5227272727272725,0.5323529411764709,0.4493243243243241,0.8750000000000004,0.39583333333333304,0.24184782608695649,0.6666666666666288,No Tournament,False,False,False,False,False,False,False,False,False,False,False,False,False,False,False,True,False,False,False,False,False,False,False,False,False,False,False,False,False,False,False,False
0.5416666666666665,0.6268656716417911,0.6117021276595747,0.5842541436464086,0.5279594851234438,0.6375000000000002,0.6527777777777781,0.4120603015075379,0.6990740740740742,0.712962962962963,0.47162576687116586,0.7899807321772643,0.5190311418685118,0.6477272727272725,0.5500000000000003,0.5777027027027026,0.6796875000000004,0.8958333333333348,0.5923913043478262,0.6666666666666288,No Tournament,False,False,False,False,False,False,False,False,False,False,False,False,False,False,False,True,False,False,False,False,False,False,False,False,False,False,False,False,False,False,False,False
0.5416666666666665,0.3880597014925373,0.2579787234042552,0.3770718232044197,0.35439966237602866,0.42500000000000027,0.34722222222222276,0.613065326633166,0.7731481481481481,0.41666666666666696,0.49003067484662566,0.21965317919075145,0.7093425605536328,0.4261363636363633,0.39117647058823524,0.43581081081081097,0.35156249999999956,0.13194444444444375,0.3315217391304348,0.6666666666666288,No Tournament,False,False,False,False,False,False,False,False,False,False,False,False,False,False,False,True,False,False,False,False,False,False,False,False,False,False,False,False,False,False,False,False
0.5416666666666665,0.208955223880597,0.30053191489361675,0.6118784530386736,0.19244566364211857,0.36250000000000027,0.5208333333333339,0.8241206030150752,0.24537037037037046,0.6157407407407407,0.4961656441717792,0.5703275529865126,0.7024221453287196,0.23295454545454541,0.5264705882352945,0.6385135135135136,0.5078125,0.36805555555555536,0.17934782608695643,0.6666666666666288,No Tournament,False,False,False,False,False,False,False,False,False,False,False,False,False,False,False,True,False,False,False,False,False,False,False,False,False,False,False,False,False,False,False,False
0.45833333333333304,0.3880597014925373,0.46808510638297873,0.603591160220994,0.3553492297953154,0.5687500000000001,0.7500000000000009,0.6331658291457287,0.5138888888888888,0.4120370370370372,0.4532208588957056,0.37764932562620435,0.5986159169550171,0.5284090909090904,0.7617647058823533,0.5641891891891895,0.6015625,0.47916666666666696,0.35597826086956524,0.6666666666666288,No Tournament,False,False,False,False,False,False,False,False,False,False,False,False,False,False,False,False,True,False,False,False,False,False,False,False,False,False,False,False,False,False,False,False
0.45833333333333304,0.5373134328358209,0.457446808510638,0.4709944751381214,0.47805444186537244,0.5625,0.41666666666666696,0.49246231155778886,0.3472222222222221,0.4583333333333335,0.4041411042944787,0.4470134874759155,0.2837370242214532,0.6306818181818183,0.30294117647058805,0.4493243243243241,0.6406250000000004,0.6319444444444446,0.5,0.6666666666666288,No Tournament,False,False,False,False,False,False,False,False,False,False,False,False,False,False,False,False,True,False,False,False,False,False,False,False,False,False,False,False,False,False,False,False
0.375,0.44776119402985076,0.4414893617021276,0.6008287292817678,0.3312935218400506,0.3062499999999999,0.6180555555555558,0.4120603015075379,0.3564814814814816,0.5370370370370372,0.34279141104294486,0.578034682080925,0.3529411764705881,0.2556818181818179,0.5911764705882354,0.4763513513513513,0.6171875,0.6597222222222223,0.391304347826087,0.6666666666666288,No Tournament,False,False,False,False,False,False,False,False,False,False,False,False,False,False,False,False,True,False,False,False,False,False,False,False,False,False,False,False,False,False,False,False
0.625,0.5970149253731344,0.6569148936170213,0.6560773480662982,0.5004220299641274,0.5375000000000001,0.6319444444444451,0.3517587939698492,0.45833333333333326,0.6018518518518521,0.6188650306748467,0.4662813102119463,0.18685121107266423,0.5625,0.7029411764705884,0.4831081081081079,0.4765625,0.4375,0.4375,0.6666666666666288,No Tournament,False,False,False,False,False,False,False,False,False,False,False,False,False,False,False,False,True,False,False,False,False,False,False,False,False,False,False,False,False,False,False,False
0.45833333333333304,0.6268656716417911,0.43882978723404253,0.37154696132596676,0.5659421818949145,0.5625,0.28472222222222276,0.522613065326633,0.6620370370370372,0.5694444444444444,0.7231595092024539,0.2928709055876686,0.3391003460207611,0.6477272727272725,0.2029411764705884,0.4290540540540544,0.484375,0.2777777777777777,0.5054347826086957,0.6666666666666288,No Tournament,False,False,False,False,False,False,False,False,False,False,False,False,False,False,False,False,True,False,False,False,False,False,False,False,False,False,False,False,False,False,False,False
0.625,0.4776119402985075,0.4494680851063828,0.5566298342541431,0.3795104452416121,0.39375000000000027,0.5347222222222228,0.522613065326633,0.46759259259259256,0.6157407407407407,0.5881901840490797,0.4200385356454721,0.4013840830449824,0.4659090909090904,0.5911764705882354,0.3479729729729728,0.42968749999999956,0.541666666666667,0.39945652173913043,0.6666666666666288,No Tournament,False,False,False,False,False,False,False,False,False,False,False,False,False,False,False,False,True,False,False,False,False,False,False,False,False,False,False,False,False,False,False,False
0.5416666666666665,0.44776119402985076,0.4042553191489362,0.44889502762430933,0.4440810297531124,0.4812500000000002,0.5555555555555558,0.5829145728643217,0.4768518518518521,0.41666666666666696,0.29984662576687127,0.20809248554913307,0.23183391003460196,0.5340909090909087,0.6323529411764706,0.42229729729729737,0.4140625,0.39583333333333304,0.39945652173913043,0.6666666666666288,No Tournament,False,False,False,False,False,False,False,False,False,False,False,False,False,False,False,False,True,False,False,False,False,False,False,False,False,False,False,False,False,False,False,False
0.375,0.3283582089552239,0.4601063829787231,0.6892265193370162,0.27199831188014345,0.4437500000000001,0.7569444444444446,0.3517587939698492,0.412037037037037,0.4675925925925928,0.48389570552147254,0.4431599229287093,0.4013840830449824,0.5227272727272725,0.7911764705882356,0.36148648648648685,0.59375,0.4375,0.3315217391304348,0.6666666666666288,No Tournament,False,False,False,False,False,False,False,False,False,False,False,False,False,False,False,False,True,False,False,False,False,False,False,False,False,False,False,False,False,False,False,False
0.375,0.3880597014925373,0.40159574468085113,0.42403314917127055,0.46486600548638946,0.5375000000000001,0.4513888888888893,0.4522613065326633,0.4768518518518521,0.19907407407407418,0.3366564417177915,0.35838150289017334,0.28719723183391,0.4431818181818179,0.5617647058823532,0.6722972972972974,0.31249999999999956,0.7430555555555562,0.38858695652173914,0.6666666666666288,No Tournament,False,False,False,False,False,False,False,False,False,False,False,False,False,False,False,False,True,False,False,False,False,False,False,False,False,False,False,False,False,False,False,False
0.625,0.6567164179104478,0.7553191489361706,0.6256906077348061,0.6311458113526061,0.8062499999999999,0.4236111111111116,0.31155778894472363,0.04166666666666674,0.4490740740740742,0.4225460122699387,0.597302504816956,0.15916955017301027,0.6136363636363633,0.43235294117647083,0.9020270270270272,0.46874999999999956,0.520833333333333,0.5625,0.6666666666666288,No Tournament,False,False,False,False,False,False,False,False,False,False,False,False,False,False,False,False,True,False,False,False,False,False,False,False,False,False,False,False,False,False,False,False
0.375,0.4776119402985075,0.5452127659574466,0.6174033149171265,0.42424562143912214,0.4312499999999999,0.7500000000000009,0.21105527638190957,0.625,0.5370370370370372,0.38573619631901845,0.4816955684007709,0.4117647058823528,0.4204545454545454,0.6676470588235297,0.4898648648648649,0.7187500000000004,0.47916666666666696,0.4266304347826087,0.6666666666666288,No Tournament,False,False,False,False,False,False,False,False,False,False,False,False,False,False,False,False,True,False,False,False,False,False,False,False,False,False,False,False,False,False,False,False
0.375,0.5074626865671642,0.36702127659574435,0.6975138121546958,0.1894914538932264,0.4437500000000001,0.36111111111111205,0.6834170854271358,0.4305555555555558,0.6851851851851851,0.5881901840490797,0.7552986512524089,0.5674740484429064,0.5909090909090908,0.3794117647058828,0.2668918918918921,0.40625,1.0,0.375,0.6666666666666288,No Tournament,False,False,False,False,False,False,False,False,False,False,False,False,False,False,False,False,False,True,False,False,False,False,False,False,False,False,False,False,False,False,False,False
0.5416666666666665,0.11940298507462685,0.03723404255319096,0.6643646408839774,0.033656889639164383,0.05624999999999991,0.40277777777777857,0.7035175879396987,0.45833333333333326,0.19444444444444464,0.6740797546012267,0.21194605009633927,0.546712802768166,0.022727272727272485,0.4205882352941175,0.21959459459459474,0.4140625,0.4652777777777777,0.11684782608695654,0.6666666666666288,No Tournament,False,False,False,False,False,False,False,False,False,False,False,False,False,False,False,False,False,True,False,False,False,False,False,False,False,False,False,False,False,False,False,False
0.375,0.08955223880597014,0.14627659574468055,0.9267955801104963,0.013188436378982909,0.3062499999999999,0.8680555555555558,0.9346733668341709,0.48611111111111116,0.5185185185185186,0.7845092024539877,0.2658959537572254,0.4809688581314877,0.3125,0.7441176470588236,0.4020270270270272,0.8203125000000004,0.29166666666666696,0.029891304347826053,0.6666666666666288,No Tournament,False,False,False,False,False,False,False,False,False,False,False,False,False,False,False,False,False,True,False,False,False,False,False,False,False,False,False,False,False,False,False,False
0.625,0.23880597014925373,0.25,0.8853591160220988,0.048216923401561515,0.30000000000000027,0.7083333333333339,0.6030150753768844,0.5324074074074074,0.43518518518518534,0.9562883435582821,0.40462427745664753,0.4982698961937715,0.2386363636363633,0.7794117647058822,0.5304054054054057,0.49999999999999956,0.44444444444444464,0.1657608695652173,0.6666666666666288,No Tournament,False,False,False,False,False,False,False,False,False,False,False,False,False,False,False,False,False,True,False,False,False,False,False,False,False,False,False,False,False,False,False,False
0.5416666666666665,0.5373134328358209,0.4069148936170208,0.6063535911602207,0.2923612576492931,0.3999999999999999,0.3819444444444451,0.34170854271356776,0.3657407407407407,0.4907407407407409,0.5391104294478528,0.4701348747591523,0.4809688581314877,0.4829545454545454,0.4147058823529415,0.32094594594594605,0.38281249999999956,0.75,0.3831521739130435,0.6666666666666288,No Tournament,False,False,False,False,False,False,False,False,False,False,False,False,False,False,False,False,False,True,False,False,False,False,False,False,False,False,False,False,False,False,False,False
0.45833333333333304,0.26865671641791045,0.36170212765957466,0.9323204419889497,0.07491031863262292,0.3999999999999999,0.6944444444444446,0.4522613065326633,0.5416666666666667,0.5,0.8581288343558278,0.49710982658959546,0.570934256055363,0.34659090909090917,0.7382352941176475,0.5168918918918917,0.5390624999999996,0.6527777777777786,0.17934782608695643,0.6666666666666288,No Tournament,False,False,False,False,False,False,False,False,False,False,False,False,False,False,False,False,False,True,False,False,False,False,False,False,False,False,False,False,False,False,False,False
0.375,0.1791044776119403,0.14095744680850997,0.8798342541436459,0.01941337834986284,0.04375000000000018,0.7847222222222228,0.5929648241206029,0.28240740740740744,0.4675925925925928,0.8458588957055215,0.3121387283236994,0.3460207612456747,0.21022727272727204,0.7735294117647058,0.016891891891892108,0.65625,0.30555555555555536,0.16032608695652173,0.6666666666666288,No Tournament,False,False,False,False,False,False,False,False,False,False,False,False,False,False,False,False,False,True,False,False,False,False,False,False,False,False,False,False,False,False,False,False
0.375,0.35820895522388063,0.28191489361702127,0.7058011049723754,0.12671449672926777,0.20000000000000018,0.5902777777777781,0.522613065326633,0.6990740740740742,0.712962962962963,0.6004601226993864,0.6820809248554915,0.6885813148788926,0.2386363636363633,0.6323529411764706,0.32094594594594605,0.484375,0.5555555555555554,0.2554347826086956,0.6666666666666288,No Tournament,False,False,False,False,False,False,False,False,False,False,False,False,False,False,False,False,False,True,False,False,False,False,False,False,False,False,False,False,False,False,False,False
0.375,0.3880597014925373,0.26063829787233983,0.6256906077348061,0.15467398185271153,0.4375,0.4583333333333339,0.7638190954773869,0.6712962962962963,0.6250000000000002,0.5452453987730062,0.37379576107899815,0.7370242214532869,0.3125,0.361764705882353,0.6587837837837838,0.5703125000000004,0.5555555555555554,0.3315217391304348,0.6666666666666288,No Tournament,False,False,False,False,False,False,False,False,False,False,False,False,False,False,False,False,False,True,False,False,False,False,False,False,False,False,False,False,False,False,False,False
0.625,0.5671641791044776,0.31914893617021267,0.7251381215469608,0.13916438067102763,0.5500000000000003,0.5625000000000004,0.6030150753768844,0.46759259259259256,0.4490740740740742,0.47162576687116586,0.6127167630057806,0.3356401384083043,0.7784090909090904,0.6676470588235297,0.20608108108108114,0.3671875,0.5625,0.4048913043478261,0.6666666666666288,No Tournament,False,False,False,False,False,False,False,False,False,False,False,False,False,False,False,False,False,True,False,False,False,False,False,False,False,False,False,False,False,False,False,False
0.375,0.41791044776119407,0.396276595744681,0.7914364640883971,0.15224730955897867,0.3562500000000002,0.9166666666666674,0.32160804020100486,0.7361111111111109,0.39814814814814836,0.9133435582822083,0.2967244701348748,0.31141868512110715,0.6193181818181817,0.9911764705882353,0.19932432432432456,0.6093750000000004,1.0,0.4239130434782609,0.6666666666666288,No Tournament,False,False,False,False,False,False,False,False,False,False,False,False,False,False,False,False,False,True,False,False,False,False,False,False,False,False,False,False,False,False,False,False
0.375,0.26865671641791045,0.30053191489361675,0.9267955801104963,0.054125342899345855,0.26875000000000027,0.9097222222222228,0.5025125628140703,0.5509259259259258,0.5231481481481481,0.7292944785276072,0.5510597302504818,0.408304498269896,0.28977272727272707,0.9794117647058824,0.3682432432432434,0.6171875,0.6875000000000009,0.21467391304347822,0.6666666666666288,No Tournament,False,False,False,False,False,False,False,False,False,False,False,False,False,False,False,False,False,True,False,False,False,False,False,False,False,False,False,False,False,False,False,False
0.5416666666666665,0.5671641791044776,0.5079787234042552,0.38812154696132595,0.6213336146866428,0.40625,0.29861111111111205,0.6532663316582916,0.6805555555555556,0.6111111111111112,0.4961656441717792,0.624277456647399,0.4775086505190309,0.34090909090909083,0.29705882352941204,0.5641891891891895,0.38281249999999956,0.3472222222222223,0.532608695652174,0.6666666666666288,No Tournament,False,False,False,False,False,False,False,False,False,False,False,False,False,False,False,False,False,False,True,False,False,False,False,False,False,False,False,False,False,False,False,False
0.625,0.4776119402985075,0.5531914893617018,0.5013812154696131,0.5518041780966448,0.5,0.5694444444444451,0.3718592964824119,0.3657407407407407,0.25462962962963,0.42868098159509205,0.4123314065510597,0.09342560553633217,0.4431818181818179,0.6558823529411764,0.5641891891891895,0.40625,0.5069444444444446,0.46467391304347827,0.6666666666666288,No Tournament,False,False,False,False,False,False,False,False,False,False,False,False,False,False,False,False,False,False,True,False,False,False,False,False,False,False,False,False,False,False,False,False
0.375,0.4776119402985075,0.3404255319148932,0.26933701657458586,0.5705845115003165,0.39375000000000027,0.44444444444444464,0.743718592964824,0.7361111111111109,0.2685185185185186,0.3182515337423315,0.5009633911368017,0.38408304498269885,0.22159090909090873,0.43235294117647083,0.8479729729729728,0.46874999999999956,0.3263888888888893,0.4755434782608696,0.6666666666666288,No Tournament,False,False,False,False,False,False,False,False,False,False,False,False,False,False,False,False,False,False,True,False,False,False,False,False,False,False,False,False,False,False,False,False
0.5416666666666665,0.5074626865671642,0.521276595744681,0.4654696132596685,0.5561299852289512,0.4624999999999999,0.3888888888888897,0.5427135678391959,0.4768518518518521,0.3657407407407409,0.6495398773006134,0.4701348747591523,0.570934256055363,0.49999999999999956,0.5382352941176469,0.4290540540540544,0.22656249999999956,0.5625,0.5244565217391305,0.6666666666666288,No Tournament,False,False,False,False,False,False,False,False,False,False,False,False,False,False,False,False,False,False,True,False,False,False,False,False,False,False,False,False,False,False,False,False
0.2916666666666665,0.35820895522388063,0.4893617021276597,0.4350828729281768,0.5528592530069635,0.4437500000000001,0.5555555555555558,0.6633165829145728,0.6342592592592593,0.4398148148148151,0.16487730061349737,0.4816955684007709,0.7024221453287196,0.3352272727272725,0.5264705882352945,0.5844594594594597,0.5703125000000004,0.6319444444444446,0.4048913043478261,0.6666666666666288,No Tournament,False,False,False,False,False,False,False,False,False,False,False,False,False,False,False,False,False,False,True,False,False,False,False,False,False,False,False,False,False,False,False,False
0.5416666666666665,0.5074626865671642,0.625,0.49585635359115976,0.6335724836463389,0.4375,0.28472222222222276,0.3919597989949748,0.1712962962962965,0.6944444444444446,0.29984662576687127,0.21965317919075145,0.2975778546712802,0.49999999999999956,0.28529411764705914,0.3817567567567566,0.39843749999999956,0.3263888888888893,0.4673913043478261,0.6666666666666288,No Tournament,False,False,False,False,False,False,False,False,False,False,False,False,False,False,False,False,False,False,True,False,False,False,False,False,False,False,False,False,False,False,False,False
0.375,0.44776119402985076,0.5,0.32182320441988965,0.6822114370120279,0.3812500000000001,0.44444444444444464,0.40201005025125625,0.375,0.2962962962962965,0.07285276073619662,0.37379576107899815,0.13148788927335642,0.3806818181818179,0.30882352941176494,0.42229729729729737,0.671875,0.11805555555555536,0.49184782608695654,0.6666666666666288,No Tournament,False,False,False,False,False,False,False,False,False,False,False,False,False,False,False,False,False,False,True,False,False,False,False,False,False,False,False,False,False,False,False,False
0.5416666666666665,0.5671641791044776,0.521276595744681,0.47375690607734766,0.5465288035450516,0.6125000000000003,0.49305555555555625,0.522613065326633,0.6435185185185184,0.36111111111111116,0.4961656441717792,0.4161849710982659,0.4256055363321798,0.6193181818181817,0.5735294117647061,0.570945945945946,0.38281249999999956,0.4097222222222223,0.5407608695652174,0.6666666666666288,No Tournament,False,False,False,False,False,False,False,False,False,False,False,False,False,False,False,False,False,False,True,False,False,False,False,False,False,False,False,False,False,False,False,False
0.375,0.41791044776119407,0.44414893617021267,0.43784530386740306,0.501582612365478,0.5249999999999999,0.3541666666666674,0.7738693467336681,0.6064814814814814,0.39814814814814836,0.4348159509202454,0.5818882466281312,0.7716262975778545,0.5625,0.4382352941176473,0.46283783783783816,0.296875,0.6180555555555562,0.4211956521739131,0.6666666666666288,No Tournament,False,False,False,False,False,False,False,False,False,False,False,False,False,False,False,False,False,False,True,False,False,False,False,False,False,False,False,False,False,False,False,False
0.2916666666666665,0.3283582089552239,0.3989361702127656,0.534530386740331,0.3513399451361046,0.3250000000000002,0.7986111111111116,0.5326633165829147,0.7083333333333335,0.4305555555555556,0.48389570552147254,0.40077071290944133,0.3979238754325256,0.3522727272727266,0.5970588235294119,0.3547297297297298,0.8828125000000009,0.3402777777777777,0.3641304347826087,0.6666666666666288,No Tournament,False,False,False,False,False,False,False,False,False,False,False,False,False,False,False,False,False,False,False,True,False,False,False,False,False,False,False,False,False,False,False,False
0.45833333333333304,0.6567164179104478,0.6489361702127661,0.2941988950276242,0.8251740873602025,0.7124999999999999,0.37500000000000044,0.5427135678391959,0.3194444444444444,0.5185185185185186,0.0,0.36223506743737977,0.2664359861591694,0.6477272727272725,0.42647058823529393,0.6925675675675675,0.35937499999999956,0.5625,0.6739130434782609,0.6666666666666288,No Tournament,False,False,False,False,False,False,False,False,False,False,False,False,False,False,False,False,False,False,False,True,False,False,False,False,False,False,False,False,False,False,False,False
0.45833333333333304,0.2985074626865672,0.457446808510638,0.5897790055248615,0.357986917071112,0.3187500000000001,0.7152777777777786,0.5326633165829147,0.412037037037037,0.5787037037037039,0.44095092024539895,0.4701348747591523,0.4878892733564011,0.32954545454545414,0.7382352941176475,0.3885135135135136,0.578125,0.625,0.36141304347826086,0.6666666666666288,No Tournament,False,False,False,False,False,False,False,False,False,False,False,False,False,False,False,False,False,False,False,True,False,False,False,False,False,False,False,False,False,False,False,False
0.375,0.5970149253731344,0.6303191489361701,0.34116022099447507,0.7770626714496729,0.7562500000000001,0.43055555555555625,0.3919597989949748,0.5416666666666667,0.3935185185185188,0.22622699386503098,0.647398843930636,0.5951557093425603,0.6875,0.3264705882352943,0.7939189189189189,0.65625,0.39583333333333304,0.5815217391304348,0.6666666666666288,No Tournament,False,False,False,False,False,False,False,False,False,False,False,False,False,False,False,False,False,False,False,True,False,False,False,False,False,False,False,False,False,False,False,False
0.625,0.5373134328358209,0.7553191489361706,0.5649171270718227,0.6870647815994935,0.6937500000000001,0.791666666666667,0.33165829145728654,0.8379629629629628,0.3703703703703707,0.6188650306748467,0.5009633911368017,0.6262975778546711,0.6136363636363633,0.7382352941176475,0.6655405405405408,0.7578125000000004,0.7083333333333339,0.5190217391304348,0.6666666666666288,No Tournament,False,False,False,False,False,False,False,False,False,False,False,False,False,False,False,False,False,False,False,True,False,False,False,False,False,False,False,False,False,False,False,False
0.2916666666666665,0.08955223880597014,0.28457446808510634,0.5870165745856353,0.1966659632833931,0.3875000000000002,0.6805555555555562,0.9999999999999998,0.18055555555555558,0.4490740740740742,0.23849693251533766,0.4855491329479771,0.31141868512110715,0.3181818181818179,0.7147058823529413,0.6047297297297298,0.546875,0.4375,0.18206521739130432,0.6666666666666288,No Tournament,False,False,False,False,False,False,False,False,False,False,False,False,False,False,False,False,False,False,False,True,False,False,False,False,False,False,False,False,False,False,False,False
0.625,0.5671641791044776,0.6808510638297873,0.5096685082872923,0.6721882253640008,0.6937500000000001,0.36805555555555625,0.562814070351759,0.23611111111111116,0.7592592592592593,0.5513803680981595,0.8400770712909444,0.15224913494809678,0.8068181818181817,0.3264705882352943,0.41554054054054035,0.53125,0.8194444444444446,0.5543478260869565,0.6666666666666288,No Tournament,False,False,False,False,False,False,False,False,False,False,False,False,False,False,False,False,False,False,False,True,False,False,False,False,False,False,False,False,False,False,False,False
0.625,0.4776119402985075,0.5664893617021276,0.5013812154696131,0.5660476893859464,0.6750000000000003,0.5902777777777781,0.5326633165829147,0.4305555555555558,0.337962962962963,0.3366564417177915,0.4470134874759155,0.3979238754325256,0.6761363636363633,0.5617647058823532,0.5912162162162162,0.59375,0.41666666666666696,0.4673913043478261,0.6666666666666288,No Tournament,False,False,False,False,False,False,False,False,False,False,False,False,False,False,False,False,False,False,False,True,False,False,False,False,False,False,False,False,False,False,False,False
0.5416666666666665,0.5671641791044776,0.5265957446808507,0.4295580110497239,0.5990715340789197,0.6062500000000002,0.5277777777777781,0.4120603015075379,0.5694444444444446,0.0648148148148151,0.2937116564417179,0.7552986512524089,0.5536332179930792,0.6875,0.4382352941176473,0.46959459459459474,0.671875,0.8680555555555562,0.5815217391304348,0.6666666666666288,No Tournament,False,False,False,False,False,False,False,False,False,False,False,False,False,False,False,False,False,False,False,True,False,False,False,False,False,False,False,False,False,False,False,False
0.45833333333333304,0.059701492537313425,0.35904255319148914,0.9433701657458555,0.07069001899134839,0.34375,0.9861111111111116,0.47236180904522596,0.45833333333333326,0.3750000000000002,0.809049079754601,0.23892100192678223,0.38754325259515565,0.2784090909090904,0.8382352941176472,0.4831081081081079,0.9453125000000004,0.645833333333333,0.059782608695652106,0.6666666666666288,No Tournament,False,False,False,False,False,False,False,False,False,False,False,False,False,False,False,False,False,False,False,False,True,False,False,False,False,False,False,False,False,False,False,False
0.5416666666666665,0.3880597014925373,0.3244680851063828,0.6698895027624308,0.175142435112893,0.5375000000000001,0.5416666666666674,0.8341708542713568,0.337962962962963,0.6018518518518521,0.4532208588957056,0.4238921001926783,0.28719723183391,0.6363636363636358,0.4558823529411766,0.3817567567567566,0.625,0.27083333333333304,0.30978260869565216,0.6666666666666288,No Tournament,False,False,False,False,False,False,False,False,False,False,False,False,False,False,False,False,False,False,False,False,True,False,False,False,False,False,False,False,False,False,False,False
0.2916666666666665,0.35820895522388063,0.4494680851063828,0.7472375690607729,0.21818949145389321,0.4624999999999999,0.5694444444444451,0.57286432160804,0.587962962962963,0.5648148148148149,0.8642638036809815,0.35452793834296736,0.4878892733564011,0.4943181818181812,0.5264705882352945,0.4493243243243241,0.59375,0.6736111111111116,0.328804347826087,0.6666666666666288,No Tournament,False,False,False,False,False,False,False,False,False,False,False,False,False,False,False,False,False,False,False,False,True,False,False,False,False,False,False,False,False,False,False,False
0.375,0.5074626865671642,0.478723404255319,0.6588397790055245,0.3161004431314623,0.7312500000000002,0.5763888888888897,0.27135678391959783,0.6712962962962963,0.11111111111111138,0.8888036809815949,0.2890173410404626,0.19031141868512103,0.6647727272727271,0.6147058823529412,0.679054054054054,0.484375,0.2777777777777777,0.4103260869565218,0.6666666666666288,No Tournament,False,False,False,False,False,False,False,False,False,False,False,False,False,False,False,False,False,False,False,False,True,False,False,False,False,False,False,False,False,False,False,False
0.625,0.44776119402985076,0.22340425531914887,0.45441988950276224,0.2458324541042414,0.3125,0.49305555555555625,0.743718592964824,0.8657407407407409,0.6064814814814816,0.6311349693251533,0.48940269749518306,0.4982698961937715,0.3011363636363633,0.585294117647059,0.4020270270270272,0.34374999999999956,0.5972222222222223,0.3641304347826087,0.6666666666666288,No Tournament,False,False,False,False,False,False,False,False,False,False,False,False,False,False,False,False,False,False,False,False,True,False,False,False,False,False,False,False,False,False,False,False
0.375,0.26865671641791045,0.28723404255319096,0.6284530386740328,0.17324330027431947,0.3812500000000001,0.5208333333333339,0.8040201005025127,0.15277777777777768,0.6666666666666667,0.10352760736196354,0.323699421965318,0.38754325259515565,0.5511363636363633,0.5735294117647061,0.17905405405405395,0.42968749999999956,0.5277777777777777,0.22554347826086962,0.6666666666666288,No Tournament,False,False,False,False,False,False,False,False,False,False,False,False,False,False,False,False,False,False,False,False,True,False,False,False,False,False,False,False,False,False,False,False
0.2916666666666665,0.35820895522388063,0.3404255319148932,0.700276243093922,0.16722937328550325,0.39375000000000027,0.6805555555555562,0.4221105527638189,0.7361111111111109,0.3750000000000002,0.6740797546012267,0.33911368015414256,0.8062283737024218,0.32954545454545414,0.7617647058823533,0.49662162162162193,0.4453125,0.5763888888888893,0.28804347826086957,0.6666666666666288,No Tournament,False,False,False,False,False,False,False,False,False,False,False,False,False,False,False,False,False,False,False,False,True,False,False,False,False,False,False,False,False,False,False,False
0.2916666666666665,0.5074626865671642,0.5132978723404253,0.6781767955801103,0.33319265667862413,0.6499999999999999,0.7083333333333339,0.3015075376884422,0.5231481481481484,0.3518518518518521,0.625,0.4585741811175339,0.05536332179930781,0.6022727272727271,0.7441176470588236,0.6587837837837838,0.5546875,0.5347222222222223,0.4755434782608696,0.6666666666666288,No Tournament,False,False,False,False,False,False,False,False,False,False,False,False,False,False,False,False,False,False,False,False,True,False,False,False,False,False,False,False,False,False,False,False
0.45833333333333304,0.6567164179104478,0.4521276595744679,0.5234806629834252,0.4188647393964971,0.4624999999999999,0.3888888888888897,0.6231155778894473,0.6898148148148147,0.8194444444444444,0.47162576687116586,0.4855491329479771,0.86159169550173,0.3636363636363633,0.2735294117647058,0.5912162162162162,0.6093750000000004,0.4722222222222223,0.5407608695652174,0.6666666666666288,No Tournament,False,False,False,False,False,False,False,False,False,False,False,False,False,False,False,False,False,False,False,False,True,False,False,False,False,False,False,False,False,False,False,False
0.5416666666666665,0.5373134328358209,0.5292553191489362,0.5511049723756902,0.471407469930365,0.46875,0.7361111111111116,0.6331658291457287,0.8472222222222223,0.7685185185185186,0.49003067484662566,0.5510597302504818,0.6262975778546711,0.47727272727272707,0.697058823529412,0.5101351351351351,0.6796875000000004,0.5694444444444446,0.48097826086956524,0.6666666666666288,No Tournament,False,False,False,False,False,False,False,False,False,False,False,False,False,False,False,False,False,False,False,False,False,True,False,False,False,False,False,False,False,False,False,False
0.625,0.6865671641791045,0.7313829787234045,0.4903314917127073,0.7333825701624815,1.0,0.3819444444444451,0.46231155778894495,0.3657407407407407,0.32870370370370394,0.2937116564417179,0.24277456647398843,0.17301038062283736,1.0,0.40882352941176503,0.6993243243243246,0.39843749999999956,0.4375,0.6114130434782609,0.6666666666666288,No Tournament,False,False,False,False,False,False,False,False,False,False,False,False,False,False,False,False,False,False,False,False,False,True,False,False,False,False,False,False,False,False,False,False
0.2916666666666665,0.3283582089552239,0.38829787234042534,0.5649171270718227,0.3086094112682,0.33125000000000027,0.5972222222222228,0.693467336683417,0.587962962962963,0.5462962962962963,0.5513803680981595,0.40847784200385373,0.4013840830449824,0.22727272727272707,0.43235294117647083,0.5439189189189189,0.7890625000000004,0.33333333333333304,0.32608695652173914,0.6666666666666288,No Tournament,False,False,False,False,False,False,False,False,False,False,False,False,False,False,False,False,False,False,False,False,False,True,False,False,False,False,False,False,False,False,False,False
0.2916666666666665,0.2985074626865672,0.43351063829787195,0.7334254143646404,0.21618484912428781,0.4624999999999999,0.8263888888888893,0.562814070351759,0.5694444444444446,0.41666666666666696,0.6740797546012267,0.4547206165703277,0.45674740484429055,0.43181818181818166,0.6911764705882355,0.5304054054054057,0.8906250000000004,0.5138888888888893,0.296195652173913,0.6666666666666288,No Tournament,False,False,False,False,False,False,False,False,False,False,False,False,False,False,False,False,False,False,False,False,False,True,False,False,False,False,False,False,False,False,False,False
0.7916666666666665,0.6567164179104478,0.4228723404255317,0.3936464088397793,0.522367588098755,0.48750000000000027,0.34722222222222276,0.57286432160804,0.587962962962963,0.7083333333333333,0.32438650306748484,0.33911368015414256,0.36678200692041507,0.607954545454545,0.361764705882353,0.30743243243243246,0.38281249999999956,0.3611111111111116,0.5027173913043479,0.6666666666666288,No Tournament,False,False,False,False,False,False,False,False,False,False,False,False,False,False,False,False,False,False,False,False,False,True,False,False,False,False,False,False,False,False,False,False
0.125,0.208955223880597,0.35106382978723394,0.6505524861878449,0.20858830976999365,0.36250000000000027,0.8194444444444451,0.864321608040201,0.6435185185185184,0.5972222222222223,0.5513803680981595,0.5818882466281312,0.6608996539792384,0.44886363636363624,0.8735294117647059,0.30743243243243246,0.59375,0.5486111111111116,0.2853260869565218,0.6666666666666288,No Tournament,False,False,False,False,False,False,False,False,False,False,False,False,False,False,False,False,False,False,False,False,False,True,False,False,False,False,False,False,False,False,False,False
0.375,0.23880597014925373,0.3723404255319145,0.7085635359116016,0.1860097066891749,0.3374999999999999,0.7430555555555562,0.5929648241206029,0.4212962962962963,0.5185185185185186,0.5207055214723926,0.4393063583815029,0.8339100346020758,0.375,0.7264705882352942,0.3479729729729728,0.65625,0.5902777777777777,0.26902173913043476,0.6666666666666288,No Tournament,False,False,False,False,False,False,False,False,False,False,False,False,False,False,False,False,False,False,False,False,False,True,False,False,False,False,False,False,False,False,False,False
0.2916666666666665,0.3880597014925373,0.5957446808510638,0.8273480662983417,0.28244355349229794,0.7437499999999999,0.8194444444444451,0.46231155778894495,0.3935185185185184,0.3750000000000002,0.5145705521472392,0.620423892100193,0.43944636678200677,0.5738636363636362,0.7617647058823533,0.814189189189189,0.7421875,0.5694444444444446,0.35054347826086957,0.6666666666666288,No Tournament,False,False,False,False,False,False,False,False,False,False,False,False,False,False,False,False,False,False,False,False,False,True,False,False,False,False,False,False,False,False,False,False
0.2916666666666665,0.26865671641791045,0.2526595744680846,0.5511049723756902,0.1986706056129985,0.4624999999999999,0.5069444444444451,0.8140703517587939,0.5601851851851851,0.4814814814814816,0.6802147239263803,0.09633911368015413,0.4256055363321798,0.5738636363636362,0.4558823529411766,0.33445945945945965,0.5234375,0.375,0.25271739130434784,0.6666666666666288,No Tournament,False,False,False,False,False,False,False,False,False,False,False,False,False,False,False,False,False,False,False,False,False,True,False,False,False,False,False,False,False,False,False,False
0.20833333333333304,0.41791044776119407,0.3058510638297869,0.42403314917127055,0.3594640219455581,0.4312499999999999,0.6458333333333339,0.8442211055276381,0.9583333333333335,0.3425925925925928,0.41641104294478537,0.624277456647399,0.4705882352941173,0.4261363636363633,0.5970588235294119,0.4493243243243241,0.6015625,0.3263888888888893,0.4266304347826087,0.6666666666666288,No Tournament,False,False,False,False,False,False,False,False,False,False,False,False,False,False,False,False,False,False,False,False,False,True,False,False,False,False,False,False,False,False,False,False
0.45833333333333304,0.5373134328358209,0.3351063829787235,0.46823204419889475,0.3473306604768938,0.4125000000000001,0.5277777777777781,0.6331658291457287,0.6805555555555556,0.4675925925925928,0.5636503067484664,0.620423892100193,0.5121107266435985,0.39204545454545414,0.6147058823529412,0.4898648648648649,0.39062499999999956,0.6944444444444446,0.47010869565217395,0.6666666666666288,No Tournament,False,False,False,False,False,False,False,False,False,False,False,False,False,False,False,False,False,False,False,False,False,True,False,False,False,False,False,False,False,False,False,False
0.45833333333333304,0.208955223880597,0.3271276595744679,0.48480662983425393,0.320215235281705,0.1312500000000001,0.7708333333333339,0.7336683417085428,0.625,0.7731481481481481,0.5943251533742331,0.6358381502890176,0.5743944636678198,0.2556818181818179,0.6147058823529412,0.09121621621621645,0.8593750000000004,0.5486111111111116,0.3233695652173913,0.6666666666666288,No Tournament,False,False,False,False,False,False,False,False,False,False,False,False,False,False,False,False,False,False,False,False,False,False,True,False,False,False,False,False,False,False,False,False
0.5416666666666665,0.4776119402985075,0.5319148936170213,0.3687845303867401,0.6670183583034396,0.5125000000000002,0.40972222222222276,0.6532663316582916,0.19907407407407418,0.5185185185185186,0.3305214723926382,0.4508670520231215,0.422145328719723,0.4659090909090904,0.32058823529411784,0.5777027027027026,0.5703125000000004,0.5,0.5625,0.6666666666666288,No Tournament,False,False,False,False,False,False,False,False,False,False,False,False,False,False,False,False,False,False,False,False,False,False,True,False,False,False,False,False,False,False,False,False
0.875,0.6567164179104478,0.670212765957447,0.39640883977900554,0.7633466976155306,0.6812499999999999,0.47916666666666696,0.3618090452261309,0.5601851851851851,0.5972222222222223,0.3611963190184051,0.3892100192678227,0.5017301038062281,0.7102272727272725,0.42647058823529393,0.570945945945946,0.5625,0.45833333333333304,0.6222826086956522,0.6666666666666288,No Tournament,False,False,False,False,False,False,False,False,False,False,False,False,False,False,False,False,False,False,False,False,False,False,True,False,False,False,False,False,False,False,False,False
0.5416666666666665,0.44776119402985076,0.6010638297872344,0.4212707182320443,0.6802067946824224,0.6062500000000002,0.43055555555555625,0.5929648241206029,0.5231481481481484,0.6342592592592593,0.477760736196319,0.6589595375722546,0.5674740484429064,0.7215909090909087,0.40882352941176503,0.3817567567567566,0.49999999999999956,0.33333333333333304,0.48641304347826086,0.6666666666666288,No Tournament,False,False,False,False,False,False,False,False,False,False,False,False,False,False,False,False,False,False,False,False,False,False,True,False,False,False,False,False,False,False,False,False
0.7916666666666665,0.5373134328358209,0.6063829787234041,0.3549723756906076,0.7464654990504326,0.59375,0.4375000000000009,0.7135678391959799,0.27314814814814814,0.6805555555555556,0.3734662576687118,0.7707129094412335,0.25605536332179923,0.5511363636363633,0.3970588235294117,0.6520270270270272,0.5234375,0.6875000000000009,0.5679347826086957,0.6666666666666288,No Tournament,False,False,False,False,False,False,False,False,False,False,False,False,False,False,False,False,False,False,False,False,False,False,True,False,False,False,False,False,False,False,False,False
0.875,0.6865671641791045,0.7765957446808511,0.35773480662983426,0.8606246043469087,0.7124999999999999,0.5277777777777781,0.18090452261306544,0.5787037037037037,0.550925925925926,0.48389570552147254,0.3198458574181118,0.16608996539792387,0.6704545454545454,0.5088235294117647,0.6993243243243246,0.53125,0.4861111111111116,0.6739130434782609,0.6666666666666288,No Tournament,False,False,False,False,False,False,False,False,False,False,False,False,False,False,False,False,False,False,False,False,False,False,True,False,False,False,False,False,False,False,False,False
0.7916666666666665,0.6567164179104478,0.7074468085106385,0.33839779005524884,0.8324541042414011,0.7562500000000001,0.3402777777777781,0.40201005025125625,0.4212962962962963,0.2777777777777781,0.47162576687116586,0.49325626204238926,0.24221453287197225,0.7386363636363638,0.34411764705882364,0.6587837837837838,0.40625,0.3541666666666661,0.6440217391304348,0.6666666666666288,No Tournament,False,False,False,False,False,False,False,False,False,False,False,False,False,False,False,False,False,False,False,False,False,False,True,False,False,False,False,False,False,False,False,False
0.708333333333333,0.5970149253731344,0.5611702127659575,0.36325966850828717,0.6984595906309348,0.5812500000000003,0.5069444444444451,0.512562814070352,0.7546296296296298,0.5,0.7599693251533739,0.5818882466281312,0.43598615916954997,0.625,0.5735294117647061,0.49662162162162193,0.39062499999999956,0.6111111111111116,0.6168478260869565,0.6666666666666288,No Tournament,False,False,False,False,False,False,False,False,False,False,False,False,False,False,False,False,False,False,False,False,False,False,True,False,False,False,False,False,False,False,False,False
0.45833333333333304,0.3283582089552239,0.603723404255319,0.6588397790055245,0.44344798480692127,0.7312500000000002,0.7013888888888893,0.5929648241206029,0.3194444444444444,0.30092592592592626,0.6311349693251533,0.11946050096339111,0.23183391003460196,0.6306818181818183,0.7676470588235298,0.7060810810810811,0.5078125,0.5277777777777777,0.4157608695652174,0.6666666666666288,No Tournament,False,False,False,False,False,False,False,False,False,False,False,False,False,False,False,False,False,False,False,False,False,False,True,False,False,False,False,False,False,False,False,False
0.375,0.14925373134328357,0.311170212765957,0.7030386740331487,0.14591686009706686,0.5187500000000003,0.791666666666667,0.693467336683417,0.6898148148148147,0.26388888888888906,0.64340490797546,0.33911368015414256,0.6539792387543251,0.5738636363636362,0.7323529411764707,0.44256756756756754,0.7734375,0.3888888888888884,0.1684782608695652,0.6666666666666288,No Tournament,False,False,False,False,False,False,False,False,False,False,False,False,False,False,False,False,False,False,False,False,False,False,False,True,False,False,False,False,False,False,False,False
0.2916666666666665,0.35820895522388063,0.37765957446808507,0.6229281767955799,0.2502637687275796,0.6187499999999999,0.6250000000000004,0.5326633165829147,0.625,0.41666666666666696,0.41027607361963203,0.11175337186897871,0.5640138408304496,0.4659090909090904,0.585294117647059,0.7331081081081083,0.6093750000000004,0.6597222222222223,0.3179347826086957,0.6666666666666288,No Tournament,False,False,False,False,False,False,False,False,False,False,False,False,False,False,False,False,False,False,False,False,False,False,False,True,False,False,False,False,False,False,False,False
0.375,0.41791044776119407,0.3856382978723403,0.5925414364640877,0.2834986284026165,0.6499999999999999,0.6527777777777781,0.6633165829145728,0.6620370370370372,0.4722222222222223,0.5329754601226995,0.4315992292870905,0.2837370242214532,0.5965909090909092,0.6500000000000004,0.679054054054054,0.578125,0.4652777777777777,0.3695652173913044,0.6666666666666288,No Tournament,False,False,False,False,False,False,False,False,False,False,False,False,False,False,False,False,False,False,False,False,False,False,False,True,False,False,False,False,False,False,False,False
0.5416666666666665,0.5373134328358209,0.5239361702127661,0.6146408839779003,0.40282760075965385,0.5687500000000001,0.6805555555555562,0.29145728643216073,0.5972222222222221,0.34722222222222254,0.41027607361963203,0.2851637764932562,0.2629757785467126,0.47727272727272707,0.6264705882352941,0.6114864864864864,0.6484375000000004,0.3888888888888884,0.45108695652173914,0.6666666666666288,No Tournament,False,False,False,False,False,False,False,False,False,False,False,False,False,False,False,False,False,False,False,False,False,False,False,True,False,False,False,False,False,False,False,False
0.45833333333333304,0.3283582089552239,0.34308510638297873,0.5953038674033149,0.24298375184638107,0.6375000000000002,0.5277777777777781,0.562814070351759,0.6527777777777777,0.05555555555555591,0.6740797546012267,0.3121387283236994,0.422145328719723,0.8238636363636362,0.4852941176470589,0.36148648648648685,0.546875,0.1388888888888884,0.27717391304347827,0.6666666666666288,No Tournament,False,False,False,False,False,False,False,False,False,False,False,False,False,False,False,False,False,False,False,False,False,False,False,True,False,False,False,False,False,False,False,False
0.375,0.26865671641791045,0.4414893617021276,0.7334254143646404,0.22177674614897658,0.6812499999999999,0.5972222222222228,0.5829145728643217,0.16203703703703698,0.13425925925925952,0.38573619631901845,0.277456647398844,0.1453287197231833,0.6136363636363633,0.6500000000000004,0.685810810810811,0.46874999999999956,0.5138888888888893,0.22826086956521735,0.6666666666666288,No Tournament,False,False,False,False,False,False,False,False,False,False,False,False,False,False,False,False,False,False,False,False,False,False,False,True,False,False,False,False,False,False,False,False
0.2916666666666665,0.44776119402985076,0.542553191489362,0.700276243093922,0.34237180839839626,0.65625,0.6250000000000004,0.3919597989949748,0.28240740740740744,0.3333333333333335,0.3611963190184051,0.161849710982659,0.30795847750865035,0.40340909090909083,0.7029411764705884,0.9020270270270272,0.46093749999999956,0.6875000000000009,0.4211956521739131,0.6666666666666288,No Tournament,False,False,False,False,False,False,False,False,False,False,False,False,False,False,False,False,False,False,False,False,False,False,False,True,False,False,False,False,False,False,False,False
0.375,0.23880597014925373,0.2898936170212765,0.672651933701657,0.14813251740873604,0.3374999999999999,0.7638888888888893,0.5427135678391959,0.5324074074074074,0.5092592592592595,0.3366564417177915,0.4508670520231215,0.6435986159169547,0.4261363636363633,0.7558823529411764,0.2736486486486487,0.65625,0.5347222222222223,0.2119565217391305,0.6666666666666288,No Tournament,False,False,False,False,False,False,False,False,False,False,False,False,False,False,False,False,False,False,False,False,False,False,False,True,False,False,False,False,False,False,False,False
0.45833333333333304,0.5671641791044776,0.3404255319148932,0.47375690607734766,0.3465921080396708,0.4500000000000002,0.6805555555555562,0.7839195979899498,0.7731481481481481,0.6296296296296298,0.07898773006134996,0.5626204238921004,0.422145328719723,0.5454545454545454,0.6264705882352941,0.34121621621621623,0.65625,0.33333333333333304,0.46467391304347827,0.6666666666666288,No Tournament,False,False,False,False,False,False,False,False,False,False,False,False,False,False,False,False,False,False,False,False,False,False,False,True,False,False,False,False,False,False,False,False
0.45833333333333304,0.41791044776119407,0.4707446808510638,0.5704419889502761,0.3923823591474994,0.46875,0.5486111111111116,0.5427135678391959,0.3935185185185184,0.5277777777777779,0.2875766871165646,0.5857418111753372,0.5121107266435985,0.5284090909090904,0.44411764705882373,0.40878378378378377,0.7421875,0.6388888888888893,0.34782608695652173,0.6666666666666288,No Tournament,False,False,False,False,False,False,False,False,False,False,False,False,False,False,False,False,False,False,False,False,False,False,False,False,True,False,False,False,False,False,False,False
0.375,0.2985074626865672,0.5132978723404253,0.7748618784530383,0.25110782865583453,0.4375,0.8750000000000004,0.512562814070352,0.5416666666666667,0.5601851851851853,0.6372699386503067,0.4431599229287093,0.46712802768166073,0.48863636363636376,0.8323529411764707,0.4020270270270272,0.7656250000000004,0.6111111111111116,0.27173913043478265,0.6666666666666288,No Tournament,False,False,False,False,False,False,False,False,False,False,False,False,False,False,False,False,False,False,False,False,False,False,False,False,True,False,False,False,False,False,False,False
0.2916666666666665,0.3880597014925373,0.43085106382978733,0.5400552486187844,0.378033340367166,0.4125000000000001,0.43055555555555625,0.8542713567839197,0.46759259259259256,0.7453703703703705,0.45935582822085896,0.6628131021194605,0.6366782006920413,0.4431818181818179,0.36764705882352944,0.40878378378378377,0.5078125,0.47916666666666696,0.328804347826087,0.6666666666666288,No Tournament,False,False,False,False,False,False,False,False,False,False,False,False,False,False,False,False,False,False,False,False,False,False,False,False,True,False,False,False,False,False,False,False
0.45833333333333304,0.5970149253731344,0.5319148936170213,0.506906077348066,0.5232116480270099,0.42500000000000027,0.4375000000000009,0.2613065326633166,0.6805555555555556,0.5648148148148149,0.6740797546012267,0.6396917148362238,0.46366782006920415,0.4431818181818179,0.5441176470588234,0.4290540540540544,0.31249999999999956,0.5486111111111116,0.5081521739130435,0.6666666666666288,No Tournament,False,False,False,False,False,False,False,False,False,False,False,False,False,False,False,False,False,False,False,False,False,False,False,False,True,False,False,False,False,False,False,False
0.375,0.1791044776119403,0.228723404255319,0.534530386740331,0.18959696138425827,0.3125,0.5138888888888893,0.8241206030150752,0.6435185185185184,0.4722222222222223,0.6311349693251533,0.40462427745664753,0.6470588235294115,0.3806818181818179,0.4852941176470589,0.30743243243243246,0.5234375,0.29166666666666696,0.19565217391304346,0.6666666666666288,No Tournament,False,False,False,False,False,False,False,False,False,False,False,False,False,False,False,False,False,False,False,False,False,False,False,False,True,False,False,False,False,False,False,False
0.5416666666666665,0.7761194029850746,0.7287234042553195,0.4129834254143643,0.7921502426672293,0.6437500000000003,0.3958333333333339,0.48241206030150763,0.6157407407407409,0.824074074074074,0.42868098159509205,0.6319845857418114,0.4948096885813147,0.6704545454545454,0.43235294117647083,0.5506756756756754,0.40625,0.666666666666667,0.6711956521739131,0.6666666666666288,No Tournament,False,False,False,False,False,False,False,False,False,False,False,False,False,False,False,False,False,False,False,False,False,False,False,False,True,False,False,False,False,False,False,False
0.2916666666666665,0.44776119402985076,0.4069148936170208,0.5234806629834252,0.3675880987550116,0.46875,0.5555555555555558,0.4321608040201006,0.5231481481481484,0.32870370370370394,0.477760736196319,0.10404624277456642,0.30795847750865035,0.3636363636363633,0.5323529411764709,0.5641891891891895,0.5390624999999996,0.3541666666666661,0.4266304347826087,0.6666666666666288,No Tournament,False,False,False,False,False,False,False,False,False,False,False,False,False,False,False,False,False,False,False,False,False,False,False,False,True,False,False,False,False,False,False,False
0.375,0.3880597014925373,0.31914893617021267,0.4295580110497239,0.36737708377294787,0.375,0.2708333333333339,0.743718592964824,0.5046296296296295,0.3518518518518521,0.5329754601226995,0.620423892100193,0.5605536332179928,0.43749999999999956,0.3970588235294117,0.34121621621621623,0.1953124999999991,0.6527777777777786,0.34782608695652173,0.6666666666666288,No Tournament,False,False,False,False,False,False,False,False,False,False,False,False,False,False,False,False,False,False,False,False,False,False,False,False,True,False,False,False,False,False,False,False
0.45833333333333304,0.41791044776119407,0.396276595744681,0.5124309392265194,0.3691707111204895,0.3999999999999999,0.5763888888888897,0.743718592964824,0.5972222222222221,0.6388888888888888,0.41641104294478537,0.5664739884393064,0.2837370242214532,0.4431818181818179,0.7029411764705884,0.3952702702702706,0.35937499999999956,0.1388888888888884,0.3342391304347826,0.6666666666666288,No Tournament,False,False,False,False,False,False,False,False,False,False,False,False,False,False,False,False,False,False,False,False,False,False,False,False,True,False,False,False,False,False,False,False
0.45833333333333304,0.44776119402985076,0.5292553191489362,0.5593922651933703,0.46528803545051695,0.5625,0.4722222222222232,0.4522613065326633,0.337962962962963,0.40740740740740744,0.49003067484662566,0.4624277456647401,0.3391003460207611,0.6534090909090908,0.5029411764705887,0.43581081081081097,0.4375,0.5138888888888893,0.39945652173913043,0.6666666666666288,No Tournament,False,False,False,False,False,False,False,False,False,False,False,False,False,False,False,False,False,False,False,False,False,False,False,False,True,False,False,False,False,False,False,False
0.625,0.5970149253731344,0.5292553191489362,0.43784530386740306,0.5929520995990716,0.6312500000000001,0.40277777777777857,0.6633165829145728,0.587962962962963,0.587962962962963,0.41641104294478537,0.5086705202312138,0.44636678200692037,0.5909090909090908,0.3970588235294117,0.625,0.42968749999999956,0.8263888888888902,0.5163043478260869,0.6666666666666288,No Tournament,False,False,False,False,False,False,False,False,False,False,False,False,False,False,False,False,False,False,False,False,False,False,False,False,True,False,False,False,False,False,False,False
0.45833333333333304,0.26865671641791045,0.35904255319148914,0.714088397790055,0.17239924034606458,0.4812500000000002,0.8263888888888893,0.7135678391959799,0.5787037037037037,0.3935185185185188,0.4225460122699387,0.5009633911368017,0.2110726643598615,0.4545454545454546,0.861764705882353,0.5101351351351351,0.6093750000000004,0.3263888888888893,0.2092391304347826,0.6666666666666288,No Tournament,False,False,False,False,False,False,False,False,False,False,False,False,False,False,False,False,False,False,False,False,False,False,False,False,False,True,False,False,False,False,False,False
0.5416666666666665,0.7164179104477612,0.49734042553191493,0.32734806629834257,0.6737708377294788,0.7124999999999999,0.2569444444444451,0.6231155778894473,0.7083333333333335,0.5833333333333335,0.41641104294478537,0.4431599229287093,0.4013840830449824,0.8068181818181817,0.30882352941176494,0.5033783783783785,0.28124999999999956,0.47916666666666696,0.6005434782608696,0.6666666666666288,No Tournament,False,False,False,False,False,False,False,False,False,False,False,False,False,False,False,False,False,False,False,False,False,False,False,False,False,True,False,False,False,False,False,False
0.45833333333333304,0.6567164179104478,0.6196808510638299,0.41850828729281764,0.7010972779067314,0.78125,0.46527777777777857,0.3015075376884422,0.7083333333333335,0.4120370370370372,0.47162576687116586,0.25433526011560703,0.2802768166089964,0.9204545454545454,0.6029411764705883,0.5439189189189189,0.28124999999999956,0.5347222222222223,0.5760869565217391,0.6666666666666288,No Tournament,False,False,False,False,False,False,False,False,False,False,False,False,False,False,False,False,False,False,False,False,False,False,False,False,False,True,False,False,False,False,False,False
0.5416666666666665,0.5373134328358209,0.6994680851063828,0.6864640883977895,0.5160371386368433,0.7437499999999999,0.6736111111111116,0.5326633165829147,0.3287037037037037,0.6157407407407407,0.244631901840491,0.5433526011560696,0.408304498269896,0.6875,0.6676470588235297,0.7128378378378377,0.578125,0.2361111111111116,0.4619565217391305,0.6666666666666288,No Tournament,False,False,False,False,False,False,False,False,False,False,False,False,False,False,False,False,False,False,False,False,False,False,False,False,False,True,False,False,False,False,False,False
0.375,0.26865671641791045,0.5771276595744683,0.9323204419889497,0.19455581346275583,0.75,0.9930555555555558,0.562814070351759,0.5324074074074074,0.3055555555555558,0.8519938650306744,0.35452793834296736,0.23183391003460196,0.7215909090909087,1.0,0.6722972972972974,0.7500000000000004,0.6875000000000009,0.26902173913043476,0.6666666666666288,No Tournament,False,False,False,False,False,False,False,False,False,False,False,False,False,False,False,False,False,False,False,False,False,False,False,False,False,True,False,False,False,False,False,False
0.2916666666666665,0.2985074626865672,0.42553191489361675,0.8024861878453033,0.16701835830343956,0.4187500000000002,0.9305555555555558,0.522613065326633,0.6157407407407409,0.4305555555555556,0.7845092024539877,0.4277456647398845,0.2975778546712802,0.41477272727272707,0.9558823529411766,0.41554054054054035,0.6953125,1.0,0.27989130434782605,0.6666666666666288,No Tournament,False,False,False,False,False,False,False,False,False,False,False,False,False,False,False,False,False,False,False,False,False,False,False,False,False,True,False,False,False,False,False,False
0.20833333333333304,0.23880597014925373,0.11968085106382942,0.5814917127071819,0.0922135471618485,0.20625000000000027,0.6041666666666674,0.793969849246231,0.5416666666666667,0.337962962962963,0.5759202453987731,0.23506743737957603,0.4290657439446366,0.1761363636363633,0.6441176470588239,0.34121621621621623,0.484375,0.5625,0.2554347826086956,0.6666666666666288,No Tournament,False,False,False,False,False,False,False,False,False,False,False,False,False,False,False,False,False,False,False,False,False,False,False,False,False,True,False,False,False,False,False,False
0.375,0.3283582089552239,0.27127659574468055,0.6201657458563532,0.16585777590208903,0.2749999999999999,0.7638888888888893,0.8241206030150752,0.7453703703703705,0.5046296296296298,0.7231595092024539,0.3930635838150289,0.4948096885813147,0.26704545454545414,0.7735294117647058,0.3885135135135136,0.6171875,0.6111111111111116,0.36684782608695654,0.6666666666666288,No Tournament,False,False,False,False,False,False,False,False,False,False,False,False,False,False,False,False,False,False,False,False,False,False,False,False,False,True,False,False,False,False,False,False
0.45833333333333304,0.5970149253731344,0.6170212765957448,0.6118784530386736,0.5044313146233383,0.8000000000000003,0.6875000000000004,0.47236180904522596,0.5324074074074074,0.31944444444444464,0.37960122699386534,0.2658959537572254,0.422145328719723,0.5852272727272725,0.6617647058823528,0.875,0.625,0.3541666666666661,0.5244565217391305,0.6666666666666288,No Tournament,False,False,False,False,False,False,False,False,False,False,False,False,False,False,False,False,False,False,False,False,False,False,False,False,False,True,False,False,False,False,False,False
0.625,0.5074626865671642,0.603723404255319,0.2665745856353592,0.8167334880776534,0.3187500000000001,0.15277777777777857,0.57286432160804,0.1435185185185186,0.7731481481481481,0.49003067484662566,0.7129094412331409,0.204152249134948,0.3863636363636358,0.11470588235294121,0.30743243243243246,0.375,0.2499999999999991,0.6548913043478262,0.6666666666666288,No Tournament,False,False,False,False,False,False,False,False,False,False,False,False,False,False,False,False,False,False,False,False,False,False,False,False,False,False,True,False,False,False,False,False
0.625,0.5074626865671642,0.7819148936170217,0.4709944751381214,0.7865583456425406,0.7562500000000001,0.6458333333333339,0.31155778894472363,0.6157407407407409,0.5138888888888891,0.6556748466257669,0.4200385356454721,0.3771626297577855,0.8920454545454541,0.6735294117647062,0.49662162162162193,0.5390624999999996,0.520833333333333,0.6331521739130436,0.6666666666666288,No Tournament,False,False,False,False,False,False,False,False,False,False,False,False,False,False,False,False,False,False,False,False,False,False,False,False,False,False,True,False,False,False,False,False
0.5416666666666665,0.3283582089552239,0.6808510638297873,0.5041436464088398,0.6774635999155939,0.3687499999999999,0.5625000000000004,0.2412060301507537,0.4027777777777779,0.6111111111111112,0.6004601226993864,0.4701348747591523,0.5224913494809686,0.4602272727272725,0.40882352941176503,0.31418918918918903,0.734375,0.625,0.4945652173913044,0.6666666666666288,No Tournament,False,False,False,False,False,False,False,False,False,False,False,False,False,False,False,False,False,False,False,False,False,False,False,False,False,False,True,False,False,False,False,False
0.875,0.7164179104477612,0.7021276595744683,0.3024861878453038,0.8521840050643595,0.6125000000000003,0.3402777777777781,0.562814070351759,0.6064814814814814,0.6481481481481484,0.6004601226993864,0.3892100192678227,0.2733564013840828,0.8295454545454546,0.355882352941177,0.2871621621621623,0.38281249999999956,0.45833333333333304,0.6847826086956522,0.6666666666666288,No Tournament,False,False,False,False,False,False,False,False,False,False,False,False,False,False,False,False,False,False,False,False,False,False,False,False,False,False,True,False,False,False,False,False
0.5416666666666665,0.4776119402985075,0.5292553191489362,0.2527624309392267,0.7727368643173665,0.23750000000000027,0.40972222222222276,0.6231155778894473,0.7453703703703705,0.7175925925925928,0.4041411042944787,0.8169556840077072,0.7370242214532869,0.16477272727272707,0.44411764705882373,0.44256756756756754,0.39843749999999956,0.541666666666667,0.6005434782608696,0.6666666666666288,No Tournament,False,False,False,False,False,False,False,False,False,False,False,False,False,False,False,False,False,False,False,False,False,False,False,False,False,False,True,False,False,False,False,False
0.5416666666666665,0.3283582089552239,0.795212765957447,0.5593922651933703,0.7254695083350917,0.5874999999999999,0.6250000000000004,0.4221105527638189,0.16203703703703698,0.4861111111111114,0.41641104294478537,0.5626204238921004,0.5086505190311417,0.5795454545454541,0.5617647058823532,0.5439189189189189,0.703125,0.3472222222222223,0.5217391304347827,0.6666666666666288,No Tournament,False,False,False,False,False,False,False,False,False,False,False,False,False,False,False,False,False,False,False,False,False,False,False,False,False,False,True,False,False,False,False,False
0.20833333333333304,0.44776119402985076,0.311170212765957,0.5787292817679552,0.22757965815572903,0.5,0.5555555555555558,0.6834170854271358,0.800925925925926,0.42592592592592604,0.5391104294478528,0.38150289017341055,0.7404844290657437,0.6420454545454541,0.6558823529411764,0.30743243243243246,0.375,0.541666666666667,0.37771739130434784,0.6666666666666288,No Tournament,False,False,False,False,False,False,False,False,False,False,False,False,False,False,False,False,False,False,False,False,False,False,False,False,False,False,False,False,True,False,False,False
0.708333333333333,0.5074626865671642,0.5159574468085109,0.6671270718232041,0.345642540620384,0.5812500000000003,0.5208333333333339,0.48241206030150763,0.5601851851851851,0.4212962962962965,0.7476993865030672,0.5587668593448942,0.557093425605536,0.5738636363636362,0.4852941176470589,0.5641891891891895,0.59375,0.8263888888888902,0.39673913043478265,0.6666666666666288,No Tournament,False,False,False,False,False,False,False,False,False,False,False,False,False,False,False,False,False,False,False,False,False,False,False,False,False,False,False,False,True,False,False,False
0.20833333333333304,0.14925373134328357,0.3829787234042552,0.8218232044198892,0.12924667651403252,0.2250000000000001,0.8819444444444451,0.5326633165829147,0.5416666666666667,0.7361111111111112,0.6311349693251533,0.5356454720616572,0.5813148788927334,0.21590909090909038,0.7676470588235298,0.375,0.8828125000000009,0.875,0.17119565217391308,0.6666666666666288,No Tournament,False,False,False,False,False,False,False,False,False,False,False,False,False,False,False,False,False,False,False,False,False,False,False,False,False,False,False,False,True,False,False,False
0.0,0.1791044776119403,0.2579787234042552,0.7803867403314912,0.0824013504958852,0.3250000000000002,0.6319444444444451,0.9748743718592963,0.4398148148148149,0.40740740740740744,0.8888036809815949,0.7514450867052027,0.4152249134948094,0.2727272727272725,0.5558823529411767,0.49662162162162193,0.7187500000000004,0.5972222222222223,0.23641304347826086,0.6666666666666288,No Tournament,False,False,False,False,False,False,False,False,False,False,False,False,False,False,False,False,False,False,False,False,False,False,False,False,False,False,False,False,True,False,False,False
0.2916666666666665,0.5373134328358209,0.43351063829787195,0.5372928176795577,0.3843637898290778,0.3812500000000001,0.5763888888888897,0.4422110552763818,0.8287037037037037,0.6296296296296298,0.4225460122699387,0.5664739884393064,0.570934256055363,0.34659090909090917,0.5970588235294119,0.4831081081081079,0.515625,0.4722222222222223,0.4211956521739131,0.6666666666666288,No Tournament,False,False,False,False,False,False,False,False,False,False,False,False,False,False,False,False,False,False,False,False,False,False,False,False,False,False,False,False,True,False,False,False
0.0,0.3283582089552239,0.3829787234042552,0.700276243093922,0.1993036505591897,0.3999999999999999,0.44444444444444464,0.5527638190954773,0.20833333333333326,0.5185185185185186,0.7599693251533739,0.4277456647398845,0.3356401384083043,0.3806818181818179,0.42647058823529393,0.49662162162162193,0.515625,0.625,0.3423913043478261,0.6666666666666288,No Tournament,False,False,False,False,False,False,False,False,False,False,False,False,False,False,False,False,False,False,False,False,False,False,False,False,False,False,False,False,True,False,False,False
0.375,0.44776119402985076,0.3244680851063828,0.6201657458563532,0.20637265245832453,0.3999999999999999,0.6805555555555562,0.8442211055276381,0.8657407407407409,0.6712962962962965,0.6127300613496931,0.7668593448940273,0.570934256055363,0.3806818181818179,0.6147058823529412,0.5641891891891895,0.7187500000000004,0.3541666666666661,0.3940217391304348,0.6666666666666288,No Tournament,False,False,False,False,False,False,False,False,False,False,False,False,False,False,False,False,False,False,False,False,False,False,False,False,False,False,False,False,True,False,False,False
0.20833333333333304,0.5970149253731344,0.4521276595744679,0.5013812154696131,0.4430259548427938,0.59375,0.4722222222222232,0.693467336683417,0.7546296296296298,0.5740740740740742,0.5943251533742331,0.6050096339113682,0.8096885813148786,0.625,0.5029411764705887,0.5101351351351351,0.4453125,0.9166666666666679,0.5135869565217391,0.6666666666666288,No Tournament,False,False,False,False,False,False,False,False,False,False,False,False,False,False,False,False,False,False,False,False,False,False,False,False,False,False,False,False,True,False,False,False
0.0,0.08955223880597014,0.09042553191489322,0.6698895027624308,0.05032707322219879,0.11874999999999991,0.7430555555555562,0.9999999999999998,0.5694444444444446,0.662037037037037,0.8335889570552144,0.4470134874759155,0.6332179930795845,0.2443181818181812,0.7029411764705884,0.07094594594594605,0.6875000000000004,0.5902777777777777,0.19293478260869562,0.6666666666666288,No Tournament,False,False,False,False,False,False,False,False,False,False,False,False,False,False,False,False,False,False,False,False,False,False,False,False,False,False,False,False,True,False,False,False
0.5416666666666665,0.5970149253731344,0.43085106382978733,0.5649171270718227,0.3548216923401561,0.36250000000000027,0.5833333333333335,0.5326633165829147,0.6620370370370372,0.6666666666666667,0.39800613496932513,0.4778420038535647,0.546712802768166,0.3636363636363633,0.7029411764705884,0.43581081081081097,0.38281249999999956,0.4236111111111107,0.42934782608695654,0.6666666666666288,No Tournament,False,False,False,False,False,False,False,False,False,False,False,False,False,False,False,False,False,False,False,False,False,False,False,False,False,False,False,False,True,False,False,False
0.45833333333333304,0.6268656716417911,0.47606382978723394,0.5290055248618781,0.4389111626925511,0.5500000000000003,0.43055555555555625,0.613065326633166,0.6805555555555556,0.5277777777777779,0.7783742331288344,0.5279383429672448,0.24913494809688563,0.5852272727272725,0.42647058823529393,0.4831081081081079,0.484375,0.3611111111111116,0.5081521739130435,0.6666666666666288,No Tournament,False,False,False,False,False,False,False,False,False,False,False,False,False,False,False,False,False,False,False,False,False,False,False,False,False,False,False,False,True,False,False,False
0.04166666666666652,0.2985074626865672,0.2367021276595742,0.6146408839779003,0.14465077020468453,0.3562500000000002,0.6180555555555558,0.9547738693467338,0.7638888888888888,0.49537037037037046,0.5145705521472392,0.5934489402697496,0.8408304498269894,0.34659090909090917,0.6147058823529412,0.4831081081081079,0.5546875,0.4861111111111116,0.30434782608695654,0.6666666666666288,No Tournament,False,False,False,False,False,False,False,False,False,False,False,False,False,False,False,False,False,False,False,False,False,False,False,False,False,False,False,False,True,False,False,False
0.20833333333333304,0.41791044776119407,0.457446808510638,0.5400552486187844,0.4079974678202152,0.625,0.5486111111111116,0.8341708542713568,0.25462962962962954,0.5787037037037039,0.244631901840491,0.4315992292870905,0.5259515570934254,0.48863636363636376,0.638235294117647,0.8277027027027026,0.39843749999999956,0.38194444444444464,0.4239130434782609,0.6666666666666288,No Tournament,False,False,False,False,False,False,False,False,False,False,False,False,False,False,False,False,False,False,False,False,False,False,False,False,False,False,False,False,False,True,False,False
0.2916666666666665,0.5074626865671642,0.5877659574468086,0.6229281767955799,0.46328339312091155,0.65625,0.7222222222222223,0.2211055276381908,0.6435185185185184,0.34722222222222254,0.3489263803680984,0.38535645472061675,0.2733564013840828,0.607954545454545,0.7205882352941178,0.631756756756757,0.625,0.8194444444444446,0.4619565217391305,0.6666666666666288,No Tournament,False,False,False,False,False,False,False,False,False,False,False,False,False,False,False,False,False,False,False,False,False,False,False,False,False,False,False,False,False,True,False,False
0.2916666666666665,0.23880597014925373,0.48404255319148914,0.7997237569060767,0.2119645494830133,0.5562499999999999,0.8611111111111112,0.4522613065326633,0.25462962962962954,0.3148148148148149,0.6004601226993864,0.21965317919075145,0.22145328719723167,0.5340909090909087,0.797058823529412,0.5777027027027026,0.7812500000000004,0.6736111111111116,0.3070652173913043,0.6666666666666288,No Tournament,False,False,False,False,False,False,False,False,False,False,False,False,False,False,False,False,False,False,False,False,False,False,False,False,False,False,False,False,False,True,False,False
0.2916666666666665,0.41791044776119407,0.49202127659574435,0.5317679558011048,0.4510445241612154,0.7062500000000003,0.43055555555555625,0.49246231155778886,0.1342592592592593,0.22685185185185208,0.263036809815951,0.33911368015414256,0.4048442906574392,0.6761363636363633,0.39117647058823524,0.6452702702702702,0.5390624999999996,0.3888888888888884,0.41304347826086957,0.6666666666666288,No Tournament,False,False,False,False,False,False,False,False,False,False,False,False,False,False,False,False,False,False,False,False,False,False,False,False,False,False,False,False,False,True,False,False
0.20833333333333304,0.2985074626865672,0.5319148936170213,0.7223756906077341,0.3118801434901877,0.40625,0.7500000000000009,0.5527638190954773,0.21759259259259278,0.7824074074074074,0.6127300613496931,0.10404624277456642,0.32525951557093413,0.40340909090909083,0.75,0.46959459459459474,0.6328125,0.3263888888888893,0.3586956521739131,0.6666666666666288,No Tournament,False,False,False,False,False,False,False,False,False,False,False,False,False,False,False,False,False,False,False,False,False,False,False,False,False,False,False,False,False,True,False,False
0.45833333333333304,0.746268656716418,0.625,0.35773480662983426,0.7588098755011605,0.6062500000000002,0.34722222222222276,0.2211055276381908,0.6435185185185184,0.5231481481481481,0.37960122699386534,0.5433526011560696,0.2733564013840828,0.6420454545454541,0.3500000000000001,0.5236486486486487,0.4140625,0.6736111111111116,0.6358695652173914,0.6666666666666288,No Tournament,False,False,False,False,False,False,False,False,False,False,False,False,False,False,False,False,False,False,False,False,False,False,False,False,False,False,False,False,False,True,False,False
0.0,0.3283582089552239,0.3085106382978724,0.5649171270718227,0.23433213758176832,0.46875,0.5416666666666674,0.512562814070352,0.1435185185185186,0.0,0.38573619631901845,0.25818882466281323,0.25951557093425603,0.4545454545454546,0.4558823529411766,0.5168918918918917,0.6406250000000004,0.5,0.3858695652173913,0.6666666666666288,No Tournament,False,False,False,False,False,False,False,False,False,False,False,False,False,False,False,False,False,False,False,False,False,False,False,False,False,False,False,False,False,True,False,False
0.45833333333333304,0.059701492537313425,0.07446808510638236,0.8107734806629829,0.01614264612787508,0.1625000000000001,0.7361111111111116,0.9999999999999998,0.337962962962963,0.550925925925926,0.7108895705521472,0.37764932562620435,0.2768166089965396,0.2386363636363633,0.6558823529411764,0.20608108108108114,0.7812500000000004,0.38194444444444464,0.059782608695652106,0.6666666666666288,No Tournament,False,False,False,False,False,False,False,False,False,False,False,False,False,False,False,False,False,False,False,False,False,False,False,False,False,False,False,True,False,False,False,False
0.45833333333333304,0.208955223880597,0.2526595744680846,0.8356353591160217,0.062460434690863056,0.2562500000000001,0.5902777777777781,0.64321608040201,0.49537037037037046,0.6388888888888888,0.8458588957055215,0.5240847784200389,0.8581314878892732,0.26136363636363624,0.4852941176470589,0.375,0.7265625000000004,0.5694444444444446,0.19021739130434784,0.6666666666666288,No Tournament,False,False,False,False,False,False,False,False,False,False,False,False,False,False,False,False,False,False,False,False,False,False,False,False,False,False,False,True,False,False,False,False
0.20833333333333304,0.2985074626865672,0.25531914893617014,0.7941988950276238,0.07659843848913273,0.3687499999999999,0.6041666666666674,0.7336683417085428,0.45833333333333326,0.41666666666666696,0.7476993865030672,0.4662813102119463,0.6332179930795845,0.4090909090909087,0.5441176470588234,0.3682432432432434,0.6171875,0.5,0.23913043478260876,0.6666666666666288,No Tournament,False,False,False,False,False,False,False,False,False,False,False,False,False,False,False,False,False,False,False,False,False,False,False,False,False,False,False,True,False,False,False,False
0.7916666666666665,0.3880597014925373,0.21010638297872308,0.6781767955801103,0.09938805655201519,0.4500000000000002,0.40277777777777857,0.7135678391959799,0.9027777777777777,0.24537037037037046,1.0,0.578034682080925,0.7923875432525949,0.5170454545454546,0.4676470588235295,0.3817567567567566,0.35156249999999956,0.4722222222222223,0.24184782608695649,0.6666666666666288,No Tournament,False,False,False,False,False,False,False,False,False,False,False,False,False,False,False,False,False,False,False,False,False,False,False,False,False,False,False,True,False,False,False,False
0.375,0.4776119402985075,0.22340425531914887,0.5732044198895028,0.16068790884152775,0.20000000000000018,0.3958333333333339,0.7537688442211057,0.6712962962962963,0.6435185185185186,0.5881901840490797,0.7360308285163779,0.7301038062283733,0.22159090909090873,0.5205882352941176,0.36148648648648685,0.25781249999999956,0.7638888888888893,0.41304347826086957,0.6666666666666288,No Tournament,False,False,False,False,False,False,False,False,False,False,False,False,False,False,False,False,False,False,False,False,False,False,False,False,False,False,False,True,False,False,False,False
0.375,0.3283582089552239,0.11702127659574435,0.6229281767955799,0.07501582612365477,0.03750000000000009,0.5833333333333335,0.38190954773869357,0.7824074074074072,0.5833333333333335,0.66180981595092,0.1271676300578034,0.8581314878892732,0.0,0.6088235294117648,0.375,0.5078125,0.20138888888888928,0.25,0.6666666666666288,No Tournament,False,False,False,False,False,False,False,False,False,False,False,False,False,False,False,False,False,False,False,False,False,False,False,False,False,False,False,True,False,False,False,False
0.5416666666666665,0.08955223880597014,0.12765957446808462,0.7969613259668504,0.03144123232749525,0.012500000000000178,0.7986111111111116,0.562814070351759,0.6157407407407409,0.5694444444444444,0.625,0.2890173410404626,0.602076124567474,0.05681818181818166,0.7911764705882356,0.192567567567568,0.65625,0.5486111111111116,0.07336956521739124,0.6666666666666288,No Tournament,False,False,False,False,False,False,False,False,False,False,False,False,False,False,False,False,False,False,False,False,False,False,False,False,False,False,False,True,False,False,False,False
0.625,0.44776119402985076,0.4069148936170208,0.6781767955801103,0.23391010761764083,0.40625,0.6458333333333339,0.5025125628140703,0.8842592592592591,0.6111111111111112,0.7292944785276072,0.6782273603082856,0.9031141868512107,0.48863636363636376,0.7794117647058822,0.34121621621621623,0.375,0.7013888888888893,0.36684782608695654,0.6666666666666288,No Tournament,False,False,False,False,False,False,False,False,False,False,False,False,False,False,False,False,False,False,False,False,False,False,False,False,False,False,False,True,False,False,False,False
0.45833333333333304,0.41791044776119407,0.23138297872340408,0.6560773480662982,0.12122810719561086,0.11874999999999991,0.37500000000000044,0.5829145728643217,0.412037037037037,0.6851851851851851,0.5636503067484664,0.7668593448940273,0.546712802768166,0.09659090909090873,0.3500000000000001,0.4020270270270272,0.4765625,0.49305555555555536,0.3233695652173913,0.6666666666666288,No Tournament,False,False,False,False,False,False,False,False,False,False,False,False,False,False,False,False,False,False,False,False,False,False,False,False,False,False,False,True,False,False,False,False
0.125,0.3283582089552239,0.3138297872340421,0.4654696132596685,0.32538510234226625,0.2562500000000001,0.49305555555555625,0.7236180904522611,0.5787037037037037,0.5833333333333335,0.477760736196319,0.5048169556840079,0.7923875432525949,0.39204545454545414,0.43235294117647083,0.17229729729729737,0.5546875,0.33333333333333304,0.375,0.6666666666666288,No Tournament,False,False,False,False,False,False,False,False,False,False,False,False,False,False,False,False,False,False,False,False,False,False,False,False,False,False,False,False,False,False,True,False
0.375,0.059701492537313425,0.2686170212765955,0.8936464088397784,0.051698670605613006,0.13750000000000018,1.0000000000000004,0.743718592964824,0.48611111111111116,0.3425925925925928,0.8397239263803682,0.38535645472061675,0.6712802768166088,0.17045454545454497,0.9852941176470589,0.28040540540540526,0.9531250000000009,0.7916666666666679,0.13315217391304346,0.6666666666666288,No Tournament,False,False,False,False,False,False,False,False,False,False,False,False,False,False,False,False,False,False,False,False,False,False,False,False,False,False,False,False,False,False,True,False
0.625,0.6268656716417911,0.4547872340425534,0.29972375690607755,0.6592108039670816,0.3812500000000001,0.06250000000000044,0.5326633165829147,0.7916666666666667,0.6296296296296298,0.4532208588957056,0.6743737957610794,0.602076124567474,0.48863636363636376,0.26176470588235334,0.3006756756756759,0.0,0.5486111111111116,0.5380434782608696,0.6666666666666288,No Tournament,False,False,False,False,False,False,False,False,False,False,False,False,False,False,False,False,False,False,False,False,False,False,False,False,False,False,False,False,False,False,True,False
0.45833333333333304,0.5671641791044776,0.5026595744680851,0.5234806629834252,0.47246254484068356,0.5375000000000001,0.2638888888888897,0.613065326633166,0.23611111111111116,0.5370370370370372,0.42868098159509205,0.49710982658959546,0.6643598615916952,0.3863636363636358,0.2147058823529413,0.6722972972972974,0.4765625,0.4513888888888893,0.4836956521739131,0.6666666666666288,No Tournament,False,False,False,False,False,False,False,False,False,False,False,False,False,False,False,False,False,False,False,False,False,False,False,False,False,False,False,False,False,False,True,False
0.2916666666666665,0.26865671641791045,0.35904255319148914,0.5980662983425411,0.25406203840472674,0.3374999999999999,0.6319444444444451,0.47236180904522596,0.6527777777777777,0.14814814814814847,0.772239263803681,0.49325626204238926,0.7162629757785464,0.2840909090909087,0.6205882352941181,0.42229729729729737,0.59375,0.604166666666667,0.2989130434782609,0.6666666666666288,No Tournament,False,False,False,False,False,False,False,False,False,False,False,False,False,False,False,False,False,False,False,False,False,False,False,False,False,False,False,False,False,False,True,False
0.45833333333333304,0.41791044776119407,0.3351063829787235,0.6256906077348061,0.2130196243933319,0.1499999999999999,0.5625000000000004,0.4321608040201006,0.6898148148148147,0.4675925925925928,0.5759202453987731,0.7552986512524089,0.8200692041522488,0.21022727272727204,0.5147058823529411,0.21959459459459474,0.6328125,0.9097222222222223,0.391304347826087,0.6666666666666288,No Tournament,False,False,False,False,False,False,False,False,False,False,False,False,False,False,False,False,False,False,False,False,False,False,False,False,False,False,False,False,False,False,True,False
0.45833333333333304,0.6567164179104478,0.6436170212765959,0.45165745856353556,0.6908630512766406,0.7375000000000003,0.3263888888888897,0.6331658291457287,0.4212962962962963,0.5925925925925926,0.4041411042944787,0.6743737957610794,0.23183391003460196,0.6420454545454541,0.36764705882352944,0.7871621621621623,0.35156249999999956,0.5,0.5733695652173914,0.6666666666666288,No Tournament,False,False,False,False,False,False,False,False,False,False,False,False,False,False,False,False,False,False,False,False,False,False,False,False,False,False,False,False,False,False,True,False
0.7916666666666665,0.6865671641791045,0.5824468085106385,0.34668508287292843,0.7343321375817683,0.7312500000000002,0.5486111111111116,0.33165829145728654,0.5138888888888888,0.20370370370370394,0.11579754601227021,0.6165703275529868,0.22837370242214516,0.8352272727272725,0.6323529411764706,0.5033783783783785,0.40625,0.4652777777777777,0.6358695652173914,0.6666666666666288,No Tournament,False,False,False,False,False,False,False,False,False,False,False,False,False,False,False,False,False,False,False,False,False,False,False,False,False,False,False,False,False,False,False,True
0.375,0.2985074626865672,0.5691489361702127,0.7444751381215462,0.3278117746359991,0.4312499999999999,0.979166666666667,0.57286432160804,0.6342592592592593,0.7638888888888891,0.6311349693251533,0.4200385356454721,0.7266435986159165,0.43181818181818166,0.973529411764706,0.49662162162162193,0.7578125000000004,0.41666666666666696,0.35054347826086957,0.6666666666666288,No Tournament,False,False,False,False,False,False,False,False,False,False,False,False,False,False,False,False,False,False,False,False,False,False,False,False,False,False,False,False,False,False,False,True
0.45833333333333304,0.3880597014925373,0.542553191489362,0.5649171270718227,0.473728634733066,0.3812500000000001,0.6666666666666674,0.3718592964824119,0.49537037037037046,0.5648148148148149,0.391871165644172,0.7283236994219655,0.46366782006920415,0.4431818181818179,0.6205882352941181,0.36148648648648685,0.6406250000000004,0.3888888888888884,0.40760869565217395,0.6666666666666288,No Tournament,False,False,False,False,False,False,False,False,False,False,False,False,False,False,False,False,False,False,False,False,False,False,False,False,False,False,False,False,False,False,False,True
0.45833333333333304,0.14925373134328357,0.5398936170212765,0.7279005524861875,0.31335724836463386,0.4437500000000001,0.9444444444444451,0.3718592964824119,0.23611111111111116,0.4814814814814816,0.3366564417177915,0.5240847784200389,0.4048442906574392,0.4659090909090904,0.797058823529412,0.46959459459459474,0.9140625000000009,0.45833333333333304,0.19836956521739135,0.6666666666666288,No Tournament,False,False,False,False,False,False,False,False,False,False,False,False,False,False,False,False,False,False,False,False,False,False,False,False,False,False,False,False,False,False,False,True
0.2916666666666665,0.26865671641791045,0.375,0.5953038674033149,0.2732644017725258,0.5125000000000002,0.6250000000000004,0.46231155778894495,0.26388888888888906,0.05092592592592615,0.64340490797546,0.5009633911368017,0.4048442906574392,0.3352272727272725,0.6205882352941181,0.7466216216216215,0.5703125000000004,0.4375,0.2934782608695652,0.6666666666666288,No Tournament,False,False,False,False,False,False,False,False,False,False,False,False,False,False,False,False,False,False,False,False,False,False,False,False,False,False,False,False,False,False,False,True
0.875,0.8656716417910448,0.9015957446808516,0.45994475138121516,0.8653724414433425,1.0,0.40277777777777857,0.19095477386934667,0.19907407407407418,0.5,0.11579754601227021,0.33911368015414256,0.10380622837370235,0.9375,0.4911764705882353,0.929054054054054,0.30468749999999956,0.18055555555555447,0.720108695652174,0.6666666666666288,No Tournament,False,False,False,False,False,False,False,False,False,False,False,False,False,False,False,False,False,False,False,False,False,False,False,False,False,False,False,False,False,False,False,True
0.625,0.5671641791044776,0.5132978723404253,0.3770718232044197,0.6392698881620594,0.6687500000000002,0.20138888888888928,0.613065326633166,0.4490740740740742,0.19907407407407418,0.3366564417177915,0.6820809248554915,0.695501730103806,0.6306818181818183,0.30882352941176494,0.631756756756757,0.17968749999999956,0.41666666666666696,0.5298913043478262,0.6666666666666288,No Tournament,False,False,False,False,False,False,False,False,False,False,False,False,False,False,False,False,False,False,False,False,False,False,False,False,False,False,False,False,False,False,False,True
1.0,0.6268656716417911,0.4521276595744679,0.3991712707182318,0.5496940282760076,0.4375,0.3819444444444451,0.3919597989949748,0.375,0.4583333333333335,0.2937116564417179,0.2967244701348748,0.5224913494809686,0.4431818181818179,0.43235294117647083,0.44256756756756754,0.38281249999999956,0.41666666666666696,0.49184782608695654,0.6666666666666288,No Tournament,False,False,False,False,False,False,False,False,False,False,False,False,False,False,False,False,False,False,False,False,False,False,False,False,False,False,False,False,False,False,False,True
0.2916666666666665,0.2985074626865672,0.37765957446808507,0.6339779005524857,0.2417176619539987,0.3875000000000002,0.9166666666666674,0.3718592964824119,0.5509259259259258,0.2592592592592595,0.37960122699386534,0.3314065510597304,0.36678200692041507,0.36931818181818166,0.8205882352941178,0.44256756756756754,0.9062500000000004,0.25694444444444464,0.34510869565217395,0.6666666666666288,No Tournament,False,False,False,False,False,False,False,False,False,False,False,False,False,False,False,False,False,False,False,False,False,False,False,False,False,False,False,False,False,False,False,True
0.708333333333333,0.746268656716418,0.6622340425531918,0.32182320441988965,0.814728845748048,0.5437500000000002,0.4861111111111116,0.18090452261306544,0.8935185185185186,0.5972222222222223,0.44708588957055206,0.3275529865125242,0.6505190311418683,0.5568181818181817,0.5558823529411767,0.5371621621621623,0.375,0.5277777777777777,0.7282608695652174,0.6666666666666288,Made Tournament,True,False,False,False,False,False,False,False,False,False,False,False,False,False,False,False,False,False,False,False,False,False,False,False,False,False,False,False,False,False,False,False
0.958333333333333,0.746268656716418,0.9547872340425538,0.3162983425414363,0.9470352395020046,0.6000000000000001,0.46527777777777857,0.32160804020100486,0.31018518518518534,0.8935185185185184,0.28144171779141125,0.24662813102119463,0.1453287197231833,0.5909090909090908,0.24411764705882355,0.5844594594594597,0.7500000000000004,0.7361111111111116,0.8777173913043479,0.6666666666666288,Made Tournament,False,True,False,False,False,False,False,False,False,False,False,False,False,False,False,False,False,False,False,False,False,False,False,False,False,False,False,False,False,False,False,False
0.625,0.7164179104477612,0.4601063829787231,0.4571823204419889,0.4955686853766617,0.6125000000000003,0.5694444444444451,0.3718592964824119,0.7175925925925926,0.36111111111111116,0.4532208588957056,0.3314065510597304,0.31141868512110715,0.4261363636363633,0.5794117647058825,0.7398648648648649,0.515625,0.5069444444444446,0.5516304347826086,0.6666666666666288,Made Tournament,False,False,True,False,False,False,False,False,False,False,False,False,False,False,False,False,False,False,False,False,False,False,False,False,False,False,False,False,False,False,False,False
0.875,0.8955223880597015,0.7127659574468086,0.05662983425414403,0.9654990504325807,0.5500000000000003,0.0,0.3517587939698492,0.800925925925926,0.9444444444444444,0.44708588957055206,0.554913294797688,0.17301038062283736,0.5454545454545454,0.014705882352941124,0.5439189189189189,0.1953124999999991,0.29166666666666696,0.845108695652174,0.6666666666666288,Made Tournament,False,False,False,False,True,False,False,False,False,False,False,False,False,False,False,False,False,False,False,False,False,False,False,False,False,False,False,False,False,False,False,False
0.7916666666666665,0.7761194029850746,0.7978723404255321,0.22790055248618835,0.9317366533023844,0.6812499999999999,0.14583333333333393,0.40201005025125625,0.5694444444444446,0.7268518518518519,0.29984662576687127,0.4238921001926783,0.6851211072664358,0.5625,0.15588235294117636,0.7736486486486487,0.30468749999999956,0.5138888888888893,0.75,0.6666666666666288,Made Tournament,False,False,False,False,True,False,False,False,False,False,False,False,False,False,False,False,False,False,False,False,False,False,False,False,False,False,False,False,False,False,False,False
0.7916666666666665,0.8656716417910448,0.9069148936170217,0.23895027624309417,0.9581135260603503,0.90625,0.0,0.57286432160804,0.15277777777777768,0.875,0.3489263803680984,0.5510597302504818,0.30795847750865035,0.8295454545454546,0.0,0.8682432432432434,0.4140625,0.41666666666666696,0.9021739130434783,0.6666666666666288,Made Tournament,False,False,False,False,False,True,False,False,False,False,False,False,False,False,False,False,False,False,False,False,False,False,False,False,False,False,False,False,False,False,False,False
0.708333333333333,0.7164179104477612,0.8297872340425534,0.23895027624309417,0.9377505802912006,0.7312500000000002,0.36805555555555625,0.3618090452261309,0.45833333333333326,0.5601851851851853,0.263036809815951,0.36608863198458597,0.2664359861591694,0.8011363636363638,0.2911764705882356,0.5439189189189189,0.5234375,0.43055555555555536,0.8070652173913044,0.6666666666666288,Made Tournament,False,False,False,False,False,True,False,False,False,False,False,False,False,False,False,False,False,False,False,False,False,False,False,False,False,False,False,False,False,False,False,False
0.7916666666666665,0.5970149253731344,0.8324468085106385,0.2665745856353592,0.9286769360624605,0.7250000000000001,0.5902777777777781,0.2211055276381908,0.6064814814814814,0.4398148148148151,0.22622699386503098,0.17341040462427748,0.46712802768166073,0.7784090909090904,0.4911764705882353,0.570945945945946,0.6953125,0.49305555555555536,0.7309782608695653,0.6666666666666288,Made Tournament,False,False,False,False,False,False,False,True,False,False,False,False,False,False,False,False,False,False,False,False,False,False,False,False,False,False,False,False,False,False,False,False
0.708333333333333,0.6268656716417911,0.8776595744680855,0.34668508287292843,0.9111626925511711,0.65625,0.47916666666666696,0.4321608040201006,0.4398148148148149,0.75,0.45935582822085896,0.5240847784200389,0.2768166089965396,0.6477272727272725,0.5205882352941176,0.625,0.42187499999999956,0.604166666666667,0.7527173913043479,0.6666666666666288,Made Tournament,False,False,False,False,False,False,False,True,False,False,False,False,False,False,False,False,False,False,False,False,False,False,False,False,False,False,False,False,False,False,False,False
0.7916666666666665,0.835820895522388,0.960106382978724,0.3328729281767955,0.9437645072800169,0.84375,0.4513888888888893,0.3718592964824119,0.25462962962962954,0.5601851851851853,0.13420245398773045,0.7475915221579963,0.13148788927335642,0.8693181818181817,0.5088235294117647,0.6722972972972974,0.39062499999999956,0.6736111111111116,0.923913043478261,0.6666666666666288,Made Tournament,False,False,False,False,False,False,False,True,False,False,False,False,False,False,False,False,False,False,False,False,False,False,False,False,False,False,False,False,False,False,False,False
0.7916666666666665,0.7164179104477612,0.6382978723404253,0.4654696132596685,0.6717661953998734,0.7687500000000003,0.4513888888888893,0.3718592964824119,0.5046296296296295,0.19907407407407418,0.6986196319018403,0.4431599229287093,0.24567474048442894,0.8465909090909092,0.44411764705882373,0.5844594594594597,0.515625,0.9652777777777795,0.6168478260869565,0.6666666666666288,Made Tournament,False,False,False,False,False,False,False,False,False,False,False,False,True,False,False,False,False,False,False,False,False,False,False,False,False,False,False,False,False,False,False,False
0.7916666666666665,0.7761194029850746,0.7898936170212769,0.4709944751381214,0.7907786452838151,0.7749999999999999,0.37500000000000044,0.3015075376884422,0.4768518518518521,0.6388888888888888,0.5023006134969326,0.3198458574181118,0.6124567474048441,0.7784090909090904,0.42647058823529393,0.6655405405405408,0.3671875,0.8194444444444446,0.6494565217391305,0.6666666666666288,Made Tournament,False,False,False,False,False,False,False,False,False,False,False,False,False,False,False,False,True,False,False,False,False,False,False,False,False,False,False,False,False,False,False,False
0.875,0.5671641791044776,0.6143617021276597,0.2665745856353592,0.8238024899767883,0.59375,0.3055555555555558,0.6834170854271358,0.5324074074074074,0.5231481481481481,0.6127300613496931,0.7822736030828519,0.5086505190311417,0.7329545454545454,0.3382352941176472,0.36148648648648685,0.34374999999999956,0.5486111111111116,0.6548913043478262,0.6666666666666288,Made Tournament,False,False,False,False,False,False,False,False,False,False,False,False,False,False,False,False,False,False,False,False,False,False,False,False,False,False,True,False,False,False,False,False
0.708333333333333,0.746268656716418,0.7765957446808511,0.3107734806629838,0.8868959696138425,0.5249999999999999,0.4375000000000009,0.29145728643216073,0.7175925925925926,0.6481481481481484,0.4348159509202454,0.7013487475915223,0.5640138408304496,0.4602272727272725,0.38529411764705923,0.570945945945946,0.5234375,0.8194444444444446,0.8016304347826088,0.6666666666666288,Made Tournament,False,False,False,False,False,False,False,False,False,False,False,False,False,False,False,False,False,False,False,False,False,False,False,False,False,False,True,False,False,False,False,False
0.708333333333333,0.5970149253731344,0.8085106382978728,0.22790055248618835,0.9354294154884997,0.5249999999999999,0.36805555555555625,0.08040201005025138,0.6527777777777777,0.4907407407407409,0.5881901840490797,0.4238921001926783,0.36678200692041507,0.3977272727272725,0.32058823529411784,0.6587837837837838,0.53125,0.4513888888888893,0.7228260869565217,0.6666666666666288,Made Tournament,False,False,False,False,False,False,False,False,False,False,False,False,False,False,False,False,False,False,False,False,False,False,False,False,False,False,True,False,False,False,False,False
0.7916666666666665,0.746268656716418,0.7819148936170217,0.1754143646408841,0.9452416121544629,0.5249999999999999,0.2291666666666674,0.4422110552763818,0.6898148148148147,0.7083333333333333,0.625,0.5356454720616572,0.546712802768166,0.3806818181818179,0.2911764705882356,0.7263513513513513,0.26562499999999956,0.3541666666666661,0.8586956521739131,0.6666666666666288,Made Tournament,False,False,False,False,False,False,False,False,False,False,False,False,False,False,False,False,False,False,False,False,False,False,False,False,False,False,True,False,False,False,False,False
0.625,0.5970149253731344,0.8563829787234045,0.45994475138121516,0.8402616585777589,0.9375,0.5416666666666674,0.10050251256281406,0.3009259259259258,0.2083333333333337,0.15260736196319047,0.11560693641618502,0.2698961937716262,0.9034090909090908,0.5382352941176469,0.7871621621621623,0.515625,0.24305555555555536,0.6059782608695653,0.6666666666666288,Made Tournament,True,False,False,False,False,False,False,False,False,False,False,False,False,False,False,False,False,False,False,False,False,False,False,False,False,False,False,False,False,False,False,False
0.708333333333333,0.746268656716418,0.6595744680851063,0.38812154696132595,0.7616585777590209,0.5750000000000002,0.3888888888888897,0.2814070351758795,0.6898148148148147,0.5185185185185186,0.5023006134969326,0.7283236994219655,0.5743944636678198,0.44886363636363624,0.5029411764705887,0.7668918918918921,0.28124999999999956,0.5833333333333339,0.7228260869565217,0.6666666666666288,Made Tournament,True,False,False,False,False,False,False,False,False,False,False,False,False,False,False,False,False,False,False,False,False,False,False,False,False,False,False,False,False,False,False,False
0.5416666666666665,0.6268656716417911,0.7579787234042556,0.3024861878453038,0.8817261025532812,0.6687500000000002,0.3888888888888897,0.33165829145728654,0.5416666666666667,0.5092592592592595,0.44708588957055206,0.2890173410404626,0.21799307958477498,0.6590909090909092,0.44999999999999973,0.6182432432432434,0.34374999999999956,0.43055555555555536,0.7581521739130436,0.6666666666666288,Made Tournament,False,True,False,False,False,False,False,False,False,False,False,False,False,False,False,False,False,False,False,False,False,False,False,False,False,False,False,False,False,False,False,False
0.625,0.5970149253731344,0.8191489361702127,0.43232044198895014,0.8381515087571216,0.6875,0.5694444444444451,0.33165829145728654,0.6898148148148147,0.7083333333333333,0.6802147239263803,0.4855491329479771,0.4117647058823528,0.6534090909090908,0.7323529411764707,0.6722972972972974,0.24999999999999956,0.75,0.7092391304347827,0.6666666666666288,Made Tournament,False,True,False,False,False,False,False,False,False,False,False,False,False,False,False,False,False,False,False,False,False,False,False,False,False,False,False,False,False,False,False,False
0.708333333333333,0.8955223880597015,0.792553191489362,0.029005524861879017,0.9860730111837941,0.6437500000000003,0.06250000000000044,0.05025125628140703,0.7361111111111109,0.4120370370370372,0.2875766871165646,0.11175337186897871,0.15224913494809678,0.5397727272727271,0.09705882352941186,0.7466216216216215,0.20312499999999956,0.0,0.9918478260869565,0.6666666666666288,Made Tournament,False,True,False,False,False,False,False,False,False,False,False,False,False,False,False,False,False,False,False,False,False,False,False,False,False,False,False,False,False,False,False,False
0.625,0.5970149253731344,0.8085106382978728,0.35773480662983426,0.8770837729478793,0.9562500000000003,0.4861111111111116,0.3517587939698492,0.5231481481481484,0.2685185185185186,0.5207055214723926,0.5741811175337188,0.2629757785467126,0.9488636363636362,0.473529411764706,0.7804054054054053,0.4921875,0.5694444444444446,0.720108695652174,0.6666666666666288,Made Tournament,False,True,False,False,False,False,False,False,False,False,False,False,False,False,False,False,False,False,False,False,False,False,False,False,False,False,False,False,False,False,False,False
0.625,0.7164179104477612,0.960106382978724,0.4709944751381214,0.8867904621228107,0.7937500000000002,0.41666666666666696,0.3015075376884422,0.31018518518518534,0.8009259259259258,0.10352760736196354,0.5086705202312138,0.39446366782006925,0.7499999999999996,0.28529411764705914,0.7331081081081083,0.6171875,0.5625,0.7771739130434783,0.6666666666666288,Made Tournament,False,False,False,False,True,False,False,False,False,False,False,False,False,False,False,False,False,False,False,False,False,False,False,False,False,False,False,False,False,False,False,False
0.375,0.6567164179104478,0.4893617021276597,0.44613259668508265,0.5390377716817893,0.5687500000000001,0.5972222222222228,0.6532663316582916,0.6435185185185184,0.4305555555555556,0.20782208588957074,0.7321772639691717,0.5743944636678198,0.7159090909090908,0.6852941176470586,0.3682432432432434,0.42187499999999956,0.9652777777777795,0.5978260869565217,0.6666666666666288,Made Tournament,False,False,False,True,False,False,False,False,False,False,False,False,False,False,False,False,False,False,False,False,False,False,False,False,False,False,False,False,False,False,False,False
0.5416666666666665,0.5074626865671642,0.792553191489362,0.38259668508287303,0.8529225575015825,0.6937500000000001,0.5277777777777781,0.38190954773869357,0.3564814814814816,0.47685185185185186,0.5575153374233128,0.4470134874759155,0.13148788927335642,0.7215909090909087,0.4676470588235295,0.5844594594594597,0.6093750000000004,1.0,0.7146739130434783,0.6666666666666288,Made Tournament,False,False,False,False,False,False,True,False,False,False,False,False,False,False,False,False,False,False,False,False,False,False,False,False,False,False,False,False,False,False,False,False
0.625,0.5970149253731344,0.9228723404255321,0.41022099447513805,0.9008229584300484,0.8812500000000001,0.6180555555555558,0.4321608040201006,0.412037037037037,0.7453703703703705,0.3182515337423315,0.4816955684007709,0.301038062283737,0.8238636363636362,0.5264705882352945,0.820945945945946,0.7187500000000004,0.5555555555555554,0.7445652173913044,0.6666666666666288,Made Tournament,False,False,False,False,False,False,True,False,False,False,False,False,False,False,False,False,False,False,False,False,False,False,False,False,False,False,False,False,False,False,False,False
0.708333333333333,0.5373134328358209,0.6515957446808511,0.222375690607735,0.8737075332348596,0.4750000000000001,0.3402777777777781,0.3517587939698492,0.46759259259259256,0.5231481481481481,0.5023006134969326,0.4393063583815029,0.15224913494809678,0.6022727272727271,0.3735294117647059,0.32094594594594605,0.375,0.31944444444444375,0.7228260869565217,0.6666666666666288,Made Tournament,False,False,False,False,False,False,True,False,False,False,False,False,False,False,False,False,False,False,False,False,False,False,False,False,False,False,False,False,False,False,False,False
0.5416666666666665,0.5970149253731344,0.8351063829787235,0.32458563535911633,0.9041991981430682,0.9375,0.46527777777777857,0.21105527638190957,0.26388888888888906,0.20370370370370394,0.22622699386503098,0.18882466281310206,0.10380622837370235,1.0,0.5205882352941176,0.6722972972972974,0.40625,0.7152777777777777,0.7391304347826088,0.6666666666666288,Made Tournament,False,False,False,False,False,False,False,True,False,False,False,False,False,False,False,False,False,False,False,False,False,False,False,False,False,False,False,False,False,False,False,False
0.7916666666666665,0.5970149253731344,0.6276595744680855,0.28314917127071837,0.8188436378982907,0.4500000000000002,0.47916666666666696,0.3919597989949748,0.5601851851851851,0.5,0.4961656441717792,0.6551059730250484,0.3460207612456747,0.5056818181818179,0.6088235294117648,0.4020270270270272,0.296875,0.4375,0.7364130434782609,0.6666666666666288,Made Tournament,False,False,False,False,False,False,False,True,False,False,False,False,False,False,False,False,False,False,False,False,False,False,False,False,False,False,False,False,False,False,False,False
0.5416666666666665,0.746268656716418,0.5824468085106385,0.35220994475138134,0.7299008229584301,0.5500000000000003,0.34722222222222276,0.3919597989949748,0.7638888888888888,0.712962962962963,0.3182515337423315,0.6435452793834298,0.6782006920415222,0.6136363636363633,0.30294117647058805,0.43581081081081097,0.53125,0.49305555555555536,0.6548913043478262,0.6666666666666288,Made Tournament,False,False,False,False,False,False,False,False,True,False,False,False,False,False,False,False,False,False,False,False,False,False,False,False,False,False,False,False,False,False,False,False
0.708333333333333,0.6567164179104478,0.43882978723404253,0.47375690607734766,0.45294365899978895,0.4312499999999999,0.46527777777777857,0.522613065326633,0.6712962962962963,0.6435185185185186,0.4348159509202454,0.36994219653179194,0.3425605536332179,0.36931818181818166,0.4558823529411766,0.5236486486486487,0.484375,0.15277777777777768,0.5081521739130435,0.6666666666666288,Made Tournament,False,False,False,False,False,False,False,False,False,True,False,False,False,False,False,False,False,False,False,False,False,False,False,False,False,False,False,False,False,False,False,False
0.375,0.5671641791044776,0.44680851063829774,0.4654696132596685,0.4741506646971934,0.5750000000000002,0.33333333333333437,0.7236180904522611,0.48611111111111116,0.3657407407407409,0.49003067484662566,0.9248554913294802,0.46366782006920415,0.6477272727272725,0.2264705882352942,0.44256756756756754,0.625,0.604166666666667,0.5353260869565217,0.6666666666666288,Made Tournament,False,False,False,False,False,False,False,False,False,False,True,False,False,False,False,False,False,False,False,False,False,False,False,False,False,False,False,False,False,False,False,False
0.5416666666666665,0.746268656716418,0.5851063829787235,0.5151933701657456,0.5717450939016671,0.6437500000000003,0.4513888888888893,0.16080402010050254,0.4490740740740742,0.3425925925925928,0.42868098159509205,0.578034682080925,0.3564013840830449,0.6477272727272725,0.44411764705882373,0.5844594594594597,0.484375,0.2777777777777777,0.6277173913043479,0.6666666666666288,Made Tournament,False,False,False,False,False,False,False,False,False,False,False,True,False,False,False,False,False,False,False,False,False,False,False,False,False,False,False,False,False,False,False,False
0.625,0.7164179104477612,0.38829787234042534,0.319060773480663,0.5667862418231694,0.3875000000000002,0.3402777777777781,0.512562814070352,0.7453703703703705,0.4907407407407409,0.2691717791411046,0.5279383429672448,0.2802768166089964,0.40340909090909083,0.2735294117647058,0.42229729729729737,0.4921875,0.5069444444444446,0.5896739130434783,0.6666666666666288,Made Tournament,False,False,False,False,False,False,False,False,False,False,False,False,False,True,False,False,False,False,False,False,False,False,False,False,False,False,False,False,False,False,False,False
0.5416666666666665,0.6865671641791045,0.5,0.3301104972375688,0.6729267778012239,0.65625,0.25000000000000044,0.31155778894472363,0.375,0.26388888888888906,0.10352760736196354,0.4547206165703277,0.3460207612456747,0.7215909090909087,0.40294117647058814,0.5101351351351351,0.12499999999999911,0.5625,0.595108695652174,0.6666666666666288,Made Tournament,False,False,False,False,False,False,False,False,False,False,False,False,False,False,True,False,False,False,False,False,False,False,False,False,False,False,False,False,False,False,False,False
0.708333333333333,0.5671641791044776,0.6382978723404253,0.6063535911602207,0.5346064570584511,0.71875,0.6319444444444451,0.25125628140703515,0.5416666666666667,0.2962962962962965,0.60659509202454,0.3314065510597304,0.23529411764705876,0.6193181818181817,0.6205882352941181,0.7466216216216215,0.578125,0.6597222222222223,0.48641304347826086,0.6666666666666288,Made Tournament,False,False,False,False,False,False,False,False,False,False,False,False,False,False,False,True,False,False,False,False,False,False,False,False,False,False,False,False,False,False,False,False
0.5416666666666665,0.6268656716417911,0.6755319148936172,0.25552486187845336,0.867271576281916,0.5812500000000003,0.36111111111111205,0.3517587939698492,0.5601851851851851,0.6250000000000002,0.25076687116564433,0.5202312138728327,0.2698961937716262,0.6477272727272725,0.39117647058823524,0.46283783783783816,0.375,0.5555555555555554,0.6440217391304348,0.6666666666666288,Made Tournament,False,False,False,False,False,False,False,False,False,False,False,False,False,False,False,False,False,False,False,True,False,False,False,False,False,False,False,False,False,False,False,False
0.375,0.746268656716418,0.6861702127659575,0.41850828729281764,0.7578603080818738,0.7875000000000001,0.2638888888888897,0.4120603015075379,0.46759259259259256,0.6851851851851851,0.41027607361963203,0.6050096339113682,0.301038062283737,0.7840909090909087,0.3794117647058828,0.6722972972972974,0.1953124999999991,0.4027777777777777,0.6739130434782609,0.6666666666666288,Made Tournament,False,False,False,False,False,False,False,False,False,False,False,False,False,False,False,False,False,False,False,False,False,True,False,False,False,False,False,False,False,False,False,False
0.7916666666666665,0.7761194029850746,0.8563829787234045,0.4074585635359118,0.8717028909052542,0.8687499999999999,0.4513888888888893,0.40201005025125625,0.3472222222222221,0.6990740740740742,0.2569018404907979,0.5895953757225434,0.32525951557093413,0.9147727272727275,0.38529411764705923,0.6520270270270272,0.578125,0.4375,0.7880434782608696,0.6666666666666288,Made Tournament,False,False,False,False,False,False,False,False,False,False,False,False,False,False,False,False,False,False,False,False,False,False,True,False,False,False,False,False,False,False,False,False
0.7916666666666665,0.7164179104477612,0.6170212765957448,0.43232044198895014,0.6851656467609201,0.71875,0.3055555555555558,0.3517587939698492,0.375,0.4120370370370372,0.4041411042944787,0.8092485549132951,0.43944636678200677,0.8181818181818179,0.34411764705882364,0.5101351351351351,0.3671875,0.7569444444444455,0.6032608695652174,0.6666666666666288,Made Tournament,False,False,False,False,False,False,False,False,False,False,False,False,False,False,False,False,False,False,False,False,False,False,False,True,False,False,False,False,False,False,False,False
0.625,0.6865671641791045,0.6382978723404253,0.43784530386740306,0.6993036505591897,0.71875,0.2569444444444451,0.32160804020100486,0.7083333333333335,0.34722222222222254,0.7661042944785272,0.35838150289017334,0.5813148788927334,0.5852272727272725,0.1676470588235297,0.7736486486486487,0.42187499999999956,0.39583333333333304,0.5461956521739131,0.6666666666666288,Made Tournament,False,False,False,False,False,False,False,False,False,False,False,False,False,False,False,False,False,False,False,False,False,False,False,False,True,False,False,False,False,False,False,False
0.5416666666666665,0.7761194029850746,0.49468085106382986,0.26381215469613295,0.7323274952521629,0.5812500000000003,0.28472222222222276,0.6331658291457287,0.7824074074074072,0.7222222222222223,0.18328220858895716,0.16955684007707128,0.602076124567474,0.5965909090909092,0.361764705882353,0.5236486486486487,0.27343749999999956,0.29166666666666696,0.641304347826087,0.6666666666666288,Made Tournament,False,False,False,False,False,False,False,False,False,False,False,False,False,False,False,False,False,False,False,False,False,False,False,False,False,True,False,False,False,False,False,False
0.7916666666666665,0.6567164179104478,0.8484042553191493,0.4074585635359118,0.8669550538088204,0.7124999999999999,0.4861111111111116,0.16080402010050254,0.5972222222222221,0.49537037037037046,0.66180981595092,0.6088631984585744,0.6574394463667816,0.6022727272727271,0.4147058823529415,0.8277027027027026,0.5703125000000004,0.6319444444444446,0.7608695652173914,0.6666666666666288,Made Tournament,False,False,False,False,False,False,False,False,False,False,False,False,False,False,False,False,False,False,False,False,False,False,False,False,False,False,True,False,False,False,False,False
0.5416666666666665,0.5671641791044776,0.6968085106382982,0.28591160220994505,0.860308081873813,0.7312500000000002,0.2291666666666674,0.7336683417085428,0.28240740740740744,0.5648148148148149,0.42868098159509205,0.6435452793834298,0.2941176470588234,0.5511363636363633,0.25,0.7939189189189189,0.3359375,0.33333333333333304,0.6956521739130436,0.6666666666666288,Made Tournament,False,False,False,False,False,False,False,False,False,False,False,False,False,False,False,False,False,False,False,False,False,False,False,False,False,False,True,False,False,False,False,False
0.45833333333333304,0.8059701492537313,0.5053191489361701,0.3162983425414363,0.6927621861152142,0.6687500000000002,0.4375000000000009,0.7236180904522611,1.0,0.6435185185185186,0.4654907975460123,0.7283236994219655,0.9861591695501726,0.6306818181818183,0.36764705882352944,0.685810810810811,0.5625,0.7013888888888893,0.6358695652173914,0.6666666666666288,Made Tournament,False,False,False,False,False,False,False,False,False,False,False,False,False,False,False,False,False,False,False,False,False,False,False,False,False,False,False,False,True,False,False,False
0.45833333333333304,0.8059701492537313,0.7553191489361706,0.4074585635359118,0.81483435323908,0.7437499999999999,0.4583333333333339,0.05025125628140703,0.1157407407407407,0.30092592592592626,0.14647239263803713,0.531791907514451,0.13148788927335642,0.5738636363636362,0.5088235294117647,0.814189189189189,0.40625,0.6597222222222223,0.7010869565217391,0.6666666666666288,Made Tournament,False,False,False,False,False,False,False,False,False,False,False,False,False,False,False,False,False,False,False,False,False,False,False,False,False,False,False,False,False,True,False,False
0.875,0.44776119402985076,0.5132978723404253,0.7389502762430937,0.2810719561088837,0.5062500000000001,0.5416666666666674,0.3718592964824119,0.3009259259259258,0.4814814814814816,0.7108895705521472,0.8208092485549134,0.32525951557093413,0.44886363636363624,0.4852941176470589,0.5844594594594597,0.6406250000000004,0.7361111111111116,0.38858695652173914,0.6666666666666288,Made Tournament,False,False,False,False,False,False,False,False,False,False,False,False,False,False,False,False,False,False,False,False,False,False,False,False,False,False,False,True,False,False,False,False
0.45833333333333304,0.8059701492537313,0.5851063829787235,0.2582872928176796,0.8082928887951044,0.5750000000000002,0.18055555555555625,0.3919597989949748,0.5601851851851851,0.7268518518518519,0.0973926380368102,0.2890173410404626,0.38754325259515565,0.6477272727272725,0.2676470588235298,0.45608108108108114,0.21093749999999956,0.5138888888888893,0.720108695652174,0.6666666666666288,Made Tournament,False,False,False,False,False,False,False,False,False,False,False,False,False,False,False,False,False,False,False,False,False,False,False,False,False,False,False,False,False,False,True,False
0.5416666666666665,0.5373134328358209,0.27127659574468055,0.6809392265193366,0.13251740873602025,0.5,0.3541666666666674,0.7336683417085428,0.3564814814814816,0.6851851851851851,0.5391104294478528,0.3352601156069366,0.43252595155709317,0.607954545454545,0.40882352941176503,0.34121621621621623,0.34374999999999956,0.30555555555555536,0.3586956521739131,0.6666666666666288,Made Tournament,False,False,False,False,False,False,False,False,False,False,False,False,False,False,False,False,False,True,False,False,False,False,False,False,False,False,False,False,False,False,False,False
0.708333333333333,0.5074626865671642,0.4547872340425534,0.6698895027624308,0.28181050854610673,0.6062500000000002,0.4583333333333339,0.6030150753768844,0.3287037037037037,0.5231481481481481,0.5452453987730062,0.6589595375722546,0.3460207612456747,0.6647727272727271,0.5500000000000003,0.49662162162162193,0.34374999999999956,0.75,0.32608695652173914,0.6666666666666288,Made Tournament,False,False,False,False,False,False,False,False,False,False,False,False,False,False,False,False,False,False,False,False,True,False,False,False,False,False,False,False,False,False,False,False
0.5416666666666665,0.5671641791044776,0.8218085106382982,0.45441988950276224,0.8253851023422663,0.7124999999999999,0.5000000000000009,0.12060301507537674,0.6898148148148147,0.4583333333333335,0.5943251533742331,0.7591522157996149,0.3771626297577855,0.7159090909090908,0.5323529411764709,0.6182432432432434,0.453125,0.7430555555555562,0.6521739130434783,0.6666666666666288,Made Tournament,False,False,False,False,False,False,False,False,False,False,False,False,False,False,False,False,False,False,False,False,False,False,True,False,False,False,False,False,False,False,False,False
0.625,0.5970149253731344,0.7686170212765959,0.4129834254143643,0.8190546528803544,0.7062500000000003,0.3958333333333339,0.31155778894472363,0.1435185185185186,0.4814814814814816,0.3673312883435582,0.5356454720616572,0.2733564013840828,0.6136363636363633,0.361764705882353,0.7331081081081083,0.484375,0.6597222222222223,0.6847826086956522,0.6666666666666288,Made Tournament,False,False,False,False,False,False,False,False,False,False,False,False,False,False,False,False,False,False,False,False,False,False,True,False,False,False,False,False,False,False,False,False
0.7916666666666665,0.7164179104477612,0.7367021276595747,0.2058011049723758,0.9198143068157839,0.65625,0.2638888888888897,0.3919597989949748,0.412037037037037,0.4212962962962965,0.3305214723926382,0.4585741811175339,0.18685121107266423,0.625,0.1617647058823528,0.631756756756757,0.53125,0.3611111111111116,0.7907608695652174,0.6666666666666288,Made Tournament,False,True,False,False,False,False,False,False,False,False,False,False,False,False,False,False,False,False,False,False,False,False,False,False,False,False,False,False,False,False,False,False
0.958333333333333,0.6567164179104478,0.5638297872340425,0.17817679558011035,0.8522895125553914,0.28125,0.19444444444444553,0.562814070351759,0.6064814814814814,0.7685185185185186,0.5820552147239262,0.7283236994219655,0.3321799307958475,0.34090909090909083,0.23235294117647065,0.3006756756756759,0.26562499999999956,0.1388888888888884,0.6739130434782609,0.6666666666666288,Made Tournament,False,True,False,False,False,False,False,False,False,False,False,False,False,False,False,False,False,False,False,False,False,False,False,False,False,False,False,False,False,False,False,False
0.958333333333333,0.8656716417910448,1.0,0.27762430939226546,0.9725680523317155,0.9562500000000003,0.25000000000000044,0.23115577889447247,0.4398148148148149,0.4583333333333335,0.4348159509202454,0.5394990366088634,0.08304498269896188,0.7670454545454546,0.25588235294117645,0.9966216216216215,0.375,0.4652777777777777,0.891304347826087,0.6666666666666288,Made Tournament,False,False,False,False,False,True,False,False,False,False,False,False,False,False,False,False,False,False,False,False,False,False,False,False,False,False,False,False,False,False,False,False
0.958333333333333,0.746268656716418,0.960106382978724,0.2803867403314917,0.9587465710065415,0.5,0.4513888888888893,0.3015075376884422,0.9583333333333335,0.875,0.5636503067484664,0.37379576107899815,0.7716262975778545,0.4659090909090904,0.25,0.5439189189189189,0.7500000000000004,0.6388888888888893,0.8097826086956522,0.6666666666666288,Made Tournament,False,False,False,False,False,False,True,False,False,False,False,False,False,False,False,False,False,False,False,False,False,False,False,False,False,False,False,False,False,False,False,False
0.958333333333333,0.835820895522388,0.9069148936170217,0.4654696132596685,0.8647393964971513,0.7749999999999999,0.41666666666666696,0.0,0.46759259259259256,0.39814814814814836,0.5145705521472392,0.5664739884393064,0.28719723183391,0.6534090909090908,0.5617647058823532,0.8074324324324325,0.25781249999999956,0.604166666666667,0.7527173913043479,0.6666666666666288,Made Tournament,False,False,False,False,False,False,False,False,False,False,False,False,False,False,False,False,False,False,False,True,False,False,False,False,False,False,False,False,False,False,False,False
0.958333333333333,0.746268656716418,0.8244680851063833,0.2748618784530388,0.9215024266722938,0.5874999999999999,0.2361111111111116,0.512562814070352,0.3564814814814816,0.8148148148148149,0.6188650306748467,0.8631984585741814,0.36332179930795827,0.6022727272727271,0.40294117647058814,0.570945945945946,0.13281249999999956,0.5555555555555554,0.8016304347826088,0.6666666666666288,Made Tournament,False,False,False,False,False,False,False,False,False,False,False,False,False,False,False,False,False,False,False,False,False,False,False,False,False,False,True,False,False,False,False,False
0.7916666666666665,0.6268656716417911,0.7021276595744683,0.25,0.883519729900823,0.5625,0.24305555555555625,0.57286432160804,0.21759259259259278,0.7314814814814814,0.391871165644172,0.40077071290944133,0.20069204152249132,0.6761363636363633,0.2676470588235298,0.3817567567567566,0.32812499999999956,0.5763888888888893,0.7364130434782609,0.6666666666666288,Made Tournament,False,False,False,False,False,False,False,False,False,False,False,False,False,False,False,False,False,False,False,False,False,False,False,False,False,False,True,False,False,False,False,False
0.958333333333333,0.9253731343283582,0.8617021276595747,0.25552486187845336,0.9417598649504114,0.9125000000000001,0.2569444444444451,0.2613065326633166,0.412037037037037,0.6898148148148149,0.13420245398773045,0.40462427745664753,0.25259515570934243,1.0,0.17352941176470615,0.6452702702702702,0.515625,0.5902777777777777,0.8179347826086958,0.6666666666666288,Made Tournament,False,False,False,False,False,False,False,False,False,False,False,False,False,False,False,False,False,False,False,False,False,False,False,False,False,False,False,False,False,False,False,True
1.0,0.8955223880597015,0.8085106382978728,0.0,0.9949356404304706,0.6937500000000001,0.0,0.4221105527638189,0.9120370370370372,0.4305555555555556,0.477760736196319,0.4354527938342967,0.5121107266435985,0.6931818181818179,0.04411764705882337,0.625,0.10156249999999911,0.38194444444444464,0.875,1.0,Made Tournament,False,False,False,False,False,False,True,False,False,False,False,False,False,False,False,False,False,False,False,False,False,False,False,False,False,False,False,False,False,False,False,False
1.0,1.0,1.0,0.11740331491712741,0.9991559400717451,0.8000000000000003,0.09027777777777857,0.12060301507537674,0.4212962962962963,0.5694444444444444,0.2753067484662577,0.2890173410404626,0.15570934256055358,0.6761363636363633,0.2676470588235298,0.8277027027027026,0.03906249999999911,0.0,0.986413043478261,1.0,Made Tournament,False,True,False,False,False,False,False,False,False,False,False,False,False,False,False,False,False,False,False,False,False,False,False,False,False,False,False,False,False,False,False,False
1.0,0.9253731343283582,0.9069148936170217,0.09806629834254199,0.9896602658788773,0.7000000000000002,0.11111111111111205,0.40201005025125625,0.5972222222222221,0.8101851851851853,0.5268404907975459,0.4470134874759155,0.07612456747404839,0.9886363636363638,0.2264705882352942,0.2398648648648649,0.11718749999999911,0.8055555555555554,0.9891304347826088,1.0,Made Tournament,False,True,False,False,False,False,False,False,False,False,False,False,False,False,False,False,False,False,False,False,False,False,False,False,False,False,False,False,False,False,False,False
0.875,0.746268656716418,1.0,0.23895027624309417,0.9783709643384679,0.7000000000000002,0.3888888888888897,0.23115577889447247,0.5231481481481484,0.7592592592592593,0.3734662576687118,0.3198458574181118,0.3425605536332179,0.6193181818181817,0.355882352941177,0.685810810810811,0.453125,0.3472222222222223,0.8505434782608696,1.0,Made Tournament,False,False,False,False,False,True,False,False,False,False,False,False,False,False,False,False,False,False,False,False,False,False,False,False,False,False,False,False,False,False,False,False
0.958333333333333,0.8656716417910448,0.8696808510638299,0.11464088397790073,0.981430681578392,0.6625000000000001,0.2222222222222232,0.512562814070352,0.45833333333333326,0.8657407407407407,0.28144171779141125,0.7822736030828519,0.17301038062283736,0.6988636363636362,0.1441176470588239,0.5506756756756754,0.46093749999999956,0.3402777777777777,0.923913043478261,1.0,Made Tournament,False,False,False,False,False,False,False,False,False,False,False,False,False,False,False,False,False,False,False,False,False,False,False,False,False,False,True,False,False,False,False,False
0.958333333333333,0.9552238805970149,1.0,0.11740331491712741,1.0,1.0,0.05555555555555669,0.14070351758793964,0.5601851851851851,0.6203703703703705,0.3611963190184051,0.5279383429672448,0.14186851211072649,1.0,0.13235294117647056,0.6114864864864864,0.1562499999999991,0.6944444444444446,0.875,1.0,Made Tournament,False,False,False,False,False,False,False,False,False,False,False,False,False,False,False,False,False,False,False,False,False,False,False,False,False,False,False,False,False,False,False,True
1.0,0.9253731343283582,0.9335106382978728,0.1477900552486191,0.984490398818316,0.8000000000000003,0.034722222222222765,0.5025125628140703,0.18055555555555558,0.7314814814814814,0.3366564417177915,0.4624277456647401,0.19723183391003452,0.7784090909090904,0.04411764705882337,0.7128378378378377,0.24999999999999956,0.45833333333333304,0.9755434782608696,1.0,Made Tournament,False,False,False,False,False,True,False,False,False,False,False,False,False,False,False,False,False,False,False,False,False,False,False,False,False,False,False,False,False,False,False,False
1.0,0.8656716417910448,0.9707446808510642,0.26381215469613295,0.9658155729056762,0.75,0.5763888888888897,0.33165829145728654,1.0,0.6250000000000002,0.7292944785276072,0.35838150289017334,0.5051903114186849,0.6306818181818183,0.6029411764705883,0.7331081081081083,0.49999999999999956,0.5069444444444446,0.8505434782608696,1.0,Made Tournament,False,False,False,False,False,False,False,False,False,False,False,False,False,False,False,False,False,False,False,False,False,False,False,False,False,False,True,False,False,False,False,False
0.625,0.6865671641791045,0.5984042553191489,0.3908839779005522,0.7077442498417388,0.6687500000000002,0.3402777777777781,0.32160804020100486,0.3472222222222221,0.24074074074074092,0.23849693251533766,0.25818882466281323,0.2837370242214532,0.6931818181818179,0.361764705882353,0.5641891891891895,0.35937499999999956,0.28472222222222143,0.6603260869565217,1.0,No Tournament,True,False,False,False,False,False,False,False,False,False,False,False,False,False,False,False,False,False,False,False,False,False,False,False,False,False,False,False,False,False,False,False
0.625,0.5970149253731344,0.6994680851063828,0.36602209944751385,0.807026798902722,0.8562500000000002,0.31250000000000044,0.5326633165829147,0.3564814814814816,0.40740740740740744,0.39800613496932513,0.40462427745664753,0.0692041522491349,1.0,0.38529411764705923,0.4020270270270272,0.28906249999999956,0.28472222222222143,0.6222826086956522,1.0,No Tournament,True,False,False,False,False,False,False,False,False,False,False,False,False,False,False,False,False,False,False,False,False,False,False,False,False,False,False,False,False,False,False,False
0.5416666666666665,0.5373134328358209,0.5053191489361701,0.5179558011049723,0.4809031441232327,0.46875,0.4513888888888893,0.6331658291457287,0.800925925925926,0.6388888888888888,0.8703987730061349,0.5163776493256265,0.3494809688581313,0.5965909090909092,0.4911764705882353,0.33445945945945965,0.42187499999999956,0.625,0.5027173913043479,1.0,No Tournament,True,False,False,False,False,False,False,False,False,False,False,False,False,False,False,False,False,False,False,False,False,False,False,False,False,False,False,False,False,False,False,False
0.45833333333333304,0.3283582089552239,0.2978723404255317,0.46823204419889475,0.3075543363578814,0.2749999999999999,0.4236111111111116,0.29145728643216073,0.5694444444444446,0.3240740740740744,0.4348159509202454,0.11175337186897871,0.5224913494809686,0.23295454545454541,0.4970588235294118,0.3885135135135136,0.35156249999999956,0.2986111111111107,0.27989130434782605,1.0,No Tournament,True,False,False,False,False,False,False,False,False,False,False,False,False,False,False,False,False,False,False,False,False,False,False,False,False,False,False,False,False,False,False,False
0.625,0.5074626865671642,0.478723404255319,0.5041436464088398,0.4665541253428993,0.4812500000000002,0.4722222222222232,0.5427135678391959,0.48611111111111116,0.5046296296296298,0.38573619631901845,0.4855491329479771,0.3044982698961938,0.5625,0.6147058823529412,0.3885135135135136,0.28124999999999956,0.5,0.5,1.0,No Tournament,True,False,False,False,False,False,False,False,False,False,False,False,False,False,False,False,False,False,False,False,False,False,False,False,False,False,False,False,False,False,False,False
0.625,0.23880597014925373,0.28191489361702127,0.5207182320441985,0.2451994091580502,0.2124999999999999,0.5416666666666674,0.47236180904522596,0.3842592592592595,0.24537037037037046,0.4654907975460123,0.4238921001926783,0.2906574394463666,0.26704545454545414,0.5088235294117647,0.26013513513513553,0.5625,0.4722222222222223,0.2554347826086956,1.0,No Tournament,True,False,False,False,False,False,False,False,False,False,False,False,False,False,False,False,False,False,False,False,False,False,False,False,False,False,False,False,False,False,False,False
0.45833333333333304,0.26865671641791045,0.396276595744681,0.4654696132596685,0.41717661953998725,0.30000000000000027,0.5486111111111116,0.6733668341708541,0.6342592592592593,0.5,0.49003067484662566,0.2658959537572254,0.6747404844290654,0.26704545454545414,0.5911764705882354,0.3952702702702706,0.453125,0.5972222222222223,0.3233695652173913,1.0,No Tournament,True,False,False,False,False,False,False,False,False,False,False,False,False,False,False,False,False,False,False,False,False,False,False,False,False,False,False,False,False,False,False,False
0.5416666666666665,0.2985074626865672,0.47340425531914887,0.6339779005524857,0.3341422240979109,0.5437500000000002,0.5416666666666674,0.6733668341708541,0.3564814814814816,0.6203703703703705,0.37960122699386534,0.37379576107899815,0.6782006920415222,0.5454545454545454,0.5558823529411767,0.5236486486486487,0.515625,0.4861111111111116,0.30978260869565216,1.0,No Tournament,True,False,False,False,False,False,False,False,False,False,False,False,False,False,False,False,False,False,False,False,False,False,False,False,False,False,False,False,False,False,False,False
0.625,0.5074626865671642,0.49734042553191493,0.3936464088397793,0.6059295209959907,0.3125,0.36805555555555625,0.4321608040201006,0.6712962962962963,0.6111111111111112,0.42868098159509205,0.5857418111753372,0.4809688581314877,0.5340909090909087,0.44999999999999973,0.05067567567567588,0.30468749999999956,0.47916666666666696,0.5,1.0,No Tournament,True,False,False,False,False,False,False,False,False,False,False,False,False,False,False,False,False,False,False,False,False,False,False,False,False,False,False,False,False,False,False,False
0.625,0.35820895522388063,0.6170212765957448,0.6063535911602207,0.5106562565942182,0.7312500000000002,0.6736111111111116,0.18090452261306544,0.5138888888888888,0.04629629629629661,0.5513803680981595,0.35067437379576116,0.23875432525951545,0.8465909090909092,0.7558823529411764,0.5033783783783785,0.46874999999999956,0.3611111111111116,0.3179347826086957,1.0,No Tournament,True,False,False,False,False,False,False,False,False,False,False,False,False,False,False,False,False,False,False,False,False,False,False,False,False,False,False,False,False,False,False,False
0.625,0.3880597014925373,0.5452127659574466,0.5428176795580106,0.5005275374551593,0.3500000000000001,0.5763888888888897,0.0,0.25462962962962954,0.1805555555555558,0.21395705521472408,0.3892100192678227,0.18339100346020754,0.4090909090909087,0.5147058823529411,0.33445945945945965,0.59375,0.541666666666667,0.39945652173913043,1.0,No Tournament,True,False,False,False,False,False,False,False,False,False,False,False,False,False,False,False,False,False,False,False,False,False,False,False,False,False,False,False,False,False,False,False
0.708333333333333,0.5074626865671642,0.43351063829787195,0.2610497237569058,0.6756699725680524,0.3687499999999999,0.2638888888888897,0.522613065326633,0.6342592592592593,0.5138888888888891,0.477760736196319,0.25433526011560703,0.3356401384083043,0.41477272727272707,0.29705882352941204,0.375,0.30468749999999956,0.2499999999999991,0.4592391304347826,1.0,No Tournament,True,False,False,False,False,False,False,False,False,False,False,False,False,False,False,False,False,False,False,False,False,False,False,False,False,False,False,False,False,False,False,False
0.45833333333333304,0.3880597014925373,0.5691489361702127,0.43784530386740306,0.6345220510656256,0.3812500000000001,0.34722222222222276,0.40201005025125625,0.337962962962963,0.4861111111111114,0.6495398773006134,0.5163776493256265,0.2629757785467126,0.4829545454545454,0.44999999999999973,0.3006756756756759,0.28124999999999956,0.4722222222222223,0.5380434782608696,1.0,No Tournament,False,True,False,False,False,False,False,False,False,False,False,False,False,False,False,False,False,False,False,False,False,False,False,False,False,False,False,False,False,False,False,False
0.708333333333333,0.5671641791044776,0.5957446808510638,0.12845303867403324,0.8975522262080607,0.5187500000000003,0.2916666666666674,0.6231155778894473,0.6342592592592593,0.4490740740740742,0.22009202453987742,0.4585741811175339,0.2837370242214532,0.6193181818181817,0.1911764705882355,0.375,0.515625,0.375,0.6875,1.0,No Tournament,False,True,False,False,False,False,False,False,False,False,False,False,False,False,False,False,False,False,False,False,False,False,False,False,False,False,False,False,False,False,False,False
0.5416666666666665,0.3880597014925373,0.40159574468085113,0.27762430939226546,0.6266089892382359,0.42500000000000027,0.1597222222222232,0.7537688442211057,0.5324074074074074,0.3333333333333335,0.6556748466257669,0.48940269749518306,0.44982698961937695,0.5738636363636362,0.30294117647058805,0.23310810810810834,0.10156249999999911,0.4513888888888893,0.5543478260869565,1.0,No Tournament,False,True,False,False,False,False,False,False,False,False,False,False,False,False,False,False,False,False,False,False,False,False,False,False,False,False,False,False,False,False,False,False
0.5416666666666665,0.3880597014925373,0.6515957446808511,0.36325966850828717,0.7771681789407048,0.5249999999999999,0.5972222222222228,0.34170854271356776,0.6342592592592593,0.36111111111111116,0.5452453987730062,0.35452793834296736,0.03114186851211065,0.6136363636363633,0.6205882352941181,0.40878378378378377,0.5078125,0.4375,0.5461956521739131,1.0,No Tournament,False,True,False,False,False,False,False,False,False,False,False,False,False,False,False,False,False,False,False,False,False,False,False,False,False,False,False,False,False,False,False,False
0.875,0.6865671641791045,0.7340425531914896,0.32734806629834257,0.8548216923401561,0.6000000000000001,0.41666666666666696,0.38190954773869357,0.7916666666666667,0.8287037037037037,0.48389570552147254,0.2658959537572254,0.5882352941176467,0.625,0.5794117647058825,0.5371621621621623,0.1953124999999991,0.75,0.7364130434782609,1.0,No Tournament,False,True,False,False,False,False,False,False,False,False,False,False,False,False,False,False,False,False,False,False,False,False,False,False,False,False,False,False,False,False,False,False
0.625,0.3880597014925373,0.5984042553191489,0.3908839779005522,0.7084828022789619,0.23750000000000027,0.3888888888888897,0.05025125628140703,0.3194444444444444,0.5046296296296298,0.625,0.3275529865125242,0.0,0.2727272727272725,0.4382352941176473,0.2871621621621623,0.3671875,0.31944444444444375,0.5298913043478262,1.0,No Tournament,False,True,False,False,False,False,False,False,False,False,False,False,False,False,False,False,False,False,False,False,False,False,False,False,False,False,False,False,False,False,False,False
0.625,0.3880597014925373,0.49202127659574435,0.34668508287292843,0.6493986073011183,0.34375,0.29861111111111205,0.613065326633166,0.7731481481481481,0.6481481481481484,0.7292944785276072,0.7976878612716765,0.38408304498269885,0.35795454545454497,0.2735294117647058,0.3952702702702706,0.40625,0.4652777777777777,0.5135869565217391,1.0,No Tournament,False,True,False,False,False,False,False,False,False,False,False,False,False,False,False,False,False,False,False,False,False,False,False,False,False,False,False,False,False,False,False,False
0.45833333333333304,0.2985074626865672,0.49734042553191493,0.48480662983425393,0.5086516142646128,0.1499999999999999,0.6875000000000004,0.5929648241206029,0.29166666666666674,0.7314814814814814,0.391871165644172,0.6165703275529868,0.46366782006920415,0.19886363636363624,0.797058823529412,0.2398648648648649,0.4453125,0.47916666666666696,0.48097826086956524,1.0,No Tournament,False,True,False,False,False,False,False,False,False,False,False,False,False,False,False,False,False,False,False,False,False,False,False,False,False,False,False,False,False,False,False,False
0.45833333333333304,0.3283582089552239,0.34840425531914887,0.5842541436464086,0.25501160582401344,0.4312499999999999,0.6041666666666674,0.743718592964824,0.5138888888888888,0.42592592592592604,0.4532208588957056,0.4200385356454721,0.2906574394463666,0.35795454545454497,0.5794117647058825,0.5101351351351351,0.5859375,0.36805555555555536,0.2581521739130435,1.0,No Tournament,False,False,True,False,False,False,False,False,False,False,False,False,False,False,False,False,False,False,False,False,False,False,False,False,False,False,False,False,False,False,False,False
0.45833333333333304,0.26865671641791045,0.2952127659574466,0.7361878453038666,0.12038404726735596,0.4437500000000001,0.6180555555555558,0.5025125628140703,0.3472222222222221,0.12962962962962987,0.66180981595092,0.10404624277456642,0.11764705882352933,0.4431818181818179,0.4617647058823531,0.4493243243243241,0.7812500000000004,0.3611111111111116,0.2119565217391305,1.0,No Tournament,False,False,True,False,False,False,False,False,False,False,False,False,False,False,False,False,False,False,False,False,False,False,False,False,False,False,False,False,False,False,False,False
0.5416666666666665,0.5074626865671642,0.5851063829787235,0.6919889502762429,0.392698881620595,0.7375000000000003,0.6388888888888897,0.4321608040201006,0.587962962962963,0.3333333333333335,0.6188650306748467,0.4431599229287093,0.2802768166089964,0.6193181818181817,0.7088235294117649,0.7398648648648649,0.46874999999999956,0.4375,0.4347826086956522,1.0,No Tournament,False,False,True,False,False,False,False,False,False,False,False,False,False,False,False,False,False,False,False,False,False,False,False,False,False,False,False,False,False,False,False,False
0.45833333333333304,0.11940298507462685,0.2180851063829783,0.6975138121546958,0.09464021945558135,0.3875000000000002,0.8263888888888893,0.8743718592964822,0.5694444444444446,0.36111111111111116,0.38573619631901845,0.1541425818882467,0.5813148788927334,0.5284090909090904,0.6794117647058826,0.2533783783783785,0.8046875000000004,0.22916666666666607,0.11684782608695654,1.0,No Tournament,False,False,True,False,False,False,False,False,False,False,False,False,False,False,False,False,False,False,False,False,False,False,False,False,False,False,False,False,False,False,False,False
0.125,0.11940298507462685,0.0,0.5649171270718227,0.03661109938805655,0.10000000000000009,0.5625000000000004,0.49246231155778886,0.3657407407407407,0.15740740740740766,0.23236196319018432,0.01156069364161838,0.5605536332179928,0.0,0.6441176470588239,0.36148648648648685,0.40625,0.3541666666666661,0.13586956521739135,1.0,No Tournament,False,False,True,False,False,False,False,False,False,False,False,False,False,False,False,False,False,False,False,False,False,False,False,False,False,False,False,False,False,False,False,False
0.5416666666666665,0.6865671641791045,0.33776595744680815,0.38535911602209927,0.4369065203629457,0.3562500000000002,0.18055555555555625,0.7236180904522611,0.5231481481481484,0.6990740740740742,0.3182515337423315,0.531791907514451,0.4982698961937715,0.40340909090909083,0.32058823529411784,0.36148648648648685,0.13281249999999956,0.604166666666667,0.5815217391304348,1.0,No Tournament,False,False,True,False,False,False,False,False,False,False,False,False,False,False,False,False,False,False,False,False,False,False,False,False,False,False,False,False,False,False,False,False
0.375,0.41791044776119407,0.4494680851063828,0.7472375690607729,0.2193500738552437,0.7062500000000003,0.5972222222222228,0.613065326633166,0.45833333333333326,0.4120370370370372,0.5452453987730062,0.4816955684007709,0.37370242214532867,0.8238636363636362,0.797058823529412,0.4763513513513513,0.24999999999999956,0.666666666666667,0.3315217391304348,1.0,No Tournament,False,False,True,False,False,False,False,False,False,False,False,False,False,False,False,False,False,False,False,False,False,False,False,False,False,False,False,False,False,False,False,False
0.45833333333333304,0.5970149253731344,0.2659574468085104,0.43232044198895014,0.3075543363578814,0.375,0.5555555555555558,0.48241206030150763,0.9212962962962963,0.2962962962962965,0.21395705521472408,0.36608863198458597,0.38408304498269885,0.5056818181818179,0.6264705882352941,0.2736486486486487,0.4375,0.29166666666666696,0.46467391304347827,1.0,No Tournament,False,False,True,False,False,False,False,False,False,False,False,False,False,False,False,False,False,False,False,False,False,False,False,False,False,False,False,False,False,False,False,False
0.625,0.44776119402985076,0.6117021276595747,0.42403314917127055,0.6890694239290989,0.5375000000000001,0.43055555555555625,0.5025125628140703,0.6527777777777777,0.6574074074074074,0.5697852760736195,0.4277456647398845,0.602076124567474,0.5738636363636362,0.473529411764706,0.4831081081081079,0.39843749999999956,0.5833333333333339,0.5298913043478262,1.0,No Tournament,False,False,False,False,True,False,False,False,False,False,False,False,False,False,False,False,False,False,False,False,False,False,False,False,False,False,False,False,False,False,False,False
0.45833333333333304,0.26865671641791045,0.3723404255319145,0.5400552486187844,0.31726102553281277,0.23125000000000018,0.5277777777777781,0.5527638190954773,0.6064814814814814,0.4675925925925928,0.6188650306748467,0.5394990366088634,0.6920415224913492,0.40340909090909083,0.638235294117647,0.07770270270270285,0.35156249999999956,0.5486111111111116,0.35054347826086957,1.0,No Tournament,False,False,False,False,True,False,False,False,False,False,False,False,False,False,False,False,False,False,False,False,False,False,False,False,False,False,False,False,False,False,False,False
0.875,0.6268656716417911,0.6196808510638299,0.28591160220994505,0.8131462333825702,0.5375000000000001,0.36111111111111205,0.6331658291457287,0.7731481481481481,0.7083333333333333,0.6127300613496931,0.6050096339113682,0.5432525951557092,0.6761363636363633,0.4558823529411766,0.33445945945945965,0.296875,0.9513888888888902,0.6467391304347827,1.0,No Tournament,False,False,False,False,True,False,False,False,False,False,False,False,False,False,False,False,False,False,False,False,False,False,False,False,False,False,False,False,False,False,False,False
0.5416666666666665,0.41791044776119407,0.7287234042553195,0.5124309392265194,0.7127031019202362,0.5500000000000003,0.4583333333333339,0.31155778894472363,0.4212962962962963,0.7083333333333333,0.6556748466257669,0.23892100192678223,0.2664359861591694,0.607954545454545,0.4147058823529415,0.46283783783783816,0.5234375,0.30555555555555536,0.5108695652173914,1.0,No Tournament,False,False,False,False,True,False,False,False,False,False,False,False,False,False,False,False,False,False,False,False,False,False,False,False,False,False,False,False,False,False,False,False
0.958333333333333,0.6865671641791045,0.4521276595744679,0.26933701657458586,0.6870647815994935,0.4187500000000002,0.34722222222222276,0.914572864321608,0.8287037037037037,0.8425925925925926,0.3611963190184051,1.0,0.7370242214532869,0.44886363636363624,0.4147058823529415,0.40878378378378377,0.32031249999999956,0.45833333333333304,0.5625,1.0,No Tournament,False,False,False,False,True,False,False,False,False,False,False,False,False,False,False,False,False,False,False,False,False,False,False,False,False,False,False,False,False,False,False,False
0.45833333333333304,0.08955223880597014,0.3244680851063828,0.534530386740331,0.2732644017725258,0.2937500000000002,0.5000000000000009,0.7537688442211057,0.19907407407407418,0.4120370370370372,0.6127300613496931,0.4315992292870905,0.3391003460207611,0.34659090909090917,0.5617647058823532,0.30743243243243246,0.40625,0.6388888888888893,0.2173913043478261,1.0,No Tournament,False,False,False,False,True,False,False,False,False,False,False,False,False,False,False,False,False,False,False,False,False,False,False,False,False,False,False,False,False,False,False,False
0.5416666666666665,0.5074626865671642,0.5319148936170213,0.37430939226519344,0.6584722515298586,0.5500000000000003,0.3263888888888897,0.4522613065326633,0.4305555555555558,0.22685185185185208,0.5207055214723926,0.8400770712909444,0.2941176470588234,0.607954545454545,0.361764705882353,0.45608108108108114,0.34374999999999956,0.5625,0.5896739130434783,1.0,No Tournament,False,False,False,False,True,False,False,False,False,False,False,False,False,False,False,False,False,False,False,False,False,False,False,False,False,False,False,False,False,False,False,False
0.958333333333333,0.6268656716417911,0.5771276595744683,0.25,0.8102975311247098,0.28125,0.2916666666666674,0.3919597989949748,0.4305555555555558,0.6666666666666667,0.3673312883435582,0.277456647398844,0.5882352941176467,0.36931818181818166,0.3147058823529414,0.2533783783783785,0.35937499999999956,0.5138888888888893,0.6059782608695653,1.0,No Tournament,False,False,False,False,True,False,False,False,False,False,False,False,False,False,False,False,False,False,False,False,False,False,False,False,False,False,False,False,False,False,False,False
0.375,0.3880597014925373,0.40159574468085113,0.5290055248618781,0.3596750369276218,0.6375000000000002,0.6041666666666674,0.7738693467336681,0.5787037037037037,0.34722222222222254,0.60659509202454,0.39691714836223513,0.19377162629757771,0.5738636363636362,0.5147058823529411,0.6520270270270272,0.65625,0.541666666666667,0.3831521739130435,1.0,No Tournament,False,False,False,True,False,False,False,False,False,False,False,False,False,False,False,False,False,False,False,False,False,False,False,False,False,False,False,False,False,False,False,False
0.375,0.3283582089552239,0.3244680851063828,0.5704419889502761,0.24424984173876343,0.4500000000000002,0.6041666666666674,0.64321608040201,0.48611111111111116,0.4722222222222223,0.39800613496932513,0.34296724470134876,0.24221453287197225,0.5909090909090908,0.5382352941176469,0.2668918918918921,0.671875,0.729166666666667,0.296195652173913,1.0,No Tournament,False,False,False,True,False,False,False,False,False,False,False,False,False,False,False,False,False,False,False,False,False,False,False,False,False,False,False,False,False,False,False,False
0.375,0.11940298507462685,0.1702127659574466,0.6422651933701653,0.09337412956319897,0.0,0.7152777777777786,0.5527638190954773,0.3842592592592595,0.5138888888888891,0.60659509202454,0.3275529865125242,0.204152249134948,0.0,0.7382352941176475,0.28040540540540526,0.5859375,0.5277777777777777,0.17934782608695643,1.0,No Tournament,False,False,False,True,False,False,False,False,False,False,False,False,False,False,False,False,False,False,False,False,False,False,False,False,False,False,False,False,False,False,False,False
0.7916666666666665,0.835820895522388,0.6755319148936172,0.3439226519337013,0.8085039037771682,0.7749999999999999,0.34722222222222276,0.4321608040201006,0.6157407407407409,0.3657407407407409,0.17714723926380405,0.5664739884393064,0.2110726643598615,0.7499999999999996,0.43235294117647083,0.6925675675675675,0.28906249999999956,0.8611111111111125,0.6711956521739131,1.0,No Tournament,False,False,False,True,False,False,False,False,False,False,False,False,False,False,False,False,False,False,False,False,False,False,False,False,False,False,False,False,False,False,False,False
0.708333333333333,0.6268656716417911,0.396276595744681,0.49585635359115976,0.38299219244566357,0.5187500000000003,0.3888888888888897,0.3618090452261309,0.45833333333333326,0.17592592592592604,0.37960122699386534,0.647398843930636,0.2733564013840828,0.5227272727272725,0.44999999999999973,0.5101351351351351,0.34374999999999956,0.43055555555555536,0.5163043478260869,1.0,No Tournament,False,False,False,True,False,False,False,False,False,False,False,False,False,False,False,False,False,False,False,False,False,False,False,False,False,False,False,False,False,False,False,False
0.2916666666666665,0.26865671641791045,0.2473404255319145,0.5290055248618781,0.20995990715340787,0.1312500000000001,0.6388888888888897,0.5829145728643217,0.3935185185185184,0.42592592592592604,0.2569018404907979,0.35452793834296736,0.5605536332179928,0.21590909090909038,0.6735294117647062,0.1655405405405408,0.5234375,0.5486111111111116,0.2853260869565218,1.0,No Tournament,False,False,False,True,False,False,False,False,False,False,False,False,False,False,False,False,False,False,False,False,False,False,False,False,False,False,False,False,False,False,False,False
0.45833333333333304,0.44776119402985076,0.4707446808510638,0.5013812154696131,0.46064570584511494,0.6062500000000002,0.3263888888888897,0.8341708542713568,0.3657407407407407,0.5231481481481481,0.7231595092024539,0.1425818882466281,0.3044982698961938,0.7159090909090908,0.36764705882352944,0.4493243243243241,0.375,0.7916666666666679,0.47010869565217395,1.0,No Tournament,False,False,False,True,False,False,False,False,False,False,False,False,False,False,False,False,False,False,False,False,False,False,False,False,False,False,False,False,False,False,False,False
0.2916666666666665,0.1791044776119403,0.2978723404255317,0.7444751381215462,0.11742983751846381,0.1937500000000001,0.7708333333333339,0.40201005025125625,0.46759259259259256,0.4537037037037037,0.6802147239263803,0.1310211946050096,0.38754325259515565,0.24999999999999956,0.7676470588235298,0.2533783783783785,0.6406250000000004,0.604166666666667,0.20380434782608697,1.0,No Tournament,False,False,False,True,False,False,False,False,False,False,False,False,False,False,False,False,False,False,False,False,False,False,False,False,False,False,False,False,False,False,False,False
0.625,0.3283582089552239,0.6622340425531918,0.37154696132596676,0.7772736864317366,0.4500000000000002,0.611111111111112,0.49246231155778886,0.8194444444444446,0.5092592592592595,0.6740797546012267,0.3044315992292872,0.7128027681660896,0.43181818181818166,0.7323529411764707,0.4898648648648649,0.35937499999999956,0.6875000000000009,0.5353260869565217,1.0,No Tournament,False,False,False,False,False,True,False,False,False,False,False,False,False,False,False,False,False,False,False,False,False,False,False,False,False,False,False,False,False,False,False,False
0.7916666666666665,0.5373134328358209,0.603723404255319,0.26381215469613295,0.8181050854610677,0.5375000000000001,0.33333333333333437,0.4422110552763818,0.4768518518518521,0.46296296296296324,0.44095092024539895,0.5009633911368017,0.25605536332179923,0.7102272727272725,0.361764705882353,0.2668918918918921,0.3671875,0.4513888888888893,0.6847826086956522,1.0,No Tournament,False,False,False,False,False,True,False,False,False,False,False,False,False,False,False,False,False,False,False,False,False,False,False,False,False,False,False,False,False,False,False,False
0.7916666666666665,0.5373134328358209,0.7367021276595747,0.3439226519337013,0.8460645705845115,0.42500000000000027,0.3263888888888897,0.08040201005025138,0.587962962962963,0.4814814814814816,0.6863496932515338,0.4393063583815029,0.2837370242214532,0.4545454545454546,0.3382352941176472,0.41554054054054035,0.42187499999999956,0.41666666666666696,0.6847826086956522,1.0,No Tournament,False,False,False,False,False,True,False,False,False,False,False,False,False,False,False,False,False,False,False,False,False,False,False,False,False,False,False,False,False,False,False,False
0.5416666666666665,0.35820895522388063,0.43617021276595747,0.1975138121546962,0.7441443342477315,0.2625000000000002,0.2291666666666674,0.2613065326633166,0.45833333333333326,0.28240740740740766,0.3305214723926382,0.3314065510597304,0.422145328719723,0.32954545454545414,0.40294117647058814,0.2736486486486487,0.07031249999999911,0.36805555555555536,0.5298913043478262,1.0,No Tournament,False,False,False,False,False,True,False,False,False,False,False,False,False,False,False,False,False,False,False,False,False,False,False,False,False,False,False,False,False,False,False,False
0.5416666666666665,0.3880597014925373,0.667553191489362,0.1975138121546962,0.8956530913694871,0.3187500000000001,0.4513888888888893,0.46231155778894495,0.6157407407407409,0.6388888888888888,0.3305214723926382,0.4123314065510597,0.4256055363321798,0.375,0.42647058823529393,0.32094594594594605,0.546875,0.47916666666666696,0.6114130434782609,1.0,No Tournament,False,False,False,False,False,True,False,False,False,False,False,False,False,False,False,False,False,False,False,False,False,False,False,False,False,False,False,False,False,False,False,False
0.45833333333333304,0.3880597014925373,0.5345744680851063,0.2886740331491713,0.7459379615952733,0.2875000000000001,0.40277777777777857,0.562814070351759,0.412037037037037,0.7083333333333333,0.3734662576687118,0.3892100192678227,0.36678200692041507,0.375,0.34411764705882364,0.2668918918918921,0.5390624999999996,0.4861111111111116,0.5896739130434783,1.0,No Tournament,False,False,False,False,False,True,False,False,False,False,False,False,False,False,False,False,False,False,False,False,False,False,False,False,False,False,False,False,False,False,False,False
0.5416666666666665,0.3283582089552239,0.646276595744681,0.4129834254143643,0.729162270521207,0.4812500000000002,0.47916666666666696,0.4522613065326633,0.4305555555555558,0.3842592592592593,0.5207055214723926,0.34682080924855496,0.3356401384083043,0.30681818181818166,0.4205882352941175,0.6722972972972974,0.546875,0.38194444444444464,0.5733695652173914,1.0,No Tournament,False,False,False,False,False,False,True,False,False,False,False,False,False,False,False,False,False,False,False,False,False,False,False,False,False,False,False,False,False,False,False,False
0.958333333333333,0.6567164179104478,0.6648936170212765,0.2444751381215471,0.867271576281916,0.6062500000000002,0.34722222222222276,0.57286432160804,0.5231481481481484,0.6064814814814816,0.477760736196319,0.3892100192678227,0.204152249134948,0.6647727272727271,0.5147058823529411,0.49662162162162193,0.1562499999999991,0.5625,0.7146739130434783,1.0,No Tournament,False,False,False,False,False,False,True,False,False,False,False,False,False,False,False,False,False,False,False,False,False,False,False,False,False,False,False,False,False,False,False,False
0.958333333333333,0.5970149253731344,0.7579787234042556,0.222375690607735,0.9204473517619751,0.53125,0.36805555555555625,0.27135678391959783,0.5509259259259258,0.46296296296296324,0.5268404907975459,0.3121387283236994,0.2733564013840828,0.5227272727272725,0.29705882352941204,0.5101351351351351,0.546875,0.28472222222222143,0.6711956521739131,1.0,No Tournament,False,False,False,False,False,False,True,False,False,False,False,False,False,False,False,False,False,False,False,False,False,False,False,False,False,False,False,False,False,False,False,False
0.875,0.41791044776119407,0.6382978723404253,0.41574585635359096,0.7196665963283393,0.3187500000000001,0.6250000000000004,0.7839195979899498,0.5138888888888888,0.8703703703703702,0.477760736196319,0.6666666666666667,0.5605536332179928,0.3977272727272725,0.5970588235294119,0.2939189189189193,0.6015625,0.6875000000000009,0.5842391304347826,1.0,No Tournament,False,False,False,False,False,False,True,False,False,False,False,False,False,False,False,False,False,False,False,False,False,False,False,False,False,False,False,False,False,False,False,False
0.625,0.44776119402985076,0.6835106382978724,0.4212707182320443,0.7520573960751212,0.6062500000000002,0.6458333333333339,0.2613065326633166,0.5509259259259258,0.3518518518518521,0.41027607361963203,0.1387283236994219,0.5017301038062281,0.6136363636363633,0.6500000000000004,0.5439189189189189,0.5703125000000004,0.3611111111111116,0.5652173913043479,1.0,No Tournament,False,False,False,False,False,False,False,True,False,False,False,False,False,False,False,False,False,False,False,False,False,False,False,False,False,False,False,False,False,False,False,False
0.708333333333333,0.5671641791044776,0.6941489361702131,0.3162983425414363,0.8401561510867271,0.8625000000000003,0.6527777777777781,0.512562814070352,0.5694444444444446,0.3055555555555558,0.3611963190184051,0.2851637764932562,0.2110726643598615,0.8579545454545454,0.6911764705882355,0.7195945945945947,0.515625,0.5625,0.6222826086956522,1.0,No Tournament,False,False,False,False,False,False,False,True,False,False,False,False,False,False,False,False,False,False,False,False,False,False,False,False,False,False,False,False,False,False,False,False
0.875,0.5373134328358209,0.7154255319148937,0.5704419889502761,0.6451783076598439,0.6437500000000003,0.6805555555555562,0.5326633165829147,0.4398148148148149,0.675925925925926,0.2875766871165646,0.5587668593448942,0.31487889273356373,0.7215909090909087,0.5911764705882354,0.4763513513513513,0.6953125,0.625,0.5434782608695652,1.0,No Tournament,False,False,False,False,False,False,False,True,False,False,False,False,False,False,False,False,False,False,False,False,False,False,False,False,False,False,False,False,False,False,False,False
0.625,0.5373134328358209,0.6090425531914896,0.43232044198895014,0.6761975100232116,0.5375000000000001,0.4722222222222232,0.4422110552763818,0.31018518518518534,0.5092592592592595,0.32438650306748484,0.6396917148362238,0.2941176470588234,0.5113636363636362,0.4970588235294118,0.5641891891891895,0.4375,0.8055555555555554,0.6168478260869565,1.0,No Tournament,False,False,False,False,False,False,False,True,False,False,False,False,False,False,False,False,False,False,False,False,False,False,False,False,False,False,False,False,False,False,False,False
0.708333333333333,0.5074626865671642,0.5186170212765955,0.2582872928176796,0.7575437856087782,0.3500000000000001,0.4375000000000009,0.522613065326633,0.6712962962962963,0.6342592592592593,0.4532208588957056,0.6743737957610794,0.38062283737024205,0.39204545454545414,0.44999999999999973,0.36148648648648685,0.4453125,0.5,0.5923913043478262,1.0,No Tournament,False,False,False,False,False,False,False,True,False,False,False,False,False,False,False,False,False,False,False,False,False,False,False,False,False,False,False,False,False,False,False,False
0.7916666666666665,0.5373134328358209,0.6808510638297873,0.37154696132596676,0.789407047900401,0.6499999999999999,0.5069444444444451,0.613065326633166,0.3009259259259258,0.6527777777777779,0.38573619631901845,0.4238921001926783,0.10726643598615904,0.8011363636363638,0.44411764705882373,0.3952702702702706,0.5625,0.31944444444444375,0.6059782608695653,1.0,No Tournament,False,False,False,False,False,False,False,True,False,False,False,False,False,False,False,False,False,False,False,False,False,False,False,False,False,False,False,False,False,False,False,False
0.625,0.44776119402985076,0.4069148936170208,0.5732044198895028,0.3197932053175775,0.4937499999999999,0.6319444444444451,0.3618090452261309,0.337962962962963,0.30092592592592626,0.16487730061349737,0.20809248554913307,0.44982698961937695,0.4715909090909087,0.5264705882352945,0.5101351351351351,0.703125,0.4861111111111116,0.36141304347826086,1.0,No Tournament,False,False,False,False,False,False,False,False,True,False,False,False,False,False,False,False,False,False,False,False,False,False,False,False,False,False,False,False,False,False,False,False
0.2916666666666665,0.11940298507462685,0.2579787234042552,0.8936464088397784,0.04790040092846591,0.4937499999999999,0.7152777777777786,0.6532663316582916,0.03240740740740744,0.28240740740740766,0.6802147239263803,0.25433526011560703,0.39100346020761245,0.3352272727272725,0.8382352941176472,0.6993243243243246,0.46093749999999956,0.3125,0.048913043478260865,1.0,No Tournament,False,False,False,False,False,False,False,False,True,False,False,False,False,False,False,False,False,False,False,False,False,False,False,False,False,False,False,False,False,False,False,False
0.20833333333333304,0.2985074626865672,0.47606382978723394,0.8549723756906071,0.17134416543574593,0.6000000000000001,0.8819444444444451,0.4120603015075379,0.18981481481481488,0.3564814814814816,0.5452453987730062,0.277456647398844,0.3044982698961938,0.5568181818181817,0.7676470588235298,0.6047297297297298,0.8750000000000004,0.4375,0.296195652173913,1.0,No Tournament,False,False,False,False,False,False,False,False,True,False,False,False,False,False,False,False,False,False,False,False,False,False,False,False,False,False,False,False,False,False,False,False
0.45833333333333304,0.41791044776119407,0.5531914893617018,0.8301104972375684,0.24393331926566783,0.6875,0.9513888888888893,0.3618090452261309,0.3935185185185184,0.37962962962962976,0.3489263803680984,0.51252408477842,0.22491349480968847,0.5965909090909092,0.9558823529411766,0.6993243243243246,0.734375,0.645833333333333,0.35054347826086957,1.0,No Tournament,False,False,False,False,False,False,False,False,True,False,False,False,False,False,False,False,False,False,False,False,False,False,False,False,False,False,False,False,False,False,False,False
0.04166666666666652,0.3283582089552239,0.3351063829787235,0.5234806629834252,0.2937328550327073,0.5562499999999999,0.6319444444444451,0.4422110552763818,0.4027777777777779,0.13425925925925952,0.2753067484662577,0.21579961464354525,0.2837370242214532,0.5113636363636362,0.6500000000000004,0.5912162162162162,0.5390624999999996,0.6319444444444446,0.33695652173913043,1.0,No Tournament,False,False,False,False,False,False,False,False,True,False,False,False,False,False,False,False,False,False,False,False,False,False,False,False,False,False,False,False,False,False,False,False
0.45833333333333304,0.26865671641791045,0.38829787234042534,0.7279005524861875,0.18421607934163323,0.4937499999999999,0.8055555555555558,0.3517587939698492,0.337962962962963,0.3564814814814816,0.34279141104294486,0.4701348747591523,0.2733564013840828,0.48863636363636376,0.8676470588235294,0.49662162162162193,0.578125,0.5486111111111116,0.23097826086956524,1.0,No Tournament,False,False,False,False,False,False,False,False,True,False,False,False,False,False,False,False,False,False,False,False,False,False,False,False,False,False,False,False,False,False,False,False
0.375,0.5970149253731344,0.46542553191489366,0.479281767955801,0.47921502426672286,0.6625000000000001,0.5555555555555558,0.49246231155778886,0.5231481481481484,0.44444444444444464,0.2875766871165646,0.5086705202312138,0.22837370242214516,0.7386363636363638,0.4911764705882353,0.5168918918918917,0.6796875000000004,0.4097222222222223,0.5027173913043479,1.0,No Tournament,False,False,False,False,False,False,False,False,True,False,False,False,False,False,False,False,False,False,False,False,False,False,False,False,False,False,False,False,False,False,False,False
0.2916666666666665,0.44776119402985076,0.43351063829787195,0.7058011049723754,0.23707533234859676,0.28125,0.7152777777777786,0.5929648241206029,0.5416666666666667,0.9537037037037037,0.4654907975460123,0.6050096339113682,0.7439446366782003,0.43749999999999956,0.7911764705882356,0.17229729729729737,0.49999999999999956,0.5902777777777777,0.3586956521739131,1.0,No Tournament,False,False,False,False,False,False,False,False,True,False,False,False,False,False,False,False,False,False,False,False,False,False,False,False,False,False,False,False,False,False,False,False
0.20833333333333304,0.41791044776119407,0.3085106382978724,0.5538674033149169,0.24424984173876343,0.39375000000000027,0.6388888888888897,0.562814070351759,0.7824074074074072,0.4675925925925928,0.37960122699386534,0.4585741811175339,0.5190311418685118,0.43749999999999956,0.5676470588235292,0.3952702702702706,0.671875,0.4861111111111116,0.3423913043478261,1.0,No Tournament,False,False,False,False,False,False,False,False,True,False,False,False,False,False,False,False,False,False,False,False,False,False,False,False,False,False,False,False,False,False,False,False
0.5416666666666665,0.4776119402985075,0.2978723404255317,0.534530386740331,0.24994724625448408,0.48750000000000027,0.4861111111111116,0.5427135678391959,0.3657407407407407,0.23611111111111138,0.23236196319018432,0.6859344894026977,0.5605536332179928,0.5340909090909087,0.40294117647058814,0.43581081081081097,0.6015625,0.7083333333333339,0.3586956521739131,1.0,No Tournament,False,False,False,False,False,False,False,False,True,False,False,False,False,False,False,False,False,False,False,False,False,False,False,False,False,False,False,False,False,False,False,False
0.45833333333333304,0.5074626865671642,0.40159574468085113,0.5428176795580106,0.3451150031652247,0.6750000000000003,0.3888888888888897,0.25125628140703515,0.26388888888888906,0.05092592592592615,0.3673312883435582,0.597302504816956,0.31487889273356373,0.7272727272727271,0.5029411764705887,0.5371621621621623,0.25781249999999956,0.729166666666667,0.3940217391304348,1.0,No Tournament,False,False,False,False,False,False,False,False,True,False,False,False,False,False,False,False,False,False,False,False,False,False,False,False,False,False,False,False,False,False,False,False
0.375,0.5671641791044776,0.5877659574468086,0.6395027624309386,0.4455581346275585,0.6499999999999999,0.7777777777777786,0.1306532663316584,0.6064814814814814,0.2592592592592595,0.49003067484662566,0.36994219653179194,0.4913494809688579,0.8068181818181817,0.7323529411764707,0.44256756756756754,0.6953125,0.3541666666666661,0.4836956521739131,1.0,No Tournament,False,False,False,False,False,False,False,False,False,True,False,False,False,False,False,False,False,False,False,False,False,False,False,False,False,False,False,False,False,False,False,False
0.375,0.5074626865671642,0.4069148936170208,0.4129834254143643,0.4829077864528381,0.4624999999999999,0.5208333333333339,0.4522613065326633,0.7546296296296298,0.5092592592592595,0.41641104294478537,0.20809248554913307,0.32525951557093413,0.4431818181818179,0.44999999999999973,0.4898648648648649,0.5859375,0.5902777777777777,0.4320652173913043,1.0,No Tournament,False,False,False,False,False,False,False,False,False,True,False,False,False,False,False,False,False,False,False,False,False,False,False,False,False,False,False,False,False,False,False,False
0.5416666666666665,0.5074626865671642,0.5691489361702127,0.6118784530386736,0.4535767039459801,0.40625,0.5138888888888893,0.11055276381909551,0.31018518518518534,0.46296296296296324,0.3489263803680984,0.5086705202312138,0.4878892733564011,0.39204545454545414,0.5500000000000003,0.46283783783783816,0.453125,0.729166666666667,0.375,1.0,No Tournament,False,False,False,False,False,False,False,False,False,True,False,False,False,False,False,False,False,False,False,False,False,False,False,False,False,False,False,False,False,False,False,False
0.2916666666666665,0.44776119402985076,0.36968085106382986,0.5041436464088398,0.34965182527959476,0.4187500000000002,0.47916666666666696,0.693467336683417,0.31018518518518534,0.7407407407407409,0.28144171779141125,0.4701348747591523,0.25259515570934243,0.5909090909090908,0.6088235294117648,0.20608108108108114,0.32812499999999956,0.20833333333333304,0.40760869565217395,1.0,No Tournament,False,False,False,False,False,False,False,False,False,True,False,False,False,False,False,False,False,False,False,False,False,False,False,False,False,False,False,False,False,False,False,False
0.45833333333333304,0.44776119402985076,0.3643617021276593,0.5870165745856353,0.2688330871491875,0.625,0.49305555555555625,0.693467336683417,0.412037037037037,0.2962962962962965,0.263036809815951,0.4624277456647401,0.4117647058823528,0.5795454545454541,0.5500000000000003,0.5912162162162162,0.4140625,0.4513888888888893,0.3315217391304348,1.0,No Tournament,False,False,False,False,False,False,False,False,False,True,False,False,False,False,False,False,False,False,False,False,False,False,False,False,False,False,False,False,False,False,False,False
0.625,0.5671641791044776,0.6143617021276597,0.6671270718232041,0.44661320953787714,0.6875,0.6944444444444446,0.12060301507537674,0.45833333333333326,0.3333333333333335,0.39800613496932513,0.34296724470134876,0.39100346020761245,0.5397727272727271,0.7264705882352942,0.7263513513513513,0.546875,0.47916666666666696,0.4239130434782609,1.0,No Tournament,False,False,False,False,False,False,False,False,False,True,False,False,False,False,False,False,False,False,False,False,False,False,False,False,False,False,False,False,False,False,False,False
0.375,0.6268656716417911,0.5984042553191489,0.5179558011049723,0.581029753112471,0.6499999999999999,0.5902777777777781,0.29145728643216073,0.4768518518518521,0.5370370370370372,0.244631901840491,0.20809248554913307,0.30795847750865035,0.5397727272727271,0.6205882352941181,0.7263513513513513,0.4921875,0.2638888888888884,0.5652173913043479,1.0,No Tournament,False,False,False,False,False,False,False,False,False,True,False,False,False,False,False,False,False,False,False,False,False,False,False,False,False,False,False,False,False,False,False,False
0.20833333333333304,0.08955223880597014,0.22074468085106336,0.838397790055248,0.050116058240135056,0.23750000000000027,0.8541666666666674,0.9999999999999998,0.48611111111111116,0.44444444444444464,0.9930981595092021,0.18111753371868988,0.4117647058823528,0.26136363636363624,0.9147058823529415,0.3006756756756759,0.6093750000000004,0.11805555555555536,0.11956521739130432,1.0,No Tournament,False,False,False,False,False,False,False,False,False,True,False,False,False,False,False,False,False,False,False,False,False,False,False,False,False,False,False,False,False,False,False,False
0.2916666666666665,0.11940298507462685,0.21010638297872308,0.7085635359116016,0.08630512766406415,0.3125,0.6736111111111116,0.64321608040201,0.48611111111111116,0.3055555555555558,0.6372699386503067,0.1425818882466281,0.5951557093425603,0.3522727272727266,0.7558823529411764,0.3277027027027031,0.46093749999999956,0.520833333333333,0.11956521739130432,1.0,No Tournament,False,False,False,False,False,False,False,False,False,True,False,False,False,False,False,False,False,False,False,False,False,False,False,False,False,False,False,False,False,False,False,False
0.125,0.5074626865671642,0.5319148936170213,0.5897790055248615,0.43658999788985015,0.7375000000000003,0.5486111111111116,0.6733668341708541,0.22685185185185186,0.4907407407407409,0.28144171779141125,0.33911368015414256,0.2941176470588234,0.7215909090909087,0.6147058823529412,0.6385135135135136,0.42187499999999956,0.854166666666667,0.5081521739130435,1.0,No Tournament,False,False,False,False,False,False,False,False,False,True,False,False,False,False,False,False,False,False,False,False,False,False,False,False,False,False,False,False,False,False,False,False
0.125,0.14925373134328357,0.3271276595744679,0.8080110497237563,0.10508546106773581,0.30000000000000027,0.6388888888888897,0.3517587939698492,0.24537037037037046,0.3703703703703707,0.64340490797546,0.161849710982659,0.5640138408304496,0.34090909090909083,0.6088235294117648,0.32094594594594605,0.6328125,0.38194444444444464,0.17934782608695643,1.0,No Tournament,False,False,False,False,False,False,False,False,False,False,True,False,False,False,False,False,False,False,False,False,False,False,False,False,False,False,False,False,False,False,False,False
0.5416666666666665,0.44776119402985076,0.3244680851063828,0.4571823204419889,0.34543152563832025,0.4187500000000002,0.3402777777777781,0.562814070351759,0.3564814814814816,0.2962962962962965,0.3734662576687118,0.6512524084778422,0.4809688581314877,0.5511363636363633,0.43235294117647083,0.2398648648648649,0.28124999999999956,0.6319444444444446,0.4211956521739131,1.0,No Tournament,False,False,False,False,False,False,False,False,False,False,True,False,False,False,False,False,False,False,False,False,False,False,False,False,False,False,False,False,False,False,False,False
0.625,0.35820895522388063,0.49202127659574435,0.7113259668508283,0.28497573327706266,0.5687500000000001,0.5694444444444451,0.32160804020100486,0.3842592592592595,0.47685185185185186,0.7108895705521472,0.3930635838150289,0.3598615916955017,0.5511363636363633,0.4147058823529415,0.5979729729729732,0.7812500000000004,0.7152777777777777,0.2853260869565218,1.0,No Tournament,False,False,False,False,False,False,False,False,False,False,True,False,False,False,False,False,False,False,False,False,False,False,False,False,False,False,False,False,False,False,False,False
0.2916666666666665,0.5074626865671642,0.46808510638297873,0.5621546961325965,0.39533656889639157,0.6187499999999999,0.5138888888888893,0.4120603015075379,0.412037037037037,0.40740740740740744,0.23236196319018432,0.36994219653179194,0.38408304498269885,0.6590909090909092,0.5382352941176469,0.5236486486486487,0.4765625,0.38194444444444464,0.45108695652173914,1.0,No Tournament,False,False,False,False,False,False,False,False,False,False,True,False,False,False,False,False,False,False,False,False,False,False,False,False,False,False,False,False,False,False,False,False
0.5416666666666665,0.41791044776119407,0.40159574468085113,0.5428176795580106,0.3446929732010972,0.3250000000000002,0.5347222222222228,0.5527638190954773,0.5509259259259258,0.5,0.7415644171779139,0.7398843930635839,0.2906574394463666,0.3238636363636358,0.6147058823529412,0.44256756756756754,0.39843749999999956,0.7638888888888893,0.3641304347826087,1.0,No Tournament,False,False,False,False,False,False,False,False,False,False,True,False,False,False,False,False,False,False,False,False,False,False,False,False,False,False,False,False,False,False,False,False
0.2916666666666665,0.2985074626865672,0.27925531914893575,0.46823204419889475,0.2895125553914327,0.4125000000000001,0.6527777777777781,0.64321608040201,0.7546296296296298,0.18518518518518556,0.41641104294478537,0.3121387283236994,0.5501730103806228,0.47727272727272707,0.7147058823529413,0.3682432432432434,0.484375,0.36805555555555536,0.30434782608695654,1.0,No Tournament,False,False,False,False,False,False,False,False,False,False,True,False,False,False,False,False,False,False,False,False,False,False,False,False,False,False,False,False,False,False,False,False
0.375,0.26865671641791045,0.32180851063829774,0.7223756906077341,0.1421185904199198,0.5500000000000003,0.7638888888888893,0.6834170854271358,0.28240740740740744,0.3240740740740744,0.34279141104294486,0.042389210019267765,0.4013840830449824,0.375,0.7382352941176475,0.7263513513513513,0.6875000000000004,0.19444444444444375,0.19021739130434784,1.0,No Tournament,False,False,False,False,False,False,False,False,False,False,True,False,False,False,False,False,False,False,False,False,False,False,False,False,False,False,False,False,False,False,False,False
0.375,0.6268656716417911,0.4893617021276597,0.5538674033149169,0.425089681367377,0.4937499999999999,0.4375000000000009,0.33165829145728654,0.337962962962963,0.6944444444444446,0.32438650306748484,0.689788053949904,0.36678200692041507,0.49999999999999956,0.5676470588235292,0.5101351351351351,0.26562499999999956,0.27083333333333304,0.5217391304347827,1.0,No Tournament,False,False,False,False,False,False,False,False,False,False,True,False,False,False,False,False,False,False,False,False,False,False,False,False,False,False,False,False,False,False,False,False
0.5416666666666665,0.6865671641791045,0.5851063829787235,0.48204419889502725,0.6060350284870225,0.7375000000000003,0.6041666666666674,0.21105527638190957,0.5694444444444446,0.34722222222222254,0.3059815950920246,0.4585741811175339,0.15916955017301027,0.8920454545454541,0.7382352941176475,0.43581081081081097,0.38281249999999956,0.33333333333333304,0.6005434782608696,1.0,No Tournament,False,False,False,False,False,False,False,False,False,False,False,True,False,False,False,False,False,False,False,False,False,False,False,False,False,False,False,False,False,False,False,False
0.45833333333333304,0.4776119402985075,0.49468085106382986,0.7306629834254137,0.2695716395864106,0.6812499999999999,0.6527777777777781,0.3718592964824119,0.18055555555555558,0.28240740740740766,0.48389570552147254,0.36994219653179194,0.23529411764705876,0.5852272727272725,0.5147058823529411,0.7128378378378377,0.7812500000000004,0.19444444444444375,0.3831521739130435,1.0,No Tournament,False,False,False,False,False,False,False,False,False,False,False,True,False,False,False,False,False,False,False,False,False,False,False,False,False,False,False,False,False,False,False,False
0.45833333333333304,0.35820895522388063,0.4867021276595742,0.7527624309392262,0.24646549905043255,0.5562499999999999,0.8472222222222228,0.31155778894472363,0.15277777777777768,0.5138888888888891,0.3305214723926382,0.34682080924855496,0.2941176470588234,0.5852272727272725,0.797058823529412,0.5033783783783785,0.7656250000000004,0.604166666666667,0.31521739130434784,1.0,No Tournament,False,False,False,False,False,False,False,False,False,False,False,True,False,False,False,False,False,False,False,False,False,False,False,False,False,False,False,False,False,False,False,False
0.375,0.2985074626865672,0.3829787234042552,0.672651933701657,0.2182949989449251,0.6000000000000001,0.7083333333333339,0.49246231155778886,0.20833333333333326,0.19907407407407418,0.4532208588957056,0.10404624277456642,0.2629757785467126,0.6590909090909092,0.6088235294117648,0.49662162162162193,0.734375,0.520833333333333,0.24184782608695649,1.0,No Tournament,False,False,False,False,False,False,False,False,False,False,False,True,False,False,False,False,False,False,False,False,False,False,False,False,False,False,False,False,False,False,False,False
0.708333333333333,0.7761194029850746,0.795212765957447,0.6339779005524857,0.661215446296687,0.84375,0.6041666666666674,0.03015075376884435,0.49537037037037046,0.4027777777777779,0.5513803680981595,0.620423892100193,0.11072664359861584,0.7897727272727271,0.6088235294117648,0.7736486486486487,0.5390624999999996,0.4861111111111116,0.6331521739130436,1.0,No Tournament,False,False,False,False,False,False,False,False,False,False,False,True,False,False,False,False,False,False,False,False,False,False,False,False,False,False,False,False,False,False,False,False
0.45833333333333304,0.3880597014925373,0.4042553191489362,0.6754143646408832,0.23433213758176832,0.48750000000000027,0.6597222222222228,0.5326633165829147,0.3194444444444444,0.5555555555555558,0.5207055214723926,0.4547206165703277,0.422145328719723,0.39204545454545414,0.6735294117647062,0.631756756756757,0.5703125000000004,0.30555555555555536,0.3016304347826087,1.0,No Tournament,False,False,False,False,False,False,False,False,False,False,False,True,False,False,False,False,False,False,False,False,False,False,False,False,False,False,False,False,False,False,False,False
0.45833333333333304,0.26865671641791045,0.3936170212765955,0.6616022099447507,0.23580924245621435,0.34375,0.6041666666666674,0.5326633165829147,0.20833333333333326,0.7916666666666667,0.391871165644172,0.25048169556840083,0.38754325259515565,0.3977272727272725,0.5676470588235292,0.36148648648648685,0.5703125000000004,0.19444444444444375,0.22554347826086962,1.0,No Tournament,False,False,False,False,False,False,False,False,False,False,False,True,False,False,False,False,False,False,False,False,False,False,False,False,False,False,False,False,False,False,False,False
0.5416666666666665,0.26865671641791045,0.5053191489361701,0.7555248618784525,0.2603924878666385,0.5062500000000001,0.8750000000000004,0.5025125628140703,0.1435185185185186,0.6296296296296298,0.35506134969325154,0.4315992292870905,0.3494809688581313,0.4943181818181812,0.7794117647058822,0.5236486486486487,0.8125,0.5972222222222223,0.23097826086956524,1.0,No Tournament,False,False,False,False,False,False,False,False,False,False,False,True,False,False,False,False,False,False,False,False,False,False,False,False,False,False,False,False,False,False,False,False
0.375,0.3880597014925373,0.46542553191489366,0.5897790055248615,0.3657944714074699,0.75,0.6458333333333339,0.48241206030150763,0.24537037037037046,0.2962962962962965,0.31211656441717817,0.37379576107899815,0.2837370242214532,0.8636363636363633,0.585294117647059,0.5236486486486487,0.6640625,0.5555555555555554,0.3831521739130435,1.0,No Tournament,False,False,False,False,False,False,False,False,False,False,False,True,False,False,False,False,False,False,False,False,False,False,False,False,False,False,False,False,False,False,False,False
0.2916666666666665,0.208955223880597,0.27127659574468055,0.6091160220994474,0.17408736020257437,0.3562500000000002,0.5486111111111116,0.8542713567839197,0.45833333333333326,0.19444444444444464,0.3366564417177915,0.5664739884393064,0.37370242214532867,0.48863636363636376,0.5147058823529411,0.26013513513513553,0.5546875,0.27083333333333304,0.266304347826087,1.0,No Tournament,False,False,False,False,False,False,False,False,False,False,False,False,True,False,False,False,False,False,False,False,False,False,False,False,False,False,False,False,False,False,False,False
0.375,0.5671641791044776,0.4414893617021276,0.5372928176795577,0.39333192656678617,0.40625,0.6736111111111116,0.4221105527638189,0.9675925925925926,0.3518518518518521,0.8274539877300611,0.6281310211946052,0.4705882352941173,0.6590909090909092,0.7323529411764707,0.1385135135135136,0.49999999999999956,1.0,0.47010869565217395,1.0,No Tournament,False,False,False,False,False,False,False,False,False,False,False,False,True,False,False,False,False,False,False,False,False,False,False,False,False,False,False,False,False,False,False,False
0.375,0.4776119402985075,0.36170212765957466,0.34944751381215466,0.5039037771681789,0.34375,0.33333333333333437,0.7236180904522611,0.4768518518518521,0.5046296296296298,0.2753067484662577,0.2697495183044316,0.3321799307958475,0.3636363636363633,0.44411764705882373,0.36148648648648685,0.24999999999999956,0.4652777777777777,0.44021739130434784,1.0,No Tournament,False,False,False,False,False,False,False,False,False,False,False,False,True,False,False,False,False,False,False,False,False,False,False,False,False,False,False,False,False,False,False,False
0.45833333333333304,0.5671641791044776,0.49202127659574435,0.45441988950276224,0.533867904621228,0.4624999999999999,0.40972222222222276,0.3517587939698492,0.5787037037037037,0.5231481481481481,0.48389570552147254,0.5510597302504818,0.2906574394463666,0.4943181818181812,0.4676470588235295,0.43581081081081097,0.35937499999999956,0.3472222222222223,0.4945652173913044,1.0,No Tournament,False,False,False,False,False,False,False,False,False,False,False,False,True,False,False,False,False,False,False,False,False,False,False,False,False,False,False,False,False,False,False,False
0.958333333333333,0.6567164179104478,0.5505319148936172,0.5621546961325965,0.48470141380037973,0.59375,0.5972222222222228,0.2412060301507537,0.7268518518518519,0.22222222222222232,0.6986196319018403,0.34296724470134876,0.36678200692041507,0.6647727272727271,0.6029411764705883,0.46959459459459474,0.5546875,0.9513888888888902,0.5108695652173914,1.0,No Tournament,False,False,False,False,False,False,False,False,False,False,False,False,True,False,False,False,False,False,False,False,False,False,False,False,False,False,False,False,False,False,False,False
0.375,0.2985074626865672,0.31914893617021267,0.5013812154696131,0.29805866216501364,0.26875000000000027,0.5138888888888893,0.9346733668341709,0.4212962962962963,0.6574074074074074,0.44095092024539895,0.3082851637764934,0.4290657439446366,0.28977272727272707,0.5500000000000003,0.34121621621621623,0.4453125,0.49305555555555536,0.3233695652173913,1.0,No Tournament,False,False,False,False,False,False,False,False,False,False,False,False,True,False,False,False,False,False,False,False,False,False,False,False,False,False,False,False,False,False,False,False
0.375,0.5970149253731344,0.3351063829787235,0.3301104972375688,0.4935640430470563,0.42500000000000027,0.2777777777777781,0.6633165829145728,0.6342592592592593,0.5833333333333335,0.21395705521472408,0.23506743737957603,0.5501730103806228,0.5625,0.30882352941176494,0.3006756756756759,0.34374999999999956,0.3402777777777777,0.49184782608695654,1.0,No Tournament,False,False,False,False,False,False,False,False,False,False,False,False,True,False,False,False,False,False,False,False,False,False,False,False,False,False,False,False,False,False,False,False
0.375,0.35820895522388063,0.43882978723404253,0.6477900552486182,0.2867693606246043,0.4812500000000002,0.5694444444444451,0.5427135678391959,0.18055555555555558,0.3935185185185188,0.21395705521472408,0.6512524084778422,0.3044982698961938,0.4261363636363633,0.6088235294117648,0.5439189189189189,0.4765625,0.6736111111111116,0.3315217391304348,1.0,No Tournament,False,False,False,False,False,False,False,False,False,False,False,False,True,False,False,False,False,False,False,False,False,False,False,False,False,False,False,False,False,False,False,False
0.2916666666666665,0.5671641791044776,0.5851063829787235,0.4295580110497239,0.6566786241823169,0.6687500000000002,0.3958333333333339,0.2211055276381908,0.5972222222222221,0.22222222222222232,0.44095092024539895,0.09633911368015413,0.2768166089965396,0.5284090909090904,0.3500000000000001,0.8006756756756759,0.453125,0.2777777777777777,0.5298913043478262,1.0,No Tournament,False,False,False,False,False,False,False,False,False,False,False,False,True,False,False,False,False,False,False,False,False,False,False,False,False,False,False,False,False,False,False,False
0.625,0.5671641791044776,0.5691489361702127,0.5372928176795577,0.5318632622916226,0.5,0.41666666666666696,0.33165829145728654,0.45833333333333326,0.5787037037037039,0.32438650306748484,0.3930635838150289,0.3391003460207611,0.607954545454545,0.40882352941176503,0.36148648648648685,0.42968749999999956,0.30555555555555536,0.4836956521739131,1.0,No Tournament,False,False,False,False,False,False,False,False,False,False,False,False,True,False,False,False,False,False,False,False,False,False,False,False,False,False,False,False,False,False,False,False
0.125,0.208955223880597,0.11170212765957421,0.3991712707182318,0.18822536400084403,0.20625000000000027,0.41666666666666696,0.9346733668341709,0.5601851851851851,0.39814814814814836,0.35506134969325154,0.5048169556840079,0.38408304498269885,0.21022727272727204,0.32058823529411784,0.32094594594594605,0.6093750000000004,0.5069444444444446,0.26358695652173914,1.0,No Tournament,False,False,False,False,False,False,False,False,False,False,False,False,True,False,False,False,False,False,False,False,False,False,False,False,False,False,False,False,False,False,False,False
0.20833333333333304,0.4776119402985075,0.5292553191489362,0.44060773480662974,0.5892593374129562,0.4437500000000001,0.4236111111111116,0.29145728643216073,0.4768518518518521,0.3703703703703707,0.45935582822085896,0.17726396917148368,0.4775086505190309,0.4204545454545454,0.5205882352941176,0.4763513513513513,0.32031249999999956,0.7847222222222223,0.44565217391304346,1.0,No Tournament,False,False,False,False,False,False,False,False,False,False,False,False,True,False,False,False,False,False,False,False,False,False,False,False,False,False,False,False,False,False,False,False
0.708333333333333,0.5671641791044776,0.5079787234042552,0.38259668508287303,0.6285081240768094,0.46875,0.3819444444444451,0.613065326633166,0.5138888888888888,0.5324074074074077,0.44095092024539895,0.6281310211946052,0.13148788927335642,0.5454545454545454,0.34411764705882364,0.3682432432432434,0.4765625,0.5,0.5353260869565217,1.0,No Tournament,False,False,False,False,False,False,False,False,False,False,False,False,True,False,False,False,False,False,False,False,False,False,False,False,False,False,False,False,False,False,False,False
0.2916666666666665,0.26865671641791045,0.4414893617021276,0.6864640883977895,0.25764929309981005,0.5687500000000001,0.5694444444444451,0.5025125628140703,0.3564814814814816,0.37962962962962976,0.7415644171779139,0.3892100192678227,0.422145328719723,0.4715909090909087,0.7088235294117649,0.625,0.35156249999999956,0.604166666666667,0.27173913043478265,1.0,No Tournament,False,False,False,False,False,False,False,False,False,False,False,False,False,True,False,False,False,False,False,False,False,False,False,False,False,False,False,False,False,False,False,False
0.45833333333333304,0.2985074626865672,0.5558510638297873,0.7279005524861875,0.33087149187592313,0.45625000000000027,0.7638888888888893,0.2814070351758795,0.6342592592592593,0.5185185185185186,0.9501533742331283,0.36223506743737977,0.3771626297577855,0.34659090909090917,0.8852941176470592,0.5641891891891895,0.4765625,0.5625,0.35054347826086957,1.0,No Tournament,False,False,False,False,False,False,False,False,False,False,False,False,False,True,False,False,False,False,False,False,False,False,False,False,False,False,False,False,False,False,False,False
0.875,0.5970149253731344,0.5,0.5317679558011048,0.46233382570162473,0.5687500000000001,0.6041666666666674,0.3718592964824119,0.5416666666666667,0.3842592592592593,0.64340490797546,0.4739884393063585,0.36332179930795827,0.6136363636363633,0.6676470588235297,0.4898648648648649,0.46874999999999956,0.8819444444444455,0.4565217391304348,1.0,No Tournament,False,False,False,False,False,False,False,False,False,False,False,False,False,True,False,False,False,False,False,False,False,False,False,False,False,False,False,False,False,False,False,False
0.375,0.44776119402985076,0.41755319148936154,0.43232044198895014,0.4743616796792572,0.6812499999999999,0.3402777777777781,0.6532663316582916,0.4305555555555558,0.3148148148148149,0.5820552147239262,0.23892100192678223,0.6989619377162628,0.7670454545454546,0.33235294117647074,0.5168918918918917,0.42187499999999956,0.666666666666667,0.4103260869565218,1.0,No Tournament,False,False,False,False,False,False,False,False,False,False,False,False,False,True,False,False,False,False,False,False,False,False,False,False,False,False,False,False,False,False,False,False
0.45833333333333304,0.44776119402985076,0.46808510638297873,0.548342541436464,0.40789196032918335,0.48750000000000027,0.6388888888888897,0.613065326633166,0.6157407407407409,0.75,0.4225460122699387,0.5240847784200389,0.39446366782006925,0.5625,0.5617647058823532,0.3885135135135136,0.671875,0.5833333333333339,0.40217391304347827,1.0,No Tournament,False,False,False,False,False,False,False,False,False,False,False,False,False,True,False,False,False,False,False,False,False,False,False,False,False,False,False,False,False,False,False,False
0.375,0.23880597014925373,0.36702127659574435,0.6008287292817678,0.25870436801012864,0.3562500000000002,0.5763888888888897,0.4522613065326633,0.21759259259259278,0.39814814814814836,0.4532208588957056,0.25433526011560703,0.5017301038062281,0.3352272727272725,0.697058823529412,0.44256756756756754,0.38281249999999956,0.3888888888888884,0.24728260869565216,1.0,No Tournament,False,False,False,False,False,False,False,False,False,False,False,False,False,True,False,False,False,False,False,False,False,False,False,False,False,False,False,False,False,False,False,False
0.5416666666666665,0.44776119402985076,0.5851063829787235,0.5897790055248615,0.49335302806499254,0.7437499999999999,0.6666666666666674,0.49246231155778886,0.3935185185185184,0.3518518518518521,0.7108895705521472,0.5433526011560696,0.2145328719723183,0.6647727272727271,0.7088235294117649,0.7195945945945947,0.53125,0.541666666666667,0.4048913043478261,1.0,No Tournament,False,False,False,False,False,False,False,False,False,False,False,False,False,True,False,False,False,False,False,False,False,False,False,False,False,False,False,False,False,False,False,False
0.625,0.5970149253731344,0.5718085106382977,0.39640883977900554,0.6793627347541675,0.5375000000000001,0.6736111111111116,0.38190954773869357,0.6620370370370372,0.587962962962963,0.3059815950920246,0.5202312138728327,0.23529411764705876,0.5568181818181817,0.6441176470588239,0.49662162162162193,0.6328125,0.31944444444444375,0.5054347826086957,1.0,No Tournament,False,False,False,False,False,False,False,False,False,False,False,False,False,True,False,False,False,False,False,False,False,False,False,False,False,False,False,False,False,False,False,False
0.375,0.3283582089552239,0.5053191489361701,0.700276243093922,0.30607723148343524,0.4500000000000002,0.7083333333333339,0.5025125628140703,0.3009259259259258,0.712962962962963,0.49003067484662566,0.05780346820809246,0.5778546712802766,0.44886363636363624,0.8147058823529414,0.46283783783783816,0.453125,0.4652777777777777,0.30434782608695654,1.0,No Tournament,False,False,False,False,False,False,False,False,False,False,False,False,False,True,False,False,False,False,False,False,False,False,False,False,False,False,False,False,False,False,False,False
0.375,0.5671641791044776,0.3643617021276593,0.319060773480663,0.5388267566997257,0.5,0.3194444444444451,0.6834170854271358,0.7361111111111109,0.2962962962962965,0.4041411042944787,0.5818882466281312,0.32871972318339093,0.5454545454545454,0.5264705882352945,0.44256756756756754,0.12499999999999911,0.7222222222222232,0.5298913043478262,1.0,No Tournament,False,False,False,False,False,False,False,False,False,False,False,False,False,False,True,False,False,False,False,False,False,False,False,False,False,False,False,False,False,False,False,False
0.04166666666666652,0.26865671641791045,0.457446808510638,0.5511049723756902,0.39744671871702886,0.5687500000000001,0.6041666666666674,0.4522613065326633,0.5509259259259258,0.2870370370370372,0.38573619631901845,0.030828516377649162,0.5640138408304496,0.5681818181818179,0.5794117647058825,0.5506756756756754,0.578125,0.47916666666666696,0.34510869565217395,1.0,No Tournament,False,False,False,False,False,False,False,False,False,False,False,False,False,False,True,False,False,False,False,False,False,False,False,False,False,False,False,False,False,False,False,False
0.2916666666666665,0.41791044776119407,0.37765957446808507,0.506906077348066,0.3529225575015825,0.5437500000000002,0.49305555555555625,0.5427135678391959,0.412037037037037,0.03240740740740777,0.48389570552147254,0.4739884393063585,0.17301038062283736,0.6647727272727271,0.5558823529411767,0.3817567567567566,0.4140625,0.5069444444444446,0.453804347826087,1.0,No Tournament,False,False,False,False,False,False,False,False,False,False,False,False,False,False,True,False,False,False,False,False,False,False,False,False,False,False,False,False,False,False,False,False
0.20833333333333304,0.2985074626865672,0.47606382978723394,0.575966850828729,0.39132728423718083,0.5874999999999999,0.6666666666666674,0.4120603015075379,0.28240740740740744,0.2685185185185186,0.23849693251533766,0.12331406551059731,0.2110726643598615,0.5681818181818179,0.7911764705882356,0.5777027027027026,0.3671875,0.375,0.3342391304347826,1.0,No Tournament,False,False,False,False,False,False,False,False,False,False,False,False,False,False,True,False,False,False,False,False,False,False,False,False,False,False,False,False,False,False,False,False
0.375,0.5373134328358209,0.5372340425531914,0.37983425414364635,0.6606879088415277,0.6812499999999999,0.4722222222222232,0.914572864321608,0.4212962962962963,0.4907407407407409,0.13420245398773045,0.38535645472061675,0.4152249134948094,0.6875,0.4970588235294118,0.5979729729729732,0.453125,0.44444444444444464,0.5869565217391305,1.0,No Tournament,False,False,False,False,False,False,False,False,False,False,False,False,False,False,True,False,False,False,False,False,False,False,False,False,False,False,False,False,False,False,False,False
0.375,0.5373134328358209,0.5,0.3162983425414363,0.6857986917071112,0.6375000000000002,0.3958333333333339,0.49246231155778886,0.5601851851851851,0.31018518518518534,0.3305214723926382,0.25048169556840083,0.12802768166089962,0.6988636363636362,0.44411764705882373,0.5033783783783785,0.38281249999999956,0.45833333333333304,0.5461956521739131,1.0,No Tournament,False,False,False,False,False,False,False,False,False,False,False,False,False,False,True,False,False,False,False,False,False,False,False,False,False,False,False,False,False,False,False,False
0.04166666666666652,0.44776119402985076,0.34840425531914887,0.3549723756906076,0.4803756066680734,0.2875000000000001,0.4375000000000009,0.4321608040201006,0.3935185185185184,0.2870370370370372,0.23236196319018432,0.3159922928709056,0.23875432525951545,0.4261363636363633,0.5382352941176469,0.20608108108108114,0.32031249999999956,0.4722222222222223,0.532608695652174,1.0,No Tournament,False,False,False,False,False,False,False,False,False,False,False,False,False,False,True,False,False,False,False,False,False,False,False,False,False,False,False,False,False,False,False,False
0.5416666666666665,0.41791044776119407,0.43351063829787195,0.700276243093922,0.2398185271154252,0.5062500000000001,0.7083333333333339,0.512562814070352,0.6990740740740742,0.4120370370370372,0.6740797546012267,0.37764932562620435,0.5224913494809686,0.6477272727272725,0.7147058823529413,0.3479729729729728,0.59375,0.5,0.36684782608695654,1.0,No Tournament,False,False,False,False,False,False,False,False,False,False,False,False,False,False,False,True,False,False,False,False,False,False,False,False,False,False,False,False,False,False,False,False
0.45833333333333304,0.23880597014925373,0.2952127659574466,0.5372928176795577,0.2431947668284448,0.5187500000000003,0.6388888888888897,0.7236180904522611,0.7824074074074072,0.3703703703703707,0.49003067484662566,0.08863198458574173,0.6332179930795845,0.5056818181818179,0.5911764705882354,0.5236486486486487,0.6406250000000004,0.5069444444444446,0.20108695652173908,1.0,No Tournament,False,False,False,False,False,False,False,False,False,False,False,False,False,False,False,True,False,False,False,False,False,False,False,False,False,False,False,False,False,False,False,False
0.5416666666666665,0.2985074626865672,0.11702127659574435,0.5013812154696131,0.1297742139691918,0.3125,0.5277777777777781,0.9999999999999998,0.9768518518518516,0.5787037037037039,0.5759202453987731,0.4508670520231215,0.8235294117647056,0.2840909090909087,0.4382352941176473,0.4020270270270272,0.6015625,0.09027777777777679,0.2119565217391305,1.0,No Tournament,False,False,False,False,False,False,False,False,False,False,False,False,False,False,False,True,False,False,False,False,False,False,False,False,False,False,False,False,False,False,False,False
0.45833333333333304,0.3283582089552239,0.4148936170212765,0.5925414364640877,0.3114581135260603,0.6187499999999999,0.6666666666666674,0.5427135678391959,0.587962962962963,0.2870370370370372,0.3489263803680984,0.40847784200385373,0.4878892733564011,0.5795454545454541,0.6735294117647062,0.6114864864864864,0.5546875,0.27083333333333304,0.27445652173913043,1.0,No Tournament,False,False,False,False,False,False,False,False,False,False,False,False,False,False,False,True,False,False,False,False,False,False,False,False,False,False,False,False,False,False,False,False
0.7916666666666665,0.3880597014925373,0.21010638297872308,0.45994475138121516,0.2274741506646972,0.2124999999999999,0.5347222222222228,0.7135678391959799,0.7638888888888888,0.5185185185185186,0.4654907975460123,0.7206165703275531,0.7404844290657437,0.32954545454545414,0.42647058823529393,0.1655405405405408,0.578125,0.47916666666666696,0.266304347826087,1.0,No Tournament,False,False,False,False,False,False,False,False,False,False,False,False,False,False,False,True,False,False,False,False,False,False,False,False,False,False,False,False,False,False,False,False
0.5416666666666665,0.35820895522388063,0.43617021276595747,0.8024861878453033,0.17408736020257437,0.42500000000000027,0.6944444444444446,0.38190954773869357,0.3009259259259258,0.41666666666666696,0.32438650306748484,0.4508670520231215,0.12110726643598613,0.3125,0.5970588235294119,0.5844594594594597,0.7500000000000004,0.6319444444444446,0.26358695652173914,1.0,No Tournament,False,False,False,False,False,False,False,False,False,False,False,False,False,False,False,True,False,False,False,False,False,False,False,False,False,False,False,False,False,False,False,False
0.45833333333333304,0.44776119402985076,0.5292553191489362,0.7223756906077341,0.30850390377716813,0.6499999999999999,0.5069444444444451,0.5929648241206029,0.25462962962962954,0.5416666666666667,0.5145705521472392,0.6050096339113682,0.17993079584775074,0.44886363636363624,0.5264705882352945,0.7060810810810811,0.4765625,0.4236111111111107,0.391304347826087,1.0,No Tournament,False,False,False,False,False,False,False,False,False,False,False,False,False,False,False,True,False,False,False,False,False,False,False,False,False,False,False,False,False,False,False,False
0.45833333333333304,0.44776119402985076,0.40957446808510634,0.5234806629834252,0.3715973834142224,0.5125000000000002,0.7152777777777786,0.4522613065326633,0.9120370370370372,0.587962962962963,0.39800613496932513,0.7052023121387285,0.4913494809688579,0.5568181818181817,0.7323529411764707,0.45608108108108114,0.5859375,0.9097222222222223,0.4103260869565218,1.0,No Tournament,False,False,False,False,False,False,False,False,False,False,False,False,False,False,False,True,False,False,False,False,False,False,False,False,False,False,False,False,False,False,False,False
0.5416666666666665,0.26865671641791045,0.24468085106382942,0.5870165745856353,0.16754589575859885,0.39375000000000027,0.5416666666666674,0.9849246231155779,0.5324074074074074,0.5462962962962963,0.4225460122699387,0.5086705202312138,0.5778546712802766,0.4659090909090904,0.3264705882352943,0.3547297297297298,0.7968750000000004,0.20138888888888928,0.2201086956521739,1.0,No Tournament,False,False,False,False,False,False,False,False,False,False,False,False,False,False,False,True,False,False,False,False,False,False,False,False,False,False,False,False,False,False,False,False
0.625,0.4776119402985075,0.4122340425531914,0.5870165745856353,0.31304072589153825,0.5687500000000001,0.6388888888888897,0.21105527638190957,0.46759259259259256,0.25462962962963,0.4654907975460123,0.11946050096339111,0.19031141868512103,0.6534090909090908,0.6323529411764706,0.4493243243243241,0.59375,0.0,0.36141304347826086,1.0,No Tournament,False,False,False,False,False,False,False,False,False,False,False,False,False,False,False,True,False,False,False,False,False,False,False,False,False,False,False,False,False,False,False,False
0.45833333333333304,0.4776119402985075,0.36170212765957466,0.2002762430939229,0.6668073433213758,0.36250000000000027,0.14583333333333393,0.38190954773869357,0.5694444444444446,0.3240740740740744,0.5513803680981595,0.23506743737957603,0.3044982698961938,0.4659090909090904,0.2911764705882356,0.3006756756756759,0.09374999999999956,0.38194444444444464,0.46467391304347827,1.0,No Tournament,False,False,False,False,False,False,False,False,False,False,False,False,False,False,False,False,True,False,False,False,False,False,False,False,False,False,False,False,False,False,False,False
0.5416666666666665,0.44776119402985076,0.41755319148936154,0.3328729281767955,0.5865161426461278,0.5874999999999999,0.2708333333333339,0.6733668341708541,0.45833333333333326,0.43518518518518534,0.47162576687116586,0.6165703275529868,0.2975778546712802,0.7329545454545454,0.33235294117647074,0.33445945945945965,0.28906249999999956,0.666666666666667,0.45108695652173914,1.0,No Tournament,False,False,False,False,False,False,False,False,False,False,False,False,False,False,False,False,True,False,False,False,False,False,False,False,False,False,False,False,False,False,False,False
0.5416666666666665,0.6268656716417911,0.603723404255319,0.45165745856353556,0.6541464443975522,0.5062500000000001,0.5138888888888893,0.31155778894472363,0.4490740740740742,0.5833333333333335,0.23849693251533766,0.51252408477842,0.32179930795847733,0.4659090909090904,0.5205882352941176,0.5777027027027026,0.484375,0.6597222222222223,0.5679347826086957,1.0,No Tournament,False,False,False,False,False,False,False,False,False,False,False,False,False,False,False,False,True,False,False,False,False,False,False,False,False,False,False,False,False,False,False,False
0.5416666666666665,0.6567164179104478,0.6489361702127661,0.5428176795580106,0.6089892382359148,0.5625,0.46527777777777857,0.27135678391959783,0.5324074074074074,0.5972222222222223,0.7476993865030672,0.7090558766859347,0.24221453287197225,0.4715909090909087,0.7323529411764707,0.6520270270270272,0.07031249999999911,0.7222222222222232,0.5760869565217391,1.0,No Tournament,False,False,False,False,False,False,False,False,False,False,False,False,False,False,False,False,True,False,False,False,False,False,False,False,False,False,False,False,False,False,False,False
0.20833333333333304,0.41791044776119407,0.4414893617021276,0.43784530386740306,0.49662376028698035,0.3812500000000001,0.5138888888888893,0.7336683417085428,0.6620370370370372,0.75,0.8581288343558278,0.4739884393063585,0.3529411764705881,0.5625,0.5441176470588234,0.17905405405405395,0.453125,0.16666666666666696,0.46467391304347827,1.0,No Tournament,False,False,False,False,False,False,False,False,False,False,False,False,False,False,False,False,True,False,False,False,False,False,False,False,False,False,False,False,False,False,False,False
0.45833333333333304,0.6268656716417911,0.6436170212765959,0.5621546961325965,0.5819793205317578,0.4500000000000002,0.6458333333333339,0.29145728643216073,0.5601851851851851,0.6990740740740742,0.5943251533742331,0.3930635838150289,0.4878892733564011,0.4829545454545454,0.7088235294117649,0.4290540540540544,0.4921875,0.47916666666666696,0.6114130434782609,1.0,No Tournament,False,False,False,False,False,False,False,False,False,False,False,False,False,False,False,False,True,False,False,False,False,False,False,False,False,False,False,False,False,False,False,False
0.375,0.41791044776119407,0.48404255319148914,0.4350828729281768,0.5489554758387846,0.3875000000000002,0.5347222222222228,0.522613065326633,0.3472222222222221,0.550925925925926,0.2691717791411046,0.5048169556840079,0.4186851211072662,0.4602272727272725,0.5970588235294119,0.34121621621621623,0.42968749999999956,0.3888888888888884,0.44836956521739135,1.0,No Tournament,False,False,False,False,False,False,False,False,False,False,False,False,False,False,False,False,True,False,False,False,False,False,False,False,False,False,False,False,False,False,False,False
0.5416666666666665,0.4776119402985075,0.579787234042553,0.5290055248618781,0.5520151930787085,0.6375000000000002,0.5902777777777781,0.3718592964824119,0.45833333333333326,0.4212962962962965,0.35506134969325154,0.18882466281310206,0.5986159169550171,0.625,0.5205882352941176,0.625,0.6015625,0.36805555555555536,0.4429347826086957,1.0,No Tournament,False,False,False,False,False,False,False,False,False,False,False,False,False,False,False,False,True,False,False,False,False,False,False,False,False,False,False,False,False,False,False,False
0.375,0.3880597014925373,0.36170212765957466,0.41022099447513805,0.4357459379615952,0.3875000000000002,0.5138888888888893,0.6532663316582916,0.5138888888888888,0.4675925925925928,0.39800613496932513,0.4470134874759155,0.32525951557093413,0.5738636363636362,0.4558823529411766,0.1655405405405408,0.5859375,0.6111111111111116,0.44836956521739135,1.0,No Tournament,False,False,False,False,False,False,False,False,False,False,False,False,False,False,False,False,True,False,False,False,False,False,False,False,False,False,False,False,False,False,False,False
0.5416666666666665,0.7164179104477612,0.6329787234042552,0.33563535911602216,0.7828655834564253,0.6750000000000003,0.2361111111111116,0.3919597989949748,0.22685185185185186,0.46296296296296324,0.2937116564417179,0.17341040462427748,0.17301038062283736,0.5568181818181817,0.32058823529411784,0.7263513513513513,0.24218749999999956,0.4861111111111116,0.6820652173913044,1.0,No Tournament,False,False,False,False,False,False,False,False,False,False,False,False,False,False,False,False,True,False,False,False,False,False,False,False,False,False,False,False,False,False,False,False
0.45833333333333304,0.208955223880597,0.35904255319148914,0.534530386740331,0.3083983962861363,0.3500000000000001,0.6041666666666674,0.8241206030150752,0.20833333333333326,0.5370370370370372,0.41027607361963203,0.5818882466281312,0.2802768166089964,0.49999999999999956,0.5264705882352945,0.21959459459459474,0.6640625,0.5902777777777777,0.27173913043478265,1.0,No Tournament,False,False,False,False,False,False,False,False,False,False,False,False,False,False,False,False,True,False,False,False,False,False,False,False,False,False,False,False,False,False,False,False
0.2916666666666665,0.3880597014925373,0.2180851063829783,0.5290055248618781,0.18474361679679255,0.3687499999999999,0.3055555555555558,0.8040201005025127,0.625,0.712962962962963,0.6495398773006134,0.597302504816956,0.5121107266435985,0.43749999999999956,0.44411764705882373,0.3479729729729728,0.1953124999999991,0.7847222222222223,0.32608695652173914,1.0,No Tournament,False,False,False,False,False,False,False,False,False,False,False,False,False,False,False,False,False,True,False,False,False,False,False,False,False,False,False,False,False,False,False,False
0.625,0.208955223880597,0.0718085106382973,0.6505524861878449,0.04832243089259339,0.1937500000000001,0.4722222222222232,0.9849246231155779,0.3472222222222221,0.3657407407407409,0.49003067484662566,0.620423892100193,0.408304498269896,0.40340909090909083,0.3500000000000001,0.09121621621621645,0.6328125,0.6736111111111116,0.19293478260869562,1.0,No Tournament,False,False,False,False,False,False,False,False,False,False,False,False,False,False,False,False,False,True,False,False,False,False,False,False,False,False,False,False,False,False,False,False
0.2916666666666665,0.14925373134328357,0.0,0.7334254143646404,0.009706689174931418,0.0,0.6250000000000004,0.5527638190954773,0.5509259259259258,0.4490740740740742,0.6556748466257669,0.1502890173410405,0.602076124567474,0.0,0.6735294117647062,0.11824324324324342,0.4921875,0.666666666666667,0.09510869565217395,1.0,No Tournament,False,False,False,False,False,False,False,False,False,False,False,False,False,False,False,False,False,True,False,False,False,False,False,False,False,False,False,False,False,False,False,False
0.2916666666666665,0.3283582089552239,0.09042553191489322,0.4350828729281768,0.1484490398818316,0.4187500000000002,0.3541666666666674,0.9999999999999998,0.8101851851851851,0.4537037037037037,0.7047546012269936,0.36608863198458597,0.6470588235294115,0.35795454545454497,0.5441176470588234,0.6182432432432434,0.1406249999999991,0.30555555555555536,0.3016304347826087,1.0,No Tournament,False,False,False,False,False,False,False,False,False,False,False,False,False,False,False,False,False,True,False,False,False,False,False,False,False,False,False,False,False,False,False,False
0.45833333333333304,0.4776119402985075,0.44414893617021267,0.7859116022099442,0.19107406625870435,0.3812500000000001,0.5833333333333335,0.33165829145728654,0.6342592592592593,0.5138888888888891,0.7661042944785272,0.4701348747591523,0.5536332179930792,0.2784090909090904,0.5676470588235292,0.6452702702702702,0.5546875,0.729166666666667,0.33695652173913043,1.0,No Tournament,False,False,False,False,False,False,False,False,False,False,False,False,False,False,False,False,False,True,False,False,False,False,False,False,False,False,False,False,False,False,False,False
0.375,0.1791044776119403,0.023936170212765617,0.7941988950276238,0.008440599282549064,0.06875000000000009,0.7638888888888893,0.7236180904522611,0.5601851851851851,0.21759259259259278,0.66180981595092,0.25818882466281323,0.5121107266435985,0.22159090909090873,0.7088235294117649,0.04391891891891908,0.6953125,0.17361111111111072,0.1440217391304348,1.0,No Tournament,False,False,False,False,False,False,False,False,False,False,False,False,False,False,False,False,False,True,False,False,False,False,False,False,False,False,False,False,False,False,False,False
0.20833333333333304,0.23880597014925373,0.18617021276595702,0.7113259668508283,0.07427727368643174,0.08125000000000027,0.6944444444444446,0.4422110552763818,1.0,0.6342592592592593,0.8765337423312882,0.48940269749518306,0.6262975778546711,0.05113636363636331,0.6617647058823528,0.3952702702702706,0.6484375000000004,0.8055555555555554,0.21467391304347822,1.0,No Tournament,False,False,False,False,False,False,False,False,False,False,False,False,False,False,False,False,False,True,False,False,False,False,False,False,False,False,False,False,False,False,False,False
0.625,0.6268656716417911,0.3164893617021276,0.5262430939226519,0.273897446718717,0.4500000000000002,0.40277777777777857,0.6834170854271358,0.7175925925925926,0.4305555555555556,0.49003067484662566,0.6396917148362238,0.7197231833910032,0.3125,0.40294117647058814,0.6587837837837838,0.42968749999999956,0.5694444444444446,0.44021739130434784,1.0,No Tournament,False,False,False,False,False,False,False,False,False,False,False,False,False,False,False,False,False,True,False,False,False,False,False,False,False,False,False,False,False,False,False,False
0.375,0.5373134328358209,0.2765957446808507,0.5842541436464086,0.1952943658999789,0.5437500000000002,0.37500000000000044,0.5929648241206029,0.7175925925925926,0.41666666666666696,0.8458588957055215,0.36608863198458597,0.3529411764705881,0.5909090909090908,0.4911764705882353,0.46283783783783816,0.25781249999999956,0.36805555555555536,0.4565217391304348,1.0,No Tournament,False,False,False,False,False,False,False,False,False,False,False,False,False,False,False,False,False,True,False,False,False,False,False,False,False,False,False,False,False,False,False,False
0.375,0.2985074626865672,0.26063829787233983,0.8687845303867396,0.055391432791728215,0.3500000000000001,0.7222222222222223,0.64321608040201,0.587962962962963,0.4583333333333335,0.8397239263803682,0.1387283236994219,0.3979238754325256,0.7443181818181817,0.7264705882352942,0.1317567567567568,0.6015625,1.0,0.27717391304347827,1.0,No Tournament,False,False,False,False,False,False,False,False,False,False,False,False,False,False,False,False,False,True,False,False,False,False,False,False,False,False,False,False,False,False,False,False
0.5416666666666665,0.208955223880597,0.332446808510638,0.8881215469613251,0.07649293099810085,0.30000000000000027,0.9027777777777781,0.7336683417085428,0.6898148148148147,0.6250000000000002,0.5697852760736195,0.6974951830443163,0.6297577854671277,0.3352272727272725,0.9382352941176473,0.3479729729729728,0.6640625,0.4375,0.13586956521739135,1.0,No Tournament,False,False,False,False,False,False,False,False,False,False,False,False,False,False,False,False,False,True,False,False,False,False,False,False,False,False,False,False,False,False,False,False
0.5416666666666665,0.6865671641791045,0.5691489361702127,0.4295580110497239,0.6418020679468243,0.6812499999999999,0.36805555555555625,0.562814070351759,0.3564814814814816,0.2870370370370372,0.31211656441717817,0.4238921001926783,0.2629757785467126,0.7159090909090908,0.5676470588235292,0.570945945945946,0.12499999999999911,0.5972222222222223,0.6059782608695653,1.0,No Tournament,False,False,False,False,False,False,False,False,False,False,False,False,False,False,False,False,False,False,True,False,False,False,False,False,False,False,False,False,False,False,False,False
0.375,0.2985074626865672,0.353723404255319,0.5511049723756902,0.289301540409369,0.4375,0.4583333333333339,0.5025125628140703,0.3842592592592595,0.03703703703703731,0.32438650306748484,0.6127167630057806,0.5432525951557092,0.41477272727272707,0.4617647058823531,0.46959459459459474,0.49999999999999956,0.625,0.2907608695652174,1.0,No Tournament,False,False,False,False,False,False,False,False,False,False,False,False,False,False,False,False,False,False,True,False,False,False,False,False,False,False,False,False,False,False,False,False
0.5416666666666665,0.4776119402985075,0.4069148936170208,0.5013812154696131,0.39111626925511705,0.4187500000000002,0.5486111111111116,0.49246231155778886,0.48611111111111116,0.3657407407407409,0.3182515337423315,0.2697495183044316,0.38062283737024205,0.4829545454545454,0.6088235294117648,0.3682432432432434,0.4375,0.43055555555555536,0.44021739130434784,1.0,No Tournament,False,False,False,False,False,False,False,False,False,False,False,False,False,False,False,False,False,False,True,False,False,False,False,False,False,False,False,False,False,False,False,False
0.2916666666666665,0.41791044776119407,0.43351063829787195,0.5151933701657456,0.40768094534711957,0.3875000000000002,0.5625000000000004,0.512562814070352,0.5972222222222221,0.2592592592592595,0.38573619631901845,0.5472061657032756,0.5605536332179928,0.34659090909090917,0.6441176470588239,0.5641891891891895,0.4140625,0.5694444444444446,0.4266304347826087,1.0,No Tournament,False,False,False,False,False,False,False,False,False,False,False,False,False,False,False,False,False,False,True,False,False,False,False,False,False,False,False,False,False,False,False,False
0.625,0.5671641791044776,0.5159574468085109,0.34668508287292843,0.6729267778012239,0.7937500000000002,0.5347222222222228,0.5326633165829147,0.6990740740740742,0.08333333333333359,0.04831288343558304,0.40077071290944133,0.07266435986159159,0.8181818181818179,0.44411764705882373,0.6385135135135136,0.6406250000000004,0.15277777777777768,0.4891304347826087,1.0,No Tournament,False,False,False,False,False,False,False,False,False,False,False,False,False,False,False,False,False,False,True,False,False,False,False,False,False,False,False,False,False,False,False,False
0.45833333333333304,0.44776119402985076,0.4494680851063828,0.4654696132596685,0.4763663220088626,0.5500000000000003,0.7013888888888893,0.47236180904522596,0.8194444444444446,0.337962962962963,0.2691717791411046,0.5895953757225434,0.45674740484429055,0.6136363636363633,0.4852941176470589,0.4493243243243241,0.9296875000000004,0.375,0.4157608695652174,1.0,No Tournament,False,False,False,False,False,False,False,False,False,False,False,False,False,False,False,False,False,False,True,False,False,False,False,False,False,False,False,False,False,False,False,False
0.5416666666666665,0.44776119402985076,0.4148936170212765,0.42403314917127055,0.48121966659632825,0.40625,0.5347222222222228,0.4422110552763818,0.48611111111111116,0.23611111111111138,0.13420245398773045,0.23121387283237005,0.36678200692041507,0.3181818181818179,0.5794117647058825,0.5236486486486487,0.453125,0.2499999999999991,0.3858695652173913,1.0,No Tournament,False,False,False,False,False,False,False,False,False,False,False,False,False,False,False,False,False,False,True,False,False,False,False,False,False,False,False,False,False,False,False,False
0.5416666666666665,0.4776119402985075,0.457446808510638,0.4571823204419889,0.49250896813673767,0.6499999999999999,0.43055555555555625,0.7537688442211057,0.5694444444444446,0.49537037037037046,0.5084355828220859,0.40077071290944133,0.13148788927335642,0.6022727272727271,0.3794117647058828,0.685810810810811,0.5234375,0.3611111111111116,0.4619565217391305,1.0,No Tournament,False,False,False,False,False,False,False,False,False,False,False,False,False,False,False,False,False,False,True,False,False,False,False,False,False,False,False,False,False,False,False,False
0.45833333333333304,0.41791044776119407,0.3164893617021276,0.43784530386740306,0.35672082717872966,0.40625,0.4513888888888893,0.6834170854271358,0.5509259259259258,0.39814814814814836,0.37960122699386534,0.40462427745664753,0.3425605536332179,0.5397727272727271,0.5088235294117647,0.2533783783783785,0.39062499999999956,0.30555555555555536,0.3532608695652174,1.0,No Tournament,False,False,False,False,False,False,False,False,False,False,False,False,False,False,False,False,False,False,True,False,False,False,False,False,False,False,False,False,False,False,False,False
0.45833333333333304,0.3880597014925373,0.396276595744681,0.5649171270718227,0.31958219033551377,0.5562499999999999,0.7083333333333339,0.5829145728643217,0.4490740740740742,0.23611111111111138,0.19555214723926406,0.25818882466281323,0.23529411764705876,0.7102272727272725,0.7323529411764707,0.34121621621621623,0.5703125000000004,0.4027777777777777,0.391304347826087,1.0,No Tournament,False,False,False,False,False,False,False,False,False,False,False,False,False,False,False,False,False,False,False,True,False,False,False,False,False,False,False,False,False,False,False,False
0.5416666666666665,0.35820895522388063,0.6063829787234041,0.46270718232044183,0.6476049799535767,0.71875,0.5833333333333335,0.38190954773869357,0.5138888888888888,0.2500000000000002,0.21395705521472408,0.3930635838150289,0.408304498269896,0.8011363636363638,0.638235294117647,0.5371621621621623,0.46093749999999956,0.3402777777777777,0.36141304347826086,1.0,No Tournament,False,False,False,False,False,False,False,False,False,False,False,False,False,False,False,False,False,False,False,True,False,False,False,False,False,False,False,False,False,False,False,False
0.45833333333333304,0.3283582089552239,0.5771276595744683,0.6146408839779003,0.45937961595273263,0.75,0.6736111111111116,0.3517587939698492,0.3009259259259258,0.2685185185185186,0.37960122699386534,0.39691714836223513,0.2664359861591694,0.8465909090909092,0.7264705882352942,0.5371621621621623,0.515625,0.4513888888888893,0.3315217391304348,1.0,No Tournament,False,False,False,False,False,False,False,False,False,False,False,False,False,False,False,False,False,False,False,True,False,False,False,False,False,False,False,False,False,False,False,False
0.45833333333333304,0.6567164179104478,0.5904255319148937,0.37154696132596676,0.7185060139269888,0.7562500000000001,0.3541666666666674,0.47236180904522596,0.6064814814814814,0.4305555555555556,0.2753067484662577,0.3314065510597304,0.45674740484429055,0.6420454545454541,0.5323529411764709,0.7398648648648649,0.17968749999999956,0.5,0.6304347826086957,1.0,No Tournament,False,False,False,False,False,False,False,False,False,False,False,False,False,False,False,False,False,False,False,True,False,False,False,False,False,False,False,False,False,False,False,False
0.45833333333333304,0.3880597014925373,0.47340425531914887,0.5290055248618781,0.43532390799746773,0.4437500000000001,0.5694444444444451,0.5929648241206029,0.49537037037037046,0.5185185185185186,0.47162576687116586,0.6820809248554915,0.5294117647058822,0.4090909090909087,0.5676470588235292,0.4831081081081079,0.5546875,0.8402777777777777,0.4048913043478261,1.0,No Tournament,False,False,False,False,False,False,False,False,False,False,False,False,False,False,False,False,False,False,False,True,False,False,False,False,False,False,False,False,False,False,False,False
0.625,0.5970149253731344,0.46542553191489366,0.3080110497237567,0.661215446296687,0.46875,0.33333333333333437,0.48241206030150763,0.5416666666666667,0.5,0.45935582822085896,0.5240847784200389,0.3979238754325256,0.41477272727272707,0.355882352941177,0.5641891891891895,0.35937499999999956,0.41666666666666696,0.5706521739130435,1.0,No Tournament,False,False,False,False,False,False,False,False,False,False,False,False,False,False,False,False,False,False,False,True,False,False,False,False,False,False,False,False,False,False,False,False
0.375,0.08955223880597014,0.21010638297872308,0.74171270718232,0.07448828866849545,0.2250000000000001,0.8819444444444451,0.8442211055276381,0.22685185185185186,0.4305555555555556,0.477760736196319,0.5086705202312138,0.17647058823529393,0.19886363636363624,0.8911764705882352,0.3885135135135136,0.6953125,0.625,0.13315217391304346,1.0,No Tournament,False,False,False,False,False,False,False,False,False,False,False,False,False,False,False,False,False,False,False,True,False,False,False,False,False,False,False,False,False,False,False,False
0.45833333333333304,0.4776119402985075,0.5239361702127661,0.5428176795580106,0.4755222620806077,0.4437500000000001,0.5277777777777781,0.512562814070352,0.4305555555555558,0.8055555555555556,0.41641104294478537,0.51252408477842,0.3391003460207611,0.4659090909090904,0.5029411764705887,0.43581081081081097,0.5703125000000004,0.49305555555555536,0.48097826086956524,1.0,No Tournament,False,False,False,False,False,False,False,False,False,False,False,False,False,False,False,False,False,False,False,True,False,False,False,False,False,False,False,False,False,False,False,False
0.45833333333333304,0.208955223880597,0.25,0.5787292817679552,0.17809664486178517,0.4187500000000002,0.5763888888888897,0.64321608040201,0.412037037037037,0.0,0.48389570552147254,0.6743737957610794,0.43598615916954997,0.36931818181818166,0.6147058823529412,0.4898648648648649,0.484375,0.5486111111111116,0.20652173913043476,1.0,No Tournament,False,False,False,False,False,False,False,False,False,False,False,False,False,False,False,False,False,False,False,True,False,False,False,False,False,False,False,False,False,False,False,False
0.375,0.26865671641791045,0.3643617021276593,0.7969613259668504,0.13019624393331924,0.4125000000000001,0.7986111111111116,0.49246231155778886,0.5231481481481484,0.3935185185185188,0.5697852760736195,0.5857418111753372,0.4705882352941173,0.48863636363636376,0.6852941176470586,0.3547297297297298,0.8125,0.5069444444444446,0.24184782608695649,1.0,No Tournament,False,False,False,False,False,False,False,False,False,False,False,False,False,False,False,False,False,False,False,False,True,False,False,False,False,False,False,False,False,False,False,False
0.2916666666666665,0.2985074626865672,0.2739361702127656,0.7168508287292812,0.11679679257227263,0.2875000000000001,0.6666666666666674,0.6331658291457287,0.4768518518518521,0.5324074074074077,0.5513803680981595,0.4816955684007709,0.532871972318339,0.29545454545454497,0.6088235294117648,0.375,0.6406250000000004,0.5902777777777777,0.26902173913043476,1.0,No Tournament,False,False,False,False,False,False,False,False,False,False,False,False,False,False,False,False,False,False,False,False,True,False,False,False,False,False,False,False,False,False,False,False
0.45833333333333304,0.44776119402985076,0.332446808510638,0.5317679558011048,0.28370964338468024,0.5187500000000003,0.33333333333333437,0.6633165829145728,0.5138888888888888,0.4722222222222223,0.5268404907975459,0.49325626204238926,0.4705882352941173,0.5511363636363633,0.38529411764705923,0.46283783783783816,0.34374999999999956,0.7152777777777777,0.3315217391304348,1.0,No Tournament,False,False,False,False,False,False,False,False,False,False,False,False,False,False,False,False,False,False,False,False,True,False,False,False,False,False,False,False,False,False,False,False
0.2916666666666665,0.23880597014925373,0.26063829787233983,0.6395027624309386,0.14908208482802277,0.34375,0.6041666666666674,0.5527638190954773,0.4490740740740742,0.3240740740740744,0.6495398773006134,0.4739884393063585,0.44982698961937695,0.4602272727272725,0.585294117647059,0.2668918918918921,0.578125,0.4652777777777777,0.22554347826086962,1.0,No Tournament,False,False,False,False,False,False,False,False,False,False,False,False,False,False,False,False,False,False,False,False,True,False,False,False,False,False,False,False,False,False,False,False
0.625,0.5074626865671642,0.2765957446808507,0.5207182320441985,0.24066258704368007,0.3999999999999999,0.611111111111112,0.7537688442211057,0.8564814814814814,0.5555555555555558,0.4225460122699387,0.40847784200385373,0.5778546712802766,0.3806818181818179,0.6500000000000004,0.46283783783783816,0.4921875,0.3888888888888884,0.37228260869565216,1.0,No Tournament,False,False,False,False,False,False,False,False,False,False,False,False,False,False,False,False,False,False,False,False,True,False,False,False,False,False,False,False,False,False,False,False
0.45833333333333304,0.41791044776119407,0.46542553191489366,0.6947513812154691,0.27421396919181257,0.5812500000000003,0.5833333333333335,0.64321608040201,0.3287037037037037,0.6342592592592593,0.3734662576687118,0.6358381502890176,0.32871972318339093,0.5965909090909092,0.4794117647058824,0.5371621621621623,0.6953125,0.7916666666666679,0.32608695652173914,1.0,No Tournament,False,False,False,False,False,False,False,False,False,False,False,False,False,False,False,False,False,False,False,False,True,False,False,False,False,False,False,False,False,False,False,False
0.45833333333333304,0.4776119402985075,0.28457446808510634,0.5179558011049723,0.25110782865583453,0.3812500000000001,0.3819444444444451,0.4120603015075379,0.5787037037037037,0.40740740740740744,0.4654907975460123,0.2697495183044316,0.6055363321799305,0.3806818181818179,0.4617647058823531,0.42229729729729737,0.31249999999999956,0.5277777777777777,0.36684782608695654,1.0,No Tournament,False,False,False,False,False,False,False,False,False,False,False,False,False,False,False,False,False,False,False,False,True,False,False,False,False,False,False,False,False,False,False,False
0.45833333333333304,0.5074626865671642,0.5345744680851063,0.7361878453038666,0.30059084194977836,0.3999999999999999,0.7222222222222223,0.3919597989949748,0.3657407407407407,0.7083333333333333,0.47162576687116586,0.5163776493256265,0.3460207612456747,0.3352272727272725,0.8088235294117649,0.5439189189189189,0.49999999999999956,0.5277777777777777,0.44021739130434784,1.0,No Tournament,False,False,False,False,False,False,False,False,False,False,False,False,False,False,False,False,False,False,False,False,True,False,False,False,False,False,False,False,False,False,False,False
0.20833333333333304,0.35820895522388063,0.21276595744680815,0.5732044198895028,0.15288035450516987,0.10000000000000009,0.5347222222222228,0.7336683417085428,0.6342592592592593,0.7083333333333333,0.49003067484662566,0.4701348747591523,0.8546712802768164,0.14204545454545414,0.5147058823529411,0.192567567567568,0.53125,0.2152777777777768,0.3179347826086957,1.0,No Tournament,False,False,False,False,False,False,False,False,False,False,False,False,False,False,False,False,False,False,False,False,True,False,False,False,False,False,False,False,False,False,False,False
0.45833333333333304,0.6268656716417911,0.6781914893617023,0.5538674033149169,0.6279805866216501,0.65625,0.6319444444444451,0.31155778894472363,0.7268518518518519,0.6574074074074074,0.5575153374233128,0.5048169556840079,0.4290657439446366,0.5965909090909092,0.7264705882352942,0.6925675675675675,0.4375,0.5833333333333339,0.5516304347826086,1.0,No Tournament,False,False,False,False,False,False,False,False,False,False,False,False,False,False,False,False,False,False,False,False,False,True,False,False,False,False,False,False,False,False,False,False
0.45833333333333304,0.3880597014925373,0.38829787234042534,0.6892265193370162,0.20943236969824855,0.4500000000000002,0.7083333333333339,0.5326633165829147,0.5046296296296295,0.5138888888888891,0.5881901840490797,0.2736030828516378,0.39100346020761245,0.34659090909090917,0.5382352941176469,0.6047297297297298,0.8281250000000004,0.4375,0.35597826086956524,1.0,No Tournament,False,False,False,False,False,False,False,False,False,False,False,False,False,False,False,False,False,False,False,False,False,True,False,False,False,False,False,False,False,False,False,False
0.2916666666666665,0.35820895522388063,0.36968085106382986,0.5372928176795577,0.3182105929520995,0.3374999999999999,0.6805555555555562,0.47236180904522596,0.7916666666666667,0.42592592592592604,0.625,0.4238921001926783,0.6193771626297577,0.40340909090909083,0.7794117647058822,0.32094594594594605,0.4375,1.0,0.37771739130434784,1.0,No Tournament,False,False,False,False,False,False,False,False,False,False,False,False,False,False,False,False,False,False,False,False,False,True,False,False,False,False,False,False,False,False,False,False
0.45833333333333304,0.6865671641791045,0.5,0.38259668508287303,0.6223886895969615,0.5062500000000001,0.36805555555555625,0.5326633165829147,0.6898148148148147,0.6898148148148149,0.2875766871165646,0.3314065510597304,0.28719723183391,0.6647727272727271,0.38529411764705923,0.2533783783783785,0.38281249999999956,0.49305555555555536,0.5978260869565217,1.0,No Tournament,False,False,False,False,False,False,False,False,False,False,False,False,False,False,False,False,False,False,False,False,False,True,False,False,False,False,False,False,False,False,False,False
0.45833333333333304,0.35820895522388063,0.43351063829787195,0.6505524861878449,0.279278328761342,0.375,0.6319444444444451,0.3718592964824119,0.4398148148148149,0.4490740740740742,0.6556748466257669,0.4739884393063585,0.22837370242214516,0.36931818181818166,0.5970588235294119,0.4290540540540544,0.625,0.4722222222222223,0.3423913043478261,1.0,No Tournament,False,False,False,False,False,False,False,False,False,False,False,False,False,False,False,False,False,False,False,False,False,True,False,False,False,False,False,False,False,False,False,False
0.2916666666666665,0.26865671641791045,0.2898936170212765,0.7306629834254137,0.11911795737497363,0.2749999999999999,0.9166666666666674,0.522613065326633,0.5509259259259258,0.4814814814814816,0.4654907975460123,0.5009633911368017,0.6055363321799305,0.3977272727272725,0.9205882352941175,0.20608108108108114,0.7109375000000004,0.6111111111111116,0.24184782608695649,1.0,No Tournament,False,False,False,False,False,False,False,False,False,False,False,False,False,False,False,False,False,False,False,False,False,True,False,False,False,False,False,False,False,False,False,False
0.2916666666666665,0.26865671641791045,0.311170212765957,0.6809392265193366,0.1587887740029542,0.5,0.6458333333333339,0.6733668341708541,0.412037037037037,0.34722222222222254,0.4532208588957056,0.2890173410404626,0.4048442906574392,0.3863636363636358,0.8558823529411765,0.631756756756757,0.30468749999999956,0.5,0.266304347826087,1.0,No Tournament,False,False,False,False,False,False,False,False,False,False,False,False,False,False,False,False,False,False,False,False,False,True,False,False,False,False,False,False,False,False,False,False
0.2916666666666665,0.3283582089552239,0.5265957446808507,0.7914364640883971,0.25142435112893013,0.5,0.9513888888888893,0.5326633165829147,0.587962962962963,0.6203703703703705,0.8458588957055215,0.18497109826589586,0.18685121107266423,0.5284090909090904,0.9147058823529415,0.46283783783783816,0.7890625000000004,0.5347222222222223,0.3233695652173913,1.0,No Tournament,False,False,False,False,False,False,False,False,False,False,False,False,False,False,False,False,False,False,False,False,False,True,False,False,False,False,False,False,False,False,False,False
0.20833333333333304,0.23880597014925373,0.3351063829787235,0.645027624309392,0.19793205317577547,0.4187500000000002,0.7569444444444446,0.9246231155778892,0.6805555555555556,0.4907407407407409,0.45935582822085896,0.5626204238921004,1.0,0.4943181818181812,0.6735294117647062,0.36148648648648685,0.7812500000000004,0.625,0.296195652173913,1.0,No Tournament,False,False,False,False,False,False,False,False,False,False,False,False,False,False,False,False,False,False,False,False,False,True,False,False,False,False,False,False,False,False,False,False
0.2916666666666665,0.208955223880597,0.09574468085106336,0.506906077348066,0.11373707533234859,0.23125000000000018,0.5347222222222228,0.9346733668341709,0.5787037037037037,0.4537037037037037,0.7354294478527605,0.5664739884393064,0.39446366782006925,0.18749999999999956,0.585294117647059,0.4290540540540544,0.4453125,0.5347222222222223,0.23913043478260876,1.0,No Tournament,False,False,False,False,False,False,False,False,False,False,False,False,False,False,False,False,False,False,False,False,False,True,False,False,False,False,False,False,False,False,False,False
0.5416666666666665,0.4776119402985075,0.5106382978723403,0.32458563535911633,0.6901244988394175,0.4125000000000001,0.5208333333333339,0.32160804020100486,0.6805555555555556,0.47685185185185186,0.3059815950920246,0.4508670520231215,0.45674740484429055,0.4261363636363633,0.6323529411764706,0.4290540540540544,0.35156249999999956,0.4375,0.5706521739130435,1.0,No Tournament,False,False,False,False,False,False,False,False,False,False,False,False,False,False,False,False,False,False,False,False,False,False,True,False,False,False,False,False,False,False,False,False
0.45833333333333304,0.208955223880597,0.4813829787234045,0.5870165745856353,0.38605190968558767,0.3875000000000002,0.9375000000000004,0.3015075376884422,0.6990740740740742,0.24074074074074092,0.64340490797546,0.5086705202312138,0.4948096885813147,0.3352272727272725,0.9147058823529415,0.5236486486486487,0.7578125000000004,0.41666666666666696,0.3179347826086957,1.0,No Tournament,False,False,False,False,False,False,False,False,False,False,False,False,False,False,False,False,False,False,False,False,False,False,True,False,False,False,False,False,False,False,False,False
0.875,0.6567164179104478,0.5585106382978724,0.27762430939226546,0.7721038193711753,0.5375000000000001,0.34722222222222276,0.562814070351759,0.412037037037037,0.5833333333333335,0.16487730061349737,0.6011560693641622,0.32179930795847733,0.6647727272727271,0.44999999999999973,0.34121621621621623,0.26562499999999956,0.520833333333333,0.5869565217391305,1.0,No Tournament,False,False,False,False,False,False,False,False,False,False,False,False,False,False,False,False,False,False,False,False,False,False,True,False,False,False,False,False,False,False,False,False
0.45833333333333304,0.5074626865671642,0.6835106382978724,0.49861878453038644,0.6850601392698881,0.6125000000000003,0.4722222222222232,0.48241206030150763,0.4305555555555558,0.587962962962963,0.4961656441717792,0.5857418111753372,0.4048442906574392,0.7897727272727271,0.3264705882352943,0.3277027027027031,0.6953125,0.3611111111111116,0.578804347826087,1.0,No Tournament,False,False,False,False,False,False,False,False,False,False,False,False,False,False,False,False,False,False,False,False,False,False,True,False,False,False,False,False,False,False,False,False
0.45833333333333304,0.41791044776119407,0.4414893617021276,0.3301104972375688,0.6137370753323486,0.5500000000000003,0.31250000000000044,0.7336683417085428,0.3935185185185184,0.5462962962962963,0.4532208588957056,0.5587668593448942,0.38408304498269885,0.7159090909090908,0.30882352941176494,0.3006756756756759,0.4765625,0.6388888888888893,0.5271739130434783,1.0,No Tournament,False,False,False,False,False,False,False,False,False,False,False,False,False,False,False,False,False,False,False,False,False,False,True,False,False,False,False,False,False,False,False,False
0.625,0.4776119402985075,0.6223404255319149,0.43232044198895014,0.6919181261869592,0.6000000000000001,0.43055555555555625,0.5527638190954773,0.19907407407407418,0.587962962962963,0.37960122699386534,0.6396917148362238,0.20069204152249132,0.6136363636363633,0.3970588235294117,0.5574324324324325,0.4921875,0.8333333333333339,0.5434782608695652,1.0,No Tournament,False,False,False,False,False,False,False,False,False,False,False,False,False,False,False,False,False,False,False,False,False,False,True,False,False,False,False,False,False,False,False,False
0.625,0.44776119402985076,0.6436170212765959,0.41022099447513805,0.7277906731377928,0.6499999999999999,0.3958333333333339,0.3015075376884422,0.4768518518518521,0.4120370370370372,0.5513803680981595,0.23121387283237005,0.2837370242214532,0.5511363636363633,0.42647058823529393,0.7398648648648649,0.39062499999999956,0.6388888888888893,0.49184782608695654,1.0,No Tournament,False,False,False,False,False,False,False,False,False,False,False,False,False,False,False,False,False,False,False,False,False,False,True,False,False,False,False,False,False,False,False,False
0.45833333333333304,0.4776119402985075,0.7739361702127665,0.5732044198895028,0.69592741084617,0.7875000000000001,0.6180555555555558,0.57286432160804,0.16203703703703698,0.5972222222222223,0.37960122699386534,0.5356454720616572,0.37024221453287187,0.7954545454545454,0.6205882352941181,0.6587837837837838,0.5625,0.3888888888888884,0.5706521739130435,1.0,No Tournament,False,False,False,False,False,False,False,False,False,False,False,False,False,False,False,False,False,False,False,False,False,False,True,False,False,False,False,False,False,False,False,False
0.5416666666666665,0.2985074626865672,0.5372340425531914,0.6395027624309386,0.3924878666385313,0.6499999999999999,0.7847222222222228,0.57286432160804,0.3842592592592595,0.32870370370370394,0.5268404907975459,0.3352601156069366,0.22837370242214516,0.6193181818181817,0.8088235294117649,0.6182432432432434,0.6093750000000004,0.6805555555555554,0.3532608695652174,1.0,No Tournament,False,False,False,False,False,False,False,False,False,False,False,False,False,False,False,False,False,False,False,False,False,False,True,False,False,False,False,False,False,False,False,False
0.375,0.41791044776119407,0.4494680851063828,0.4930939226519335,0.44640219455581337,0.6750000000000003,0.33333333333333437,0.522613065326633,0.4398148148148149,0.3703703703703707,0.39800613496932513,0.5472061657032756,0.44982698961937695,0.8522727272727271,0.5205882352941176,0.3547297297297298,0.06249999999999911,0.4097222222222223,0.37771739130434784,1.0,No Tournament,False,False,False,False,False,False,False,False,False,False,False,False,False,False,False,False,False,False,False,False,False,False,False,True,False,False,False,False,False,False,False,False
0.45833333333333304,0.35820895522388063,0.29255319148936154,0.45441988950276224,0.3152563832032074,0.4500000000000002,0.6875000000000004,0.3015075376884422,0.5324074074074074,0.1620370370370373,0.12193251533742355,0.10404624277456642,0.22837370242214516,0.5909090909090908,0.7205882352941178,0.30743243243243246,0.546875,0.6388888888888893,0.30434782608695654,1.0,No Tournament,False,False,False,False,False,False,False,False,False,False,False,False,False,False,False,False,False,False,False,False,False,False,False,True,False,False,False,False,False,False,False,False
0.5416666666666665,0.41791044776119407,0.49468085106382986,0.6588397790055245,0.3322430892593374,0.6875,0.7777777777777786,0.5326633165829147,0.48611111111111116,0.4861111111111114,0.2569018404907979,0.12331406551059731,0.37024221453287187,0.7897727272727271,0.8970588235294117,0.46959459459459474,0.4921875,0.4027777777777777,0.328804347826087,1.0,No Tournament,False,False,False,False,False,False,False,False,False,False,False,False,False,False,False,False,False,False,False,False,False,False,False,True,False,False,False,False,False,False,False,False
0.625,0.5970149253731344,0.5106382978723403,0.4930939226519335,0.513821481325174,0.6625000000000001,0.40277777777777857,0.38190954773869357,0.337962962962963,0.3564814814814816,0.41027607361963203,0.4739884393063585,0.36678200692041507,0.7215909090909087,0.44999999999999973,0.5304054054054057,0.38281249999999956,0.6875000000000009,0.5353260869565217,1.0,No Tournament,False,False,False,False,False,False,False,False,False,False,False,False,False,False,False,False,False,False,False,False,False,False,False,True,False,False,False,False,False,False,False,False
0.625,0.44776119402985076,0.3936170212765955,0.575966850828729,0.30533867904621226,0.6437500000000003,0.7222222222222223,0.2613065326633166,0.8472222222222223,0.11574074074074103,0.7354294478527605,0.05780346820809246,0.17301038062283736,0.6761363636363633,0.6500000000000004,0.5506756756756754,0.6953125,0.20833333333333304,0.37771739130434784,1.0,No Tournament,False,False,False,False,False,False,False,False,False,False,False,False,False,False,False,False,False,False,False,False,False,False,False,True,False,False,False,False,False,False,False,False
0.2916666666666665,0.26865671641791045,0.41755319148936154,0.7499999999999996,0.19244566364211857,0.6375000000000002,0.7847222222222228,0.522613065326633,0.21759259259259278,0.1898148148148151,0.35506134969325154,0.11175337186897871,0.32525951557093413,0.48863636363636376,0.6911764705882355,0.7466216216216215,0.7968750000000004,0.5694444444444446,0.2581521739130435,1.0,No Tournament,False,False,False,False,False,False,False,False,False,False,False,False,False,False,False,False,False,False,False,False,False,False,False,True,False,False,False,False,False,False,False,False
0.45833333333333304,0.5671641791044776,0.5984042553191489,0.6229281767955799,0.4743616796792572,0.875,0.4722222222222232,0.5025125628140703,0.24537037037037046,0.2500000000000002,0.4041411042944787,0.51252408477842,0.301038062283737,0.6420454545454541,0.5147058823529411,1.0,0.42187499999999956,0.7569444444444455,0.5353260869565217,1.0,No Tournament,False,False,False,False,False,False,False,False,False,False,False,False,False,False,False,False,False,False,False,False,False,False,False,True,False,False,False,False,False,False,False,False
0.5416666666666665,0.2985074626865672,0.41755319148936154,0.6560773480662982,0.2628191601603713,0.5750000000000002,0.8472222222222228,0.6030150753768844,0.7083333333333335,0.4537037037037037,0.5329754601226995,0.4624277456647401,0.36332179930795827,0.6363636363636358,0.7382352941176475,0.46959459459459474,0.8437500000000009,0.5625,0.27445652173913043,1.0,No Tournament,False,False,False,False,False,False,False,False,False,False,False,False,False,False,False,False,False,False,False,False,False,False,False,True,False,False,False,False,False,False,False,False
0.45833333333333304,0.3283582089552239,0.3271276595744679,0.548342541436464,0.26387423507068997,0.2749999999999999,0.6041666666666674,0.7236180904522611,0.337962962962963,0.6342592592592593,0.28144171779141125,0.34296724470134876,0.2733564013840828,0.32954545454545414,0.7088235294117649,0.3006756756756759,0.42187499999999956,0.43055555555555536,0.3179347826086957,1.0,No Tournament,False,False,False,False,False,False,False,False,False,False,False,False,False,False,False,False,False,False,False,False,False,False,False,True,False,False,False,False,False,False,False,False
0.2916666666666665,0.2985074626865672,0.5505319148936172,0.6174033149171265,0.4279383836252373,0.5625,0.7222222222222223,0.4321608040201006,0.412037037037037,0.36111111111111116,0.5452453987730062,0.5934489402697496,0.4256055363321798,0.607954545454545,0.6852941176470586,0.4831081081081079,0.6953125,0.75,0.3070652173913043,1.0,No Tournament,False,False,False,False,False,False,False,False,False,False,False,False,False,False,False,False,False,False,False,False,False,False,False,False,True,False,False,False,False,False,False,False
0.375,0.35820895522388063,0.46808510638297873,0.6395027624309386,0.32169234015615106,0.30000000000000027,0.5694444444444451,0.5929648241206029,0.3842592592592595,0.7222222222222223,0.5452453987730062,0.6281310211946052,0.7577854671280275,0.3352272727272725,0.5323529411764709,0.34121621621621623,0.59375,0.5277777777777777,0.3423913043478261,1.0,No Tournament,False,False,False,False,False,False,False,False,False,False,False,False,False,False,False,False,False,False,False,False,False,False,False,False,True,False,False,False,False,False,False,False
0.5416666666666665,0.4776119402985075,0.5744680851063833,0.5124309392265194,0.5619328972357037,0.5874999999999999,0.5277777777777781,0.613065326633166,0.46759259259259256,0.675925925925926,0.47162576687116586,0.6859344894026977,0.7093425605536328,0.49999999999999956,0.7029411764705884,0.6587837837837838,0.30468749999999956,0.6180555555555562,0.4157608695652174,1.0,No Tournament,False,False,False,False,False,False,False,False,False,False,False,False,False,False,False,False,False,False,False,False,False,False,False,False,True,False,False,False,False,False,False,False
0.45833333333333304,0.5970149253731344,0.5984042553191489,0.40469613259668513,0.6921291411690229,0.7437499999999999,0.5555555555555558,0.512562814070352,0.6527777777777777,0.4305555555555556,0.477760736196319,0.5163776493256265,0.32871972318339093,0.9204545454545454,0.6205882352941181,0.3479729729729728,0.4375,0.8888888888888893,0.5516304347826086,1.0,No Tournament,False,False,False,False,False,False,False,False,False,False,False,False,False,False,False,False,False,False,False,False,False,False,False,False,True,False,False,False,False,False,False,False
0.2916666666666665,0.26865671641791045,0.3563829787234041,0.5124309392265194,0.3264401772525849,0.75,0.6180555555555558,0.914572864321608,0.5972222222222221,0.2870370370370372,0.38573619631901845,0.8053949903660889,0.6401384083044979,0.8125,0.6205882352941181,0.5641891891891895,0.5390624999999996,0.6875000000000009,0.27989130434782605,1.0,No Tournament,False,False,False,False,False,False,False,False,False,False,False,False,False,False,False,False,False,False,False,False,False,False,False,False,True,False,False,False,False,False,False,False
0.375,0.5373134328358209,0.5718085106382977,0.575966850828729,0.4936695505380881,0.53125,0.6805555555555562,0.3919597989949748,0.6527777777777777,0.5092592592592595,0.6740797546012267,0.5202312138728327,0.5224913494809686,0.5625,0.6558823529411764,0.46959459459459474,0.6406250000000004,0.7916666666666679,0.5081521739130435,1.0,No Tournament,False,False,False,False,False,False,False,False,False,False,False,False,False,False,False,False,False,False,False,False,False,False,False,False,True,False,False,False,False,False,False,False
0.708333333333333,0.5373134328358209,0.7047872340425534,0.6339779005524857,0.5739607512133361,0.7250000000000001,0.6597222222222228,0.27135678391959783,0.412037037037037,0.40740740740740744,0.4961656441717792,0.5472061657032756,0.22837370242214516,0.5113636363636362,0.6794117647058826,0.8412162162162162,0.546875,0.3888888888888884,0.4836956521739131,1.0,No Tournament,False,False,False,False,False,False,False,False,False,False,False,False,False,False,False,False,False,False,False,False,False,False,False,False,True,False,False,False,False,False,False,False
0.5416666666666665,0.4776119402985075,0.478723404255319,0.5787292817679552,0.3900611943447984,0.65625,0.6041666666666674,0.6030150753768844,0.625,0.3425925925925928,0.6740797546012267,0.5202312138728327,0.5121107266435985,0.5965909090909092,0.5970588235294119,0.6587837837837838,0.5625,0.39583333333333304,0.38858695652173914,1.0,No Tournament,False,False,False,False,False,False,False,False,False,False,False,False,False,False,False,False,False,False,False,False,False,False,False,False,True,False,False,False,False,False,False,False
0.5416666666666665,0.6865671641791045,0.43085106382978733,0.3549723756906076,0.5731166912850812,0.4750000000000001,0.3541666666666674,0.613065326633166,0.7175925925925926,0.6990740740740742,0.23236196319018432,0.49325626204238926,0.6124567474048441,0.5795454545454541,0.473529411764706,0.3479729729729728,0.24999999999999956,0.30555555555555536,0.595108695652174,1.0,No Tournament,False,False,False,False,False,False,False,False,False,False,False,False,False,False,False,False,False,False,False,False,False,False,False,False,True,False,False,False,False,False,False,False
0.20833333333333304,0.3283582089552239,0.42553191489361675,0.6201657458563532,0.29689807976366317,0.5375000000000001,0.6458333333333339,0.64321608040201,0.3842592592592595,0.4212962962962965,0.625,0.3892100192678227,0.38062283737024205,0.6306818181818183,0.5264705882352945,0.4020270270270272,0.734375,0.4513888888888893,0.3641304347826087,1.0,No Tournament,False,False,False,False,False,False,False,False,False,False,False,False,False,False,False,False,False,False,False,False,False,False,False,False,True,False,False,False,False,False,False,False
0.5416666666666665,0.4776119402985075,0.41755319148936154,0.36602209944751385,0.5489554758387846,0.2875000000000001,0.3194444444444451,0.6834170854271358,0.4768518518518521,0.5972222222222223,0.4348159509202454,0.49710982658959546,0.5605536332179928,0.41477272727272707,0.5205882352941176,0.21959459459459474,0.11718749999999911,0.4097222222222223,0.48097826086956524,1.0,No Tournament,False,False,False,False,False,False,False,False,False,False,False,False,False,False,False,False,False,False,False,False,False,False,False,False,True,False,False,False,False,False,False,False
0.2916666666666665,0.3283582089552239,0.43085106382978733,0.603591160220994,0.318632622916227,0.5687500000000001,0.6597222222222228,0.562814070351759,0.22685185185185186,0.30092592592592626,0.45935582822085896,0.10019267822736022,0.3391003460207611,0.4943181818181812,0.638235294117647,0.6114864864864864,0.625,0.4097222222222223,0.3423913043478261,1.0,No Tournament,False,False,False,False,False,False,False,False,False,False,False,False,False,False,False,False,False,False,False,False,False,False,False,False,False,True,False,False,False,False,False,False
0.5416666666666665,0.6865671641791045,0.6143617021276597,0.45165745856353556,0.6649082084828023,0.7625000000000002,0.6388888888888897,0.6532663316582916,0.6990740740740742,0.875,0.18328220858895716,0.323699421965318,0.301038062283737,0.8181818181818179,0.43235294117647083,0.5844594594594597,0.8359375000000004,0.4513888888888893,0.6440217391304348,1.0,No Tournament,False,False,False,False,False,False,False,False,False,False,False,False,False,False,False,False,False,False,False,False,False,False,False,False,False,True,False,False,False,False,False,False
0.375,0.7164179104477612,0.6090425531914896,0.3024861878453038,0.7936273475416755,0.8125,0.31250000000000044,0.49246231155778886,0.6620370370370372,0.4907407407407409,0.5575153374233128,0.1271676300578034,0.08304498269896188,0.9147727272727275,0.4382352941176473,0.5912162162162162,0.21874999999999956,0.41666666666666696,0.6739130434782609,1.0,No Tournament,False,False,False,False,False,False,False,False,False,False,False,False,False,False,False,False,False,False,False,False,False,False,False,False,False,True,False,False,False,False,False,False
0.2916666666666665,0.2985074626865672,0.4547872340425534,0.5428176795580106,0.399662376028698,0.5375000000000001,0.6458333333333339,0.5829145728643217,0.6620370370370372,0.49537037037037046,0.6986196319018403,0.5433526011560696,0.44636678200692037,0.6022727272727271,0.7205882352941178,0.44256756756756754,0.484375,0.4375,0.3532608695652174,1.0,No Tournament,False,False,False,False,False,False,False,False,False,False,False,False,False,False,False,False,False,False,False,False,False,False,False,False,False,True,False,False,False,False,False,False
0.5416666666666665,0.4776119402985075,0.5505319148936172,0.48480662983425393,0.5660476893859464,0.7312500000000002,0.43055555555555625,0.5829145728643217,0.4768518518518521,0.46296296296296324,0.6311349693251533,0.4739884393063585,0.22491349480968847,0.7045454545454546,0.361764705882353,0.679054054054054,0.5234375,0.5972222222222223,0.44565217391304346,1.0,No Tournament,False,False,False,False,False,False,False,False,False,False,False,False,False,False,False,False,False,False,False,False,False,False,False,False,False,True,False,False,False,False,False,False
0.125,0.3283582089552239,0.5638297872340425,0.7831491712707175,0.2896180628824646,0.6000000000000001,0.9166666666666674,0.38190954773869357,0.3657407407407407,0.3240740740740744,0.6679447852760736,0.161849710982659,0.3425605536332179,0.7727272727272729,0.9617647058823531,0.42229729729729737,0.6796875000000004,0.9236111111111116,0.38858695652173914,1.0,No Tournament,False,False,False,False,False,False,False,False,False,False,False,False,False,False,False,False,False,False,False,False,False,False,False,False,False,True,False,False,False,False,False,False
0.708333333333333,0.835820895522388,0.521276595744681,0.3439226519337013,0.6813673770837729,0.5500000000000003,0.5277777777777781,0.3618090452261309,0.8564814814814814,0.6157407407407407,0.5391104294478528,0.34682080924855496,0.3598615916955017,0.6136363636363633,0.5264705882352945,0.44256756756756754,0.515625,0.4861111111111116,0.7364130434782609,1.0,No Tournament,False,False,False,False,False,False,False,False,False,False,False,False,False,False,False,False,False,False,False,False,False,False,False,False,False,True,False,False,False,False,False,False
0.2916666666666665,0.2985074626865672,0.43617021276595747,0.7251381215469608,0.22325385102342263,0.4812500000000002,0.9375000000000004,0.3015075376884422,0.3657407407407407,0.16666666666666696,0.41027607361963203,0.2928709055876686,0.3529411764705881,0.3977272727272725,0.9205882352941175,0.5506756756756754,0.7578125000000004,0.7708333333333339,0.328804347826087,1.0,No Tournament,False,False,False,False,False,False,False,False,False,False,False,False,False,False,False,False,False,False,False,False,False,False,False,False,False,True,False,False,False,False,False,False
0.45833333333333304,0.1791044776119403,0.40159574468085113,0.6616022099447507,0.2417176619539987,0.7000000000000002,0.8263888888888893,0.9999999999999998,0.16203703703703698,0.47685185185185186,0.2937116564417179,0.5086705202312138,0.6193771626297577,0.6647727272727271,0.9794117647058824,0.6452702702702702,0.4453125,0.6319444444444446,0.23641304347826086,1.0,No Tournament,False,False,False,False,False,False,False,False,False,False,False,False,False,False,False,False,False,False,False,False,False,False,False,False,False,True,False,False,False,False,False,False
0.708333333333333,0.5074626865671642,0.6010638297872344,0.2748618784530388,0.808714918759232,0.4937499999999999,0.3819444444444451,0.6030150753768844,0.3657407407407407,0.6203703703703705,0.4348159509202454,0.6319845857418114,0.2698961937716262,0.5284090909090904,0.43235294117647083,0.45608108108108114,0.38281249999999956,0.5625,0.6793478260869565,1.0,No Tournament,False,False,False,False,False,False,False,False,False,False,False,False,False,False,False,False,False,False,False,False,False,False,False,False,False,False,True,False,False,False,False,False
0.708333333333333,0.5074626865671642,0.6515957446808511,0.30524861878453047,0.8208482802278961,0.5375000000000001,0.41666666666666696,0.48241206030150763,0.8842592592592591,0.4722222222222223,0.8519938650306744,0.647398843930636,0.6885813148788926,0.5681818181818179,0.4558823529411766,0.4898648648648649,0.38281249999999956,0.6875000000000009,0.625,1.0,No Tournament,False,False,False,False,False,False,False,False,False,False,False,False,False,False,False,False,False,False,False,False,False,False,False,False,False,False,True,False,False,False,False,False
0.5416666666666665,0.2985074626865672,0.5372340425531914,0.39640883977900554,0.6412745304916648,0.4812500000000002,0.3541666666666674,0.9045226130653268,0.23611111111111116,0.675925925925926,0.6188650306748467,0.7591522157996149,0.2802768166089964,0.5965909090909092,0.39117647058823524,0.33445945945945965,0.375,0.5694444444444446,0.4836956521739131,1.0,No Tournament,False,False,False,False,False,False,False,False,False,False,False,False,False,False,False,False,False,False,False,False,False,False,False,False,False,False,True,False,False,False,False,False
0.5416666666666665,0.41791044776119407,0.5984042553191489,0.2582872928176796,0.817155518041781,0.5062500000000001,0.41666666666666696,0.7537688442211057,0.4768518518518521,0.6388888888888888,0.2937116564417179,0.3159922928709056,0.5640138408304496,0.3977272727272725,0.5558823529411767,0.6114864864864864,0.27343749999999956,0.28472222222222143,0.6032608695652174,1.0,No Tournament,False,False,False,False,False,False,False,False,False,False,False,False,False,False,False,False,False,False,False,False,False,False,False,False,False,False,True,False,False,False,False,False
0.45833333333333304,0.44776119402985076,0.6117021276595747,0.2941988950276242,0.8013293943870015,0.3687499999999999,0.4236111111111116,0.57286432160804,0.6805555555555556,0.6342592592592593,0.625,0.5626204238921004,0.6159169550173009,0.2443181818181812,0.4147058823529415,0.625,0.453125,0.6805555555555554,0.6277173913043479,1.0,No Tournament,False,False,False,False,False,False,False,False,False,False,False,False,False,False,False,False,False,False,False,False,False,False,False,False,False,False,True,False,False,False,False,False
0.5416666666666665,0.3880597014925373,0.5744680851063833,0.34944751381215466,0.7240979109516775,0.4312499999999999,0.40972222222222276,0.6532663316582916,0.5138888888888888,0.675925925925926,0.7108895705521472,0.4855491329479771,0.17993079584775074,0.5909090909090908,0.4676470588235295,0.2398648648648649,0.3671875,0.4861111111111116,0.5652173913043479,1.0,No Tournament,False,False,False,False,False,False,False,False,False,False,False,False,False,False,False,False,False,False,False,False,False,False,False,False,False,False,True,False,False,False,False,False
0.5416666666666665,0.23880597014925373,0.4122340425531914,0.3991712707182318,0.5060139269888162,0.3875000000000002,0.4236111111111116,0.7035175879396987,0.3194444444444444,0.5046296296296298,0.5145705521472392,0.7321772639691717,0.3979238754325256,0.5340909090909087,0.40294117647058814,0.26013513513513553,0.5078125,0.47916666666666696,0.4375,1.0,No Tournament,False,False,False,False,False,False,False,False,False,False,False,False,False,False,False,False,False,False,False,False,False,False,False,False,False,False,True,False,False,False,False,False
0.375,0.3880597014925373,0.36702127659574435,0.6919889502762429,0.1931842160793416,0.4187500000000002,0.5902777777777781,0.6231155778894473,0.46759259259259256,0.2962962962962965,0.6127300613496931,0.4855491329479771,0.43252595155709317,0.3238636363636358,0.5911764705882354,0.5439189189189189,0.5390624999999996,0.6944444444444446,0.32065217391304346,1.0,No Tournament,False,False,False,False,False,False,False,False,False,False,False,False,False,False,False,False,False,False,False,False,False,False,False,False,False,False,False,False,True,False,False,False
0.20833333333333304,0.3283582089552239,0.4627659574468086,0.7306629834254137,0.2437223042836041,0.4500000000000002,0.8541666666666674,0.6030150753768844,0.6712962962962963,0.7268518518518519,0.5329754601226995,0.8015414258188827,0.4809688581314877,0.4943181818181812,0.7735294117647058,0.41554054054054035,0.8281250000000004,0.9097222222222223,0.328804347826087,1.0,No Tournament,False,False,False,False,False,False,False,False,False,False,False,False,False,False,False,False,False,False,False,False,False,False,False,False,False,False,False,False,True,False,False,False
0.125,0.14925373134328357,0.32978723404255295,0.9267955801104963,0.06425406203840472,0.59375,1.0000000000000004,0.9999999999999998,0.625,0.23148148148148184,0.7231595092024539,0.5086705202312138,0.5986159169550171,0.6136363636363633,1.0,0.5304054054054057,0.7187500000000004,0.30555555555555536,0.13586956521739135,1.0,No Tournament,False,False,False,False,False,False,False,False,False,False,False,False,False,False,False,False,False,False,False,False,False,False,False,False,False,False,False,False,True,False,False,False
0.2916666666666665,0.5671641791044776,0.48404255319148914,0.5897790055248615,0.3839417598649504,0.4312499999999999,0.611111111111112,0.6532663316582916,0.6342592592592593,0.837962962962963,0.39800613496932513,0.7976878612716765,0.4809688581314877,0.4659090909090904,0.6558823529411764,0.4290540540540544,0.484375,0.5347222222222223,0.44021739130434784,1.0,No Tournament,False,False,False,False,False,False,False,False,False,False,False,False,False,False,False,False,False,False,False,False,False,False,False,False,False,False,False,False,True,False,False,False
0.125,0.23880597014925373,0.3058510638297869,0.7720994475138117,0.10972779067313779,0.4624999999999999,0.7500000000000009,0.7839195979899498,0.4398148148148149,0.5370370370370372,0.6740797546012267,0.6628131021194605,0.25951557093425603,0.607954545454545,0.7441176470588236,0.2533783783783785,0.6328125,0.38194444444444464,0.2119565217391305,1.0,No Tournament,False,False,False,False,False,False,False,False,False,False,False,False,False,False,False,False,False,False,False,False,False,False,False,False,False,False,False,False,True,False,False,False
0.2916666666666665,0.5373134328358209,0.3031914893617018,0.5400552486187844,0.2495252162903566,0.3500000000000001,0.4583333333333339,0.8341708542713568,0.8842592592592591,0.6805555555555556,0.8151840490797544,0.554913294797688,0.6435986159169547,0.375,0.5500000000000003,0.40878378378378377,0.3359375,0.5347222222222223,0.44836956521739135,1.0,No Tournament,False,False,False,False,False,False,False,False,False,False,False,False,False,False,False,False,False,False,False,False,False,False,False,False,False,False,False,False,True,False,False,False
0.125,0.3880597014925373,0.35904255319148914,0.6809392265193366,0.19371175353450093,0.4812500000000002,0.5277777777777781,0.3718592964824119,0.4768518518518521,0.2500000000000002,0.7783742331288344,0.01156069364161838,0.4913494809688579,0.2727272727272725,0.7264705882352942,0.6587837837837838,0.17968749999999956,0.5694444444444446,0.3423913043478261,1.0,No Tournament,False,False,False,False,False,False,False,False,False,False,False,False,False,False,False,False,False,False,False,False,False,False,False,False,False,False,False,False,True,False,False,False
0.20833333333333304,0.2985074626865672,0.11170212765957421,0.6560773480662982,0.06161637476260816,0.14375000000000027,0.5416666666666674,0.9246231155778892,0.6064814814814814,0.5,0.8458588957055215,0.4624277456647401,0.5086505190311417,0.3181818181818179,0.40882352941176503,0.05067567567567588,0.7109375000000004,0.5486111111111116,0.27989130434782605,1.0,No Tournament,False,False,False,False,False,False,False,False,False,False,False,False,False,False,False,False,False,False,False,False,False,False,False,False,False,False,False,False,True,False,False,False
0.375,0.5970149253731344,0.5531914893617018,0.5732044198895028,0.47520573960751206,0.5874999999999999,0.5416666666666674,0.48241206030150763,0.7638888888888888,0.5370370370370372,0.47162576687116586,0.16955684007707128,0.7439446366782003,0.4545454545454546,0.6029411764705883,0.6925675675675675,0.4375,0.39583333333333304,0.5027173913043479,1.0,No Tournament,False,False,False,False,False,False,False,False,False,False,False,False,False,False,False,False,False,False,False,False,False,False,False,False,False,False,False,False,True,False,False,False
0.45833333333333304,0.4776119402985075,0.375,0.5455801104972373,0.3154673981852711,0.5,0.4722222222222232,0.9999999999999998,0.7361111111111109,0.6666666666666667,0.44708588957055206,0.6011560693641622,0.6055363321799305,0.5568181818181817,0.5558823529411767,0.4290540540540544,0.35156249999999956,0.33333333333333304,0.391304347826087,1.0,No Tournament,False,False,False,False,False,False,False,False,False,False,False,False,False,False,False,False,False,False,False,False,False,False,False,False,False,False,False,False,True,False,False,False
0.04166666666666652,0.3880597014925373,0.2579787234042552,0.6395027624309386,0.14654990504325807,0.375,0.6388888888888897,0.7035175879396987,0.7916666666666667,0.5092592592592595,0.7354294478527605,0.5626204238921004,0.4948096885813147,0.3977272727272725,0.5147058823529411,0.40878378378378377,0.703125,0.5555555555555554,0.36141304347826086,1.0,No Tournament,False,False,False,False,False,False,False,False,False,False,False,False,False,False,False,False,False,False,False,False,False,False,False,False,False,False,False,False,True,False,False,False
0.20833333333333304,0.3880597014925373,0.24202127659574435,0.5096685082872923,0.22040514876556233,0.34375,0.36111111111111205,0.8844221105527639,0.6620370370370372,0.6018518518518521,0.4041411042944787,0.3159922928709056,0.6885813148788926,0.3977272727272725,0.2911764705882356,0.34121621621621623,0.5078125,0.2986111111111107,0.3125,1.0,No Tournament,False,False,False,False,False,False,False,False,False,False,False,False,False,False,False,False,False,False,False,False,False,False,False,False,False,False,False,False,True,False,False,False
0.2916666666666665,0.208955223880597,0.35904255319148914,0.714088397790055,0.17408736020257437,0.48750000000000027,0.9097222222222228,0.6231155778894473,0.25462962962962954,0.3842592592592593,0.12193251533742355,0.17726396917148368,0.22491349480968847,0.4090909090909087,0.6205882352941181,0.6047297297297298,1.0,0.4722222222222223,0.24728260869565216,1.0,No Tournament,False,False,False,False,False,False,False,False,False,False,False,False,False,False,False,False,False,False,False,False,False,False,False,False,False,False,False,False,False,True,False,False
0.375,0.5074626865671642,0.5771276595744683,0.5925414364640877,0.48248575648871067,0.8374999999999999,0.7361111111111116,0.33165829145728654,0.3842592592592595,0.23148148148148184,0.47162576687116586,0.20423892100192664,0.11072664359861584,0.8636363636363633,0.638235294117647,0.6722972972972974,0.7500000000000004,0.7708333333333339,0.4266304347826087,1.0,No Tournament,False,False,False,False,False,False,False,False,False,False,False,False,False,False,False,False,False,False,False,False,False,False,False,False,False,False,False,False,False,True,False,False
0.45833333333333304,0.5970149253731344,0.6276595744680855,0.6588397790055245,0.47014138003798267,0.75,0.8055555555555558,0.0,0.3564814814814816,0.31018518518518534,0.2875766871165646,0.09633911368015413,0.18339100346020754,0.6363636363636358,0.8264705882352943,0.814189189189189,0.6328125,0.520833333333333,0.5597826086956522,1.0,No Tournament,False,False,False,False,False,False,False,False,False,False,False,False,False,False,False,False,False,False,False,False,False,False,False,False,False,False,False,False,False,True,False,False
0.375,0.2985074626865672,0.5,0.7444751381215462,0.2640852500527537,0.6125000000000003,0.7430555555555562,0.693467336683417,0.1435185185185186,0.5416666666666667,0.37960122699386534,0.17341040462427748,0.3771626297577855,0.5738636363636362,0.5970588235294119,0.6182432432432434,0.8281250000000004,0.45833333333333304,0.296195652173913,1.0,No Tournament,False,False,False,False,False,False,False,False,False,False,False,False,False,False,False,False,False,False,False,False,False,False,False,False,False,False,False,False,False,True,False,False
0.20833333333333304,0.35820895522388063,0.40957446808510634,0.5317679558011048,0.3634733066047689,0.4812500000000002,0.5763888888888897,0.2613065326633166,0.412037037037037,0.15740740740740766,0.2875766871165646,0.5510597302504818,0.46366782006920415,0.5113636363636362,0.5617647058823532,0.4493243243243241,0.578125,0.4375,0.36684782608695654,1.0,No Tournament,False,False,False,False,False,False,False,False,False,False,False,False,False,False,False,False,False,False,False,False,False,False,False,False,False,False,False,False,False,True,False,False
0.5416666666666665,0.6865671641791045,0.7047872340425534,0.5124309392265194,0.6917071112048956,1.0,0.4722222222222232,0.2814070351758795,0.24537037037037046,0.2685185185185186,0.10966257668711688,0.39691714836223513,0.0657439446366781,0.8863636363636362,0.44999999999999973,0.942567567567568,0.4765625,0.7222222222222232,0.5923913043478262,1.0,No Tournament,False,False,False,False,False,False,False,False,False,False,False,False,False,False,False,False,False,False,False,False,False,False,False,False,False,False,False,False,False,True,False,False
0.2916666666666665,0.26865671641791045,0.32180851063829774,0.5842541436464086,0.23179995779700355,0.4624999999999999,0.611111111111112,0.2814070351758795,0.1435185185185186,0.2083333333333337,0.28144171779141125,0.061657032755298546,0.21799307958477498,0.3011363636363633,0.42647058823529393,0.7398648648648649,0.8203125000000004,0.4652777777777777,0.25,1.0,No Tournament,False,False,False,False,False,False,False,False,False,False,False,False,False,False,False,False,False,False,False,False,False,False,False,False,False,False,False,False,False,True,False,False
0.5416666666666665,0.11940298507462685,0.06382978723404209,0.6533149171270711,0.044946191179573755,0.2124999999999999,0.7152777777777786,0.8844221105527639,0.7453703703703705,0.4583333333333335,0.6863496932515338,0.1348747591522158,0.5882352941176467,0.24999999999999956,0.7617647058823533,0.2939189189189193,0.5390624999999996,0.3541666666666661,0.07065217391304346,1.0,No Tournament,False,False,False,False,False,False,False,False,False,False,False,False,False,False,False,False,False,False,False,False,False,False,False,False,False,False,False,True,False,False,False,False
0.2916666666666665,0.3283582089552239,0.2340425531914887,0.7196132596685079,0.0939016670183583,0.23125000000000018,0.6666666666666674,0.7537688442211057,0.7638888888888888,0.6250000000000002,0.7047546012269936,0.6088631984585744,0.5224913494809686,0.23295454545454541,0.7323529411764707,0.3277027027027031,0.4921875,0.4513888888888893,0.3125,1.0,No Tournament,False,False,False,False,False,False,False,False,False,False,False,False,False,False,False,False,False,False,False,False,False,False,False,False,False,False,False,True,False,False,False,False
0.125,0.26865671641791045,0.11170212765957421,0.7444751381215462,0.038193711753534504,0.20625000000000027,0.6458333333333339,0.9999999999999998,0.48611111111111116,0.5555555555555558,0.6495398773006134,0.34296724470134876,0.5086505190311417,0.24999999999999956,0.8323529411764707,0.2736486486486487,0.28906249999999956,0.3541666666666661,0.23097826086956524,1.0,No Tournament,False,False,False,False,False,False,False,False,False,False,False,False,False,False,False,False,False,False,False,False,False,False,False,False,False,False,False,True,False,False,False,False
0.45833333333333304,0.35820895522388063,0.2473404255319145,0.6947513812154691,0.11162692551171133,0.375,0.5694444444444451,0.864321608040201,0.625,0.5092592592592595,0.6004601226993864,0.8015414258188827,0.802768166089965,0.3636363636363633,0.5676470588235292,0.45608108108108114,0.5546875,0.3541666666666661,0.30434782608695654,1.0,No Tournament,False,False,False,False,False,False,False,False,False,False,False,False,False,False,False,False,False,False,False,False,False,False,False,False,False,False,False,True,False,False,False,False
0.45833333333333304,0.4776119402985075,0.2686170212765955,0.506906077348066,0.24699303650559187,0.4750000000000001,0.11805555555555625,0.864321608040201,0.46759259259259256,0.3564814814814816,0.5207055214723926,0.8246628131021199,0.7093425605536328,0.2784090909090904,0.20882352941176485,0.875,0.17187499999999956,0.604166666666667,0.37228260869565216,1.0,No Tournament,False,False,False,False,False,False,False,False,False,False,False,False,False,False,False,False,False,False,False,False,False,False,False,False,False,False,False,True,False,False,False,False
0.375,0.35820895522388063,0.13829787234042534,0.506906077348066,0.1399029331082507,0.13750000000000018,0.40277777777777857,0.693467336683417,0.7175925925925926,0.4907407407407409,0.3734662576687118,0.48940269749518306,0.7681660899653977,0.3011363636363633,0.33235294117647074,0.04391891891891908,0.5546875,0.3472222222222223,0.2907608695652174,1.0,No Tournament,False,False,False,False,False,False,False,False,False,False,False,False,False,False,False,False,False,False,False,False,False,False,False,False,False,False,False,True,False,False,False,False
0.45833333333333304,0.14925373134328357,0.13297872340425476,0.7610497237569058,0.04125342899345853,0.0,0.7430555555555562,0.5025125628140703,0.4212962962962963,0.47685185185185186,0.66180981595092,0.4662813102119463,0.3529411764705881,0.0,0.6029411764705883,0.2533783783783785,0.8359375000000004,0.5972222222222223,0.13586956521739135,1.0,No Tournament,False,False,False,False,False,False,False,False,False,False,False,False,False,False,False,False,False,False,False,False,False,False,False,False,False,False,False,True,False,False,False,False
0.45833333333333304,0.1791044776119403,0.21276595744680815,0.672651933701657,0.10297531124709855,0.40625,0.7986111111111116,0.9748743718592963,0.8564814814814814,0.5601851851851853,0.7354294478527605,0.5009633911368017,0.9930795847750862,0.4659090909090904,0.802941176470588,0.36148648648648685,0.6484375000000004,0.38194444444444464,0.1657608695652173,1.0,No Tournament,False,False,False,False,False,False,False,False,False,False,False,False,False,False,False,False,False,False,False,False,False,False,False,False,False,False,False,True,False,False,False,False
0.875,0.6865671641791045,0.478723404255319,0.645027624309392,0.3298164169656045,0.5249999999999999,0.5694444444444451,0.6331658291457287,0.6435185185185184,0.6666666666666667,0.66180981595092,0.7398843930635839,0.37370242214532867,0.6590909090909092,0.585294117647059,0.3277027027027031,0.515625,0.9583333333333339,0.5054347826086957,1.0,No Tournament,False,False,False,False,False,False,False,False,False,False,False,False,False,False,False,False,False,False,False,False,False,False,False,False,False,False,False,True,False,False,False,False
0.125,0.44776119402985076,0.5345744680851063,0.603591160220994,0.42783287613420545,0.5500000000000003,0.37500000000000044,0.4522613065326633,0.19907407407407418,0.49537037037037046,0.49003067484662566,0.4161849710982659,0.6159169550173009,0.5568181818181817,0.3382352941176472,0.5101351351351351,0.546875,0.5138888888888893,0.44021739130434784,1.0,No Tournament,False,False,False,False,False,False,False,False,False,False,False,False,False,False,False,False,False,False,False,False,False,False,False,False,False,False,False,False,False,False,True,False
0.45833333333333304,0.5074626865671642,0.4414893617021276,0.5953038674033149,0.3349862840261658,0.2625000000000002,0.5486111111111116,0.5527638190954773,0.6620370370370372,0.9166666666666665,0.5329754601226995,0.2928709055876686,1.0,0.34659090909090917,0.4911764705882353,0.2533783783783785,0.59375,0.3125,0.44565217391304346,1.0,No Tournament,False,False,False,False,False,False,False,False,False,False,False,False,False,False,False,False,False,False,False,False,False,False,False,False,False,False,False,False,False,False,True,False
0.375,0.059701492537313425,0.09840425531914843,0.8743093922651926,0.012027853977632414,0.11250000000000027,1.0000000000000004,0.9045226130653268,0.3472222222222221,0.18518518518518556,0.7967791411042944,0.4431599229287093,0.4186851211072662,0.16477272727272707,0.9852941176470589,0.23310810810810834,0.7890625000000004,0.6875000000000009,0.11684782608695654,1.0,No Tournament,False,False,False,False,False,False,False,False,False,False,False,False,False,False,False,False,False,False,False,False,False,False,False,False,False,False,False,False,False,False,True,False
0.625,0.5671641791044776,0.5718085106382977,0.4295580110497239,0.643490187803334,0.5625,0.4513888888888893,0.38190954773869357,0.587962962962963,0.5046296296296298,0.2937116564417179,0.4662813102119463,0.2733564013840828,0.6761363636363633,0.42647058823529393,0.3952702702702706,0.53125,0.5069444444444446,0.532608695652174,1.0,No Tournament,False,False,False,False,False,False,False,False,False,False,False,False,False,False,False,False,False,False,False,False,False,False,False,False,False,False,False,False,False,False,True,False
0.45833333333333304,0.5074626865671642,0.4042553191489362,0.4129834254143643,0.4791095167756911,0.4187500000000002,0.2291666666666674,0.40201005025125625,0.26388888888888906,0.5185185185185186,0.34279141104294486,0.48940269749518306,0.5778546712802766,0.3125,0.22058823529411775,0.6452702702702702,0.40625,0.4652777777777777,0.4429347826086957,1.0,No Tournament,False,False,False,False,False,False,False,False,False,False,False,False,False,False,False,False,False,False,False,False,False,False,False,False,False,False,False,False,False,False,True,False
0.45833333333333304,0.2985074626865672,0.3909574468085104,0.5704419889502761,0.3096644861785186,0.4624999999999999,0.7083333333333339,0.3718592964824119,0.7361111111111109,0.2500000000000002,0.6986196319018403,0.4161849710982659,0.5155709342560553,0.4090909090909087,0.697058823529412,0.5371621621621623,0.6328125,0.41666666666666696,0.31521739130434784,1.0,No Tournament,False,False,False,False,False,False,False,False,False,False,False,False,False,False,False,False,False,False,False,False,False,False,False,False,False,False,False,False,False,False,True,False
0.7916666666666665,0.5671641791044776,0.35106382978723394,0.4212707182320443,0.41158472251529854,0.2437499999999999,0.4861111111111116,0.4522613065326633,1.0,0.38888888888888906,0.7170245398773005,0.8131021194605013,0.7508650519031139,0.30681818181818166,0.5382352941176469,0.2736486486486487,0.42187499999999956,0.6736111111111116,0.4619565217391305,1.0,No Tournament,False,False,False,False,False,False,False,False,False,False,False,False,False,False,False,False,False,False,False,False,False,False,False,False,False,False,False,False,False,False,True,False
0.625,0.7164179104477612,0.5904255319148937,0.46823204419889475,0.6254484068368854,0.8250000000000002,0.3958333333333339,0.6733668341708541,0.3287037037037037,0.4583333333333335,0.3489263803680984,0.7206165703275531,0.25951557093425603,0.7727272727272729,0.361764705882353,0.7601351351351351,0.5078125,0.5486111111111116,0.6222826086956522,1.0,No Tournament,False,False,False,False,False,False,False,False,False,False,False,False,False,False,False,False,False,False,False,False,False,False,False,False,False,False,False,False,False,False,True,False
0.5416666666666665,0.5373134328358209,0.670212765957447,0.47375690607734766,0.6965604557923613,0.6499999999999999,0.5069444444444451,0.18090452261306544,0.4305555555555558,0.2592592592592595,0.3734662576687118,0.7090558766859347,0.4705882352941173,0.8011363636363638,0.4205882352941175,0.3885135135135136,0.6406250000000004,0.7430555555555562,0.6005434782608696,1.0,No Tournament,False,False,False,False,False,False,False,False,False,False,False,False,False,False,False,False,False,False,False,False,False,False,False,False,False,False,False,False,False,False,False,True
0.5416666666666665,0.6268656716417911,0.4867021276595742,0.36049723756906094,0.6290356615319688,0.4437500000000001,0.43055555555555625,0.5829145728643217,0.800925925925926,0.5231481481481481,0.38573619631901845,0.5818882466281312,0.4982698961937715,0.5511363636363633,0.5382352941176469,0.2939189189189193,0.31249999999999956,0.1388888888888884,0.5760869565217391,1.0,No Tournament,False,False,False,False,False,False,False,False,False,False,False,False,False,False,False,False,False,False,False,False,False,False,False,False,False,False,False,False,False,False,False,True
0.375,0.3880597014925373,0.36170212765957466,0.46823204419889475,0.3761342055285925,0.33125000000000027,0.7500000000000009,0.613065326633166,0.5787037037037037,0.4027777777777779,0.13420245398773045,0.7283236994219655,0.7058823529411764,0.2443181818181812,0.7617647058823533,0.5641891891891895,0.6093750000000004,0.3125,0.4239130434782609,1.0,No Tournament,False,False,False,False,False,False,False,False,False,False,False,False,False,False,False,False,False,False,False,False,False,False,False,False,False,False,False,False,False,False,False,True
0.625,0.44776119402985076,0.5904255319148937,0.5428176795580106,0.5482169234015615,0.6000000000000001,0.729166666666667,0.4522613065326633,0.7361111111111109,0.3148148148148149,0.5268404907975459,0.5433526011560696,0.4809688581314877,0.4431818181818179,0.8088235294117649,0.7195945945945947,0.49999999999999956,0.6875000000000009,0.4211956521739131,1.0,No Tournament,False,False,False,False,False,False,False,False,False,False,False,False,False,False,False,False,False,False,False,False,False,False,False,False,False,False,False,False,False,False,False,True
0.375,0.1791044776119403,0.2340425531914887,0.6201657458563532,0.14148554547372863,0.3062499999999999,0.5833333333333335,0.64321608040201,0.31018518518518534,0.1018518518518522,0.5636503067484664,0.6705202312138732,0.44290657439446357,0.29545454545454497,0.473529411764706,0.3817567567567566,0.6796875000000004,0.4513888888888893,0.19836956521739135,1.0,No Tournament,False,False,False,False,False,False,False,False,False,False,False,False,False,False,False,False,False,False,False,False,False,False,False,False,False,False,False,False,False,False,False,True
0.7916666666666665,0.5970149253731344,0.521276595744681,0.32458563535911633,0.6991981430681579,0.625,0.43055555555555625,0.5326633165829147,0.4212962962962963,0.2777777777777781,0.06671779141104328,0.4161849710982659,0.5363321799307956,0.6704545454545454,0.5029411764705887,0.5101351351351351,0.35156249999999956,0.43055555555555536,0.5842391304347826,1.0,No Tournament,False,False,False,False,False,False,False,False,False,False,False,False,False,False,False,False,False,False,False,False,False,False,False,False,False,False,False,False,False,False,False,True
0.375,0.5970149253731344,0.6994680851063828,0.43784530386740306,0.7508968136737708,0.6937500000000001,0.3819444444444451,0.16080402010050254,0.3935185185185184,0.5,0.25076687116564433,0.35838150289017334,0.3044982698961938,0.7499999999999996,0.4794117647058824,0.5506756756756754,0.28124999999999956,0.4097222222222223,0.6114130434782609,1.0,No Tournament,False,False,False,False,False,False,False,False,False,False,False,False,False,False,False,False,False,False,False,False,False,False,False,False,False,False,False,False,False,False,False,True
0.375,0.44776119402985076,0.4122340425531914,0.46270718232044183,0.43711753534500947,0.5750000000000002,0.3958333333333339,0.7035175879396987,0.31018518518518534,0.2777777777777781,0.4532208588957056,0.4739884393063585,0.46366782006920415,0.5227272727272725,0.5147058823529411,0.6047297297297298,0.26562499999999956,0.4027777777777777,0.49184782608695654,1.0,No Tournament,False,False,False,False,False,False,False,False,False,False,False,False,False,False,False,False,False,False,False,False,False,False,False,False,False,False,False,False,False,False,False,True
0.625,0.6865671641791045,0.7420212765957448,0.21132596685082872,0.9193922768516565,0.65625,0.13888888888888928,0.4120603015075379,0.46759259259259256,0.5277777777777779,0.5329754601226995,0.9132947976878616,0.25605536332179923,0.6477272727272725,0.19705882352941195,0.625,0.22656249999999956,0.30555555555555536,0.7391304347826088,1.0,Made Tournament,False,False,False,False,True,False,False,False,False,False,False,False,False,False,False,False,False,False,False,False,False,False,False,False,False,False,False,False,False,False,False,False
0.7916666666666665,0.6567164179104478,0.8324468085106385,0.4129834254143643,0.8566153196876978,0.6437500000000003,0.5625000000000004,0.3718592964824119,0.5046296296296295,0.5416666666666667,0.5207055214723926,0.7976878612716765,0.24221453287197225,0.6136363636363633,0.7264705882352942,0.6182432432432434,0.31249999999999956,0.6180555555555562,0.7717391304347827,1.0,Made Tournament,False,False,False,False,False,True,False,False,False,False,False,False,False,False,False,False,False,False,False,False,False,False,False,False,False,False,False,False,False,False,False,False
0.708333333333333,0.6567164179104478,0.7127659574468086,0.21132596685082872,0.9083139902933107,0.5625,0.1736111111111116,0.5929648241206029,0.1064814814814814,0.7407407407407409,0.23849693251533766,0.4315992292870905,0.16608996539792387,0.5795454545454541,0.20882352941176485,0.5168918918918917,0.27343749999999956,0.39583333333333304,0.798913043478261,1.0,Made Tournament,False,False,False,False,False,True,False,False,False,False,False,False,False,False,False,False,False,False,False,False,False,False,False,False,False,False,False,False,False,False,False,False
0.875,0.6268656716417911,0.6808510638297873,0.2941988950276242,0.8459590630934797,0.36250000000000027,0.4236111111111116,0.3618090452261309,0.3657407407407407,0.6157407407407407,0.45935582822085896,0.7707129094412335,0.22145328719723167,0.44886363636363624,0.44411764705882373,0.3006756756756759,0.4375,0.4722222222222223,0.7581521739130436,1.0,Made Tournament,False,False,False,False,False,True,False,False,False,False,False,False,False,False,False,False,False,False,False,False,False,False,False,False,False,False,False,False,False,False,False,False
0.7916666666666665,0.5671641791044776,0.6117021276595747,0.22513812154696122,0.8507069001899135,0.4937499999999999,0.3402777777777781,0.522613065326633,0.48611111111111116,0.4398148148148151,0.3059815950920246,0.4662813102119463,0.3460207612456747,0.5170454545454546,0.3970588235294117,0.46283783783783816,0.3359375,0.3611111111111116,0.7092391304347827,1.0,Made Tournament,False,False,False,False,False,True,False,False,False,False,False,False,False,False,False,False,False,False,False,False,False,False,False,False,False,False,False,False,False,False,False,False
0.708333333333333,0.5671641791044776,0.792553191489362,0.37430939226519344,0.8581979320531757,0.5500000000000003,0.3958333333333339,0.6231155778894473,0.5231481481481484,0.9166666666666665,0.5207055214723926,0.4123314065510597,0.5086505190311417,0.6022727272727271,0.3735294117647059,0.46283783783783816,0.4765625,0.31944444444444375,0.7092391304347827,1.0,Made Tournament,False,False,False,False,False,False,True,False,False,False,False,False,False,False,False,False,False,False,False,False,False,False,False,False,False,False,False,False,False,False,False,False
0.875,0.746268656716418,0.7473404255319154,0.18646408839779038,0.9312091158472251,0.6375000000000002,0.3055555555555558,0.5326633165829147,0.48611111111111116,0.5555555555555558,0.42868098159509205,0.4200385356454721,0.2076124567474048,0.6818181818181817,0.28529411764705914,0.5236486486486487,0.40625,0.6597222222222223,0.9103260869565218,1.0,Made Tournament,False,False,False,False,False,False,True,False,False,False,False,False,False,False,False,False,False,False,False,False,False,False,False,False,False,False,False,False,False,False,False,False
0.708333333333333,0.5671641791044776,0.6835106382978724,0.2058011049723758,0.8982907786452837,0.5,0.28472222222222276,0.3517587939698492,0.4027777777777779,0.3564814814814816,0.4225460122699387,0.37379576107899815,0.04498269896193774,0.5170454545454546,0.2735294117647058,0.49662162162162193,0.38281249999999956,0.5763888888888893,0.7527173913043479,1.0,Made Tournament,False,False,False,False,False,False,True,False,False,False,False,False,False,False,False,False,False,False,False,False,False,False,False,False,False,False,False,False,False,False,False,False
0.875,0.746268656716418,0.792553191489362,0.36602209944751385,0.8632622916227052,0.6750000000000003,0.4861111111111116,0.34170854271356776,0.46759259259259256,0.5648148148148149,0.41641104294478537,0.49325626204238926,0.22145328719723167,0.7443181818181817,0.5029411764705887,0.5371621621621623,0.46093749999999956,0.2152777777777768,0.782608695652174,1.0,Made Tournament,False,False,False,False,False,False,False,True,False,False,False,False,False,False,False,False,False,False,False,False,False,False,False,False,False,False,False,False,False,False,False,False
0.625,0.835820895522388,0.6489361702127661,0.38535911602209927,0.7556446507702047,0.84375,0.3819444444444451,0.3718592964824119,0.6990740740740742,0.32870370370370394,0.3366564417177915,0.19653179190751446,0.3771626297577855,0.8977272727272725,0.4205882352941175,0.6452702702702702,0.38281249999999956,0.10416666666666607,0.6684782608695653,1.0,Made Tournament,False,False,False,False,False,False,False,False,False,True,False,False,False,False,False,False,False,False,False,False,False,False,False,False,False,False,False,False,False,False,False,False
0.875,0.8955223880597015,0.5957446808510638,0.3301104972375688,0.7588098755011605,0.5562499999999999,0.04861111111111205,0.40201005025125625,0.3472222222222221,0.7222222222222223,0.3734662576687118,0.2736030828516378,0.38754325259515565,0.5397727272727271,0.0,0.5844594594594597,0.42968749999999956,0.31944444444444375,0.703804347826087,1.0,Made Tournament,False,False,False,False,False,False,False,False,False,False,True,False,False,False,False,False,False,False,False,False,False,False,False,False,False,False,False,False,False,False,False,False
0.7916666666666665,0.9253731343283582,0.7659574468085109,0.2665745856353592,0.9024055707955264,0.6875,0.2708333333333339,0.25125628140703515,0.6805555555555556,0.6296296296296298,0.3673312883435582,0.4277456647398845,0.3494809688581313,0.8579545454545454,0.4794117647058824,0.43581081081081097,0.07031249999999911,0.8958333333333348,0.8342391304347827,1.0,Made Tournament,False,False,False,False,False,False,False,False,False,False,False,False,False,False,False,False,True,False,False,False,False,False,False,False,False,False,False,False,False,False,False,False
0.45833333333333304,0.8059701492537313,0.6808510638297873,0.35773480662983426,0.8003798269677147,0.7749999999999999,0.21527777777777857,0.3718592964824119,0.5972222222222221,0.6435185185185186,0.6004601226993864,0.4585741811175339,0.19377162629757771,0.8863636363636362,0.4205882352941175,0.5168918918918917,0.03906249999999911,0.5694444444444446,0.7173913043478262,1.0,Made Tournament,False,False,False,False,False,False,False,False,False,False,False,False,False,False,False,False,False,False,False,False,False,True,False,False,False,False,False,False,False,False,False,False
0.875,0.7761194029850746,0.5531914893617018,0.2058011049723758,0.8262291622705211,0.6062500000000002,0.28472222222222276,0.6331658291457287,1.0,0.5092592592592595,0.8581288343558278,0.5048169556840079,0.422145328719723,0.6420454545454541,0.28529411764705914,0.5236486486486487,0.39062499999999956,0.36805555555555536,0.7690217391304348,1.0,Made Tournament,False,False,False,False,False,False,False,False,False,False,False,False,False,False,False,False,False,False,False,False,False,False,True,False,False,False,False,False,False,False,False,False
0.5416666666666665,0.8656716417910448,0.8404255319148941,0.3162983425414363,0.9101076176408525,0.9437500000000001,0.4513888888888893,0.2613065326633166,0.5694444444444446,0.6342592592592593,0.263036809815951,0.23892100192678223,0.3460207612456747,0.7556818181818179,0.5558823529411767,0.9560810810810811,0.32812499999999956,0.3541666666666661,0.7934782608695653,1.0,Made Tournament,False,False,False,False,False,False,False,False,False,False,False,False,False,False,False,False,False,False,False,False,False,False,False,False,False,True,False,False,False,False,False,False
0.875,0.5671641791044776,0.6781914893617023,0.16436464088397784,0.915910529647605,0.4624999999999999,0.3263888888888897,0.4422110552763818,0.875,0.5787037037037039,0.6924846625766872,0.3198458574181118,0.408304498269896,0.5056818181818179,0.43235294117647083,0.41554054054054035,0.24999999999999956,0.15972222222222143,0.703804347826087,1.0,Made Tournament,False,False,False,False,False,False,False,False,False,False,False,False,False,False,False,False,False,False,False,False,False,False,False,False,False,False,True,False,False,False,False,False
0.875,0.6567164179104478,0.43882978723404253,0.27762430939226546,0.6681789407047901,0.26875000000000027,0.24305555555555625,0.5829145728643217,0.5972222222222221,0.8287037037037037,0.2569018404907979,0.6859344894026977,0.4048442906574392,0.375,0.3264705882352943,0.21283783783783772,0.23437499999999956,0.39583333333333304,0.5978260869565217,1.0,Made Tournament,True,False,False,False,False,False,False,False,False,False,False,False,False,False,False,False,False,False,False,False,False,False,False,False,False,False,False,False,False,False,False,False
0.625,0.7164179104477612,0.5265957446808507,0.05386740331491735,0.9044102131251319,0.4812500000000002,0.006944444444445086,0.6532663316582916,0.9675925925925926,0.5972222222222223,0.5943251533742331,0.5433526011560696,0.5121107266435985,0.7102272727272725,0.15588235294117636,0.21959459459459474,0.007812499999999112,0.5347222222222223,0.7146739130434783,1.0,Made Tournament,True,False,False,False,False,False,False,False,False,False,False,False,False,False,False,False,False,False,False,False,False,False,False,False,False,False,False,False,False,False,False,False
0.708333333333333,0.5671641791044776,0.7473404255319154,0.2058011049723758,0.9239290989660265,0.53125,0.2291666666666674,0.40201005025125625,0.29166666666666674,0.5092592592592595,0.3059815950920246,0.51252408477842,0.3529411764705881,0.5681818181818179,0.28529411764705914,0.46959459459459474,0.28124999999999956,0.45833333333333304,0.7472826086956522,1.0,Made Tournament,False,True,False,False,False,False,False,False,False,False,False,False,False,False,False,False,False,False,False,False,False,False,False,False,False,False,False,False,False,False,False,False
0.708333333333333,0.5671641791044776,0.6835106382978724,0.2361878453038675,0.8816205950622493,0.4500000000000002,0.3263888888888897,0.5025125628140703,0.9398148148148149,0.5601851851851853,0.7661042944785272,0.5857418111753372,0.43252595155709317,0.4943181818181812,0.3382352941176472,0.40878378378378377,0.35156249999999956,0.36805555555555536,0.6956521739130436,1.0,Made Tournament,False,True,False,False,False,False,False,False,False,False,False,False,False,False,False,False,False,False,False,False,False,False,False,False,False,False,False,False,False,False,False,False
0.625,0.7761194029850746,0.5904255319148937,0.3439226519337013,0.744671871702891,0.6375000000000002,0.36805555555555625,0.33165829145728654,0.5694444444444446,0.42592592592592604,0.07898773006134996,0.5510597302504818,0.19723183391003452,0.625,0.30294117647058805,0.5844594594594597,0.5234375,0.3263888888888893,0.657608695652174,1.0,Made Tournament,False,False,True,False,False,False,False,False,False,False,False,False,False,False,False,False,False,False,False,False,False,False,False,False,False,False,False,False,False,False,False,False
0.7916666666666665,0.8059701492537313,0.7313829787234045,0.22513812154696122,0.9078919603291833,0.4125000000000001,0.36111111111111205,0.25125628140703515,0.7361111111111109,0.8935185185185184,0.5145705521472392,0.6165703275529868,0.301038062283737,0.3977272727272725,0.23235294117647065,0.4898648648648649,0.5546875,0.20833333333333304,0.8423913043478262,1.0,Made Tournament,False,False,False,False,True,False,False,False,False,False,False,False,False,False,False,False,False,False,False,False,False,False,False,False,False,False,False,False,False,False,False,False
0.708333333333333,0.6567164179104478,0.6223404255319149,0.08149171270718236,0.9308925933741296,0.5437500000000002,0.1250000000000009,0.11055276381909551,0.3935185185185184,0.2962962962962965,0.34279141104294486,0.21965317919075145,0.1384083044982698,0.5170454545454546,0.17352941176470615,0.5844594594594597,0.24218749999999956,0.20833333333333304,0.8559782608695653,1.0,Made Tournament,False,False,False,False,False,True,False,False,False,False,False,False,False,False,False,False,False,False,False,False,False,False,False,False,False,False,False,False,False,False,False,False
0.7916666666666665,0.6567164179104478,0.8936170212765964,0.3024861878453038,0.9341633255961174,0.7687500000000003,0.34722222222222276,0.2814070351758795,0.5416666666666667,0.4722222222222223,0.5636503067484664,0.323699421965318,0.06228373702422141,0.8181818181818179,0.3500000000000001,0.6047297297297298,0.40625,0.49305555555555536,0.8016304347826088,1.0,Made Tournament,False,False,False,False,False,False,True,False,False,False,False,False,False,False,False,False,False,False,False,False,False,False,False,False,False,False,False,False,False,False,False,False
0.708333333333333,0.7164179104477612,0.6170212765957448,0.059392265193370264,0.9374340578181051,0.4375,0.33333333333333437,0.3919597989949748,0.9120370370370372,0.4722222222222223,0.2937116564417179,0.34682080924855496,0.30795847750865035,0.4715909090909087,0.4617647058823531,0.41554054054054035,0.23437499999999956,0.20138888888888928,0.861413043478261,1.0,Made Tournament,False,False,False,False,False,False,True,False,False,False,False,False,False,False,False,False,False,False,False,False,False,False,False,False,False,False,False,False,False,False,False,False
0.708333333333333,0.6865671641791045,0.7154255319148937,0.28314917127071837,0.8712808609411269,0.6937500000000001,0.20138888888888928,0.5929648241206029,0.337962962962963,0.5231481481481481,0.3182515337423315,0.5202312138728327,0.4878892733564011,0.5340909090909087,0.23235294117647065,0.7804054054054053,0.31249999999999956,0.5902777777777777,0.7581521739130436,1.0,Made Tournament,False,False,False,False,False,False,False,True,False,False,False,False,False,False,False,False,False,False,False,False,False,False,False,False,False,False,False,False,False,False,False,False
0.708333333333333,0.5671641791044776,0.6143617021276597,0.3107734806629838,0.7895125553914328,0.46875,0.43055555555555625,0.40201005025125625,0.6342592592592593,0.5277777777777779,0.5084355828220859,0.49710982658959546,0.38062283737024205,0.5681818181818179,0.44411764705882373,0.3479729729729728,0.4375,0.5833333333333339,0.6739130434782609,1.0,Made Tournament,False,False,False,False,False,False,False,True,False,False,False,False,False,False,False,False,False,False,False,False,False,False,False,False,False,False,False,False,False,False,False,False
0.625,0.746268656716418,0.5691489361702127,0.48480662983425393,0.5851445452627136,0.8562500000000002,0.46527777777777857,0.38190954773869357,0.5787037037037037,0.4305555555555556,0.244631901840491,0.38535645472061675,0.5363321799307956,0.8522727272727271,0.4794117647058824,0.7128378378378377,0.46874999999999956,0.41666666666666696,0.5978260869565217,1.0,Made Tournament,False,False,False,False,False,False,False,False,True,False,False,False,False,False,False,False,False,False,False,False,False,False,False,False,False,False,False,False,False,False,False,False
0.5416666666666665,0.6567164179104478,0.5638297872340425,0.5787292817679552,0.48385735387212486,0.7749999999999999,0.49305555555555625,0.3618090452261309,0.48611111111111116,0.19907407407407418,0.6372699386503067,0.6435452793834298,0.20069204152249132,0.7386363636363638,0.5441176470588234,0.7060810810810811,0.4140625,0.4652777777777777,0.5489130434782609,1.0,Made Tournament,False,False,False,False,False,False,False,False,False,True,False,False,False,False,False,False,False,False,False,False,False,False,False,False,False,False,False,False,False,False,False,False
0.708333333333333,0.6567164179104478,0.646276595744681,0.4654696132596685,0.6801012871913906,0.8812500000000001,0.6041666666666674,0.31155778894472363,0.3472222222222221,0.21296296296296324,0.22622699386503098,0.48940269749518306,0.2076124567474048,0.8636363636363633,0.697058823529412,0.7398648648648649,0.4140625,0.38194444444444464,0.6086956521739131,1.0,Made Tournament,False,False,False,False,False,False,False,False,False,False,False,True,False,False,False,False,False,False,False,False,False,False,False,False,False,False,False,False,False,False,False,False
0.7916666666666665,0.746268656716418,0.3856382978723403,0.24723756906077332,0.6407469930365056,0.30000000000000027,0.15277777777777857,0.4321608040201006,0.5138888888888888,0.6481481481481484,0.23849693251533766,0.28131021194605,0.36678200692041507,0.19886363636363624,0.138235294117647,0.5168918918918917,0.31249999999999956,0.27083333333333304,0.6358695652173914,1.0,Made Tournament,False,False,False,False,False,False,False,False,False,False,False,False,True,False,False,False,False,False,False,False,False,False,False,False,False,False,False,False,False,False,False,False
0.625,0.746268656716418,0.6117021276595747,0.43232044198895014,0.6808398396286137,0.7625000000000002,0.3958333333333339,0.4321608040201006,0.5046296296296295,0.5787037037037039,0.31211656441717817,0.5086705202312138,0.46366782006920415,0.8181818181818179,0.5147058823529411,0.5912162162162162,0.28124999999999956,0.5069444444444446,0.625,1.0,Made Tournament,False,False,False,False,False,False,False,False,False,False,False,False,False,True,False,False,False,False,False,False,False,False,False,False,False,False,False,False,False,False,False,False
0.2916666666666665,0.6268656716417911,0.6835106382978724,0.4654696132596685,0.7140746993036505,0.8250000000000002,0.2708333333333339,0.4321608040201006,0.20833333333333326,0.37962962962962976,0.22622699386503098,0.3275529865125242,0.32179930795847733,0.875,0.39117647058823524,0.625,0.20312499999999956,0.7083333333333339,0.6603260869565217,1.0,Made Tournament,False,False,False,False,False,False,False,False,False,False,False,False,False,False,True,False,False,False,False,False,False,False,False,False,False,False,False,False,False,False,False,False
0.625,0.4776119402985075,0.542553191489362,0.6395027624309386,0.39860730111837933,0.6625000000000001,0.6180555555555558,0.38190954773869357,0.5138888888888888,0.3240740740740744,0.6004601226993864,0.5857418111753372,0.23183391003460196,0.7159090909090908,0.5382352941176469,0.5304054054054057,0.6406250000000004,0.6875000000000009,0.40217391304347827,1.0,Made Tournament,False,False,False,False,False,False,False,False,False,False,False,False,False,False,False,True,False,False,False,False,False,False,False,False,False,False,False,False,False,False,False,False
0.708333333333333,0.5671641791044776,0.43351063829787195,0.41022099447513805,0.5174087360202575,0.45625000000000027,0.2916666666666674,0.5326633165829147,0.5046296296296295,0.39814814814814836,0.35506134969325154,0.5664739884393064,0.4775086505190309,0.3352272727272725,0.3147058823529414,0.6587837837837838,0.34374999999999956,0.3125,0.47010869565217395,1.0,Made Tournament,False,False,False,False,False,False,False,False,False,False,False,False,False,False,False,False,False,False,True,False,False,False,False,False,False,False,False,False,False,False,False,False
0.708333333333333,0.835820895522388,0.7367021276595747,0.28314917127071837,0.8811985650981219,0.7062500000000003,0.29861111111111205,0.11055276381909551,0.5787037037037037,0.4212962962962965,0.244631901840491,0.7398843930635839,0.2145328719723183,0.8125,0.30294117647058805,0.5033783783783785,0.375,0.6111111111111116,0.7880434782608696,1.0,Made Tournament,False,False,False,False,False,False,False,False,False,False,False,False,False,False,False,False,False,False,False,True,False,False,False,False,False,False,False,False,False,False,False,False
0.708333333333333,0.8059701492537313,0.7047872340425534,0.3080110497237567,0.8507069001899135,0.71875,0.21527777777777857,0.47236180904522596,0.4027777777777779,0.6435185185185186,0.08512269938650352,0.5818882466281312,0.43252595155709317,0.7727272727272729,0.061764705882353166,0.570945945945946,0.5390624999999996,0.5277777777777777,0.7391304347826088,1.0,Made Tournament,False,False,False,False,False,False,False,False,False,False,False,False,False,False,False,False,False,False,False,True,False,False,False,False,False,False,False,False,False,False,False,False
0.625,0.5970149253731344,0.5239361702127661,0.6809392265193366,0.3405781810508545,0.7375000000000003,0.5972222222222228,0.6231155778894473,0.6712962962962963,0.5277777777777779,0.753834355828221,0.5433526011560696,0.2629757785467126,0.5909090909090908,0.5970588235294119,0.8682432432432434,0.5390624999999996,0.41666666666666696,0.4320652173913043,1.0,Made Tournament,False,False,False,False,False,False,False,False,False,False,False,False,False,False,False,False,False,False,False,False,True,False,False,False,False,False,False,False,False,False,False,False
0.5416666666666665,0.7761194029850746,0.8005319148936172,0.42403314917127055,0.8305549694028276,0.9500000000000002,0.36805555555555625,0.17085427135678377,0.28240740740740744,0.3333333333333335,0.25076687116564433,0.2658959537572254,0.19377162629757771,1.0,0.355882352941177,0.6587837837837838,0.46874999999999956,0.729166666666667,0.7173913043478262,1.0,Made Tournament,False,False,False,False,False,False,False,False,False,False,False,False,False,False,False,False,False,False,False,False,False,True,False,False,False,False,False,False,False,False,False,False
0.708333333333333,0.6567164179104478,0.6356382978723407,0.3301104972375688,0.7896180628824646,0.5125000000000002,0.3541666666666674,0.522613065326633,0.5601851851851851,0.6296296296296298,0.3673312883435582,0.855491329479769,0.5813148788927334,0.5795454545454541,0.361764705882353,0.4290540540540544,0.39062499999999956,0.6875000000000009,0.6875,1.0,Made Tournament,False,False,False,False,False,False,False,False,False,False,False,False,False,False,False,False,False,False,False,False,False,False,True,False,False,False,False,False,False,False,False,False
0.708333333333333,0.6865671641791045,0.646276595744681,0.548342541436464,0.6008651614264612,0.84375,0.5069444444444451,0.5829145728643217,0.4490740740740742,0.5601851851851853,0.37960122699386534,0.2620423892100192,0.22145328719723167,0.7329545454545454,0.5500000000000003,0.8277027027027026,0.42968749999999956,0.4097222222222223,0.5652173913043479,1.0,Made Tournament,False,False,False,False,False,False,False,False,False,False,False,False,False,False,False,False,False,False,False,False,False,False,False,True,False,False,False,False,False,False,False,False
0.625,0.6865671641791045,0.5744680851063833,0.4267955801104968,0.6490820848280228,0.7062500000000003,0.47916666666666696,0.29145728643216073,0.7453703703703705,0.22685185185185208,0.7906441717791406,0.531791907514451,0.31487889273356373,0.6022727272727271,0.5911764705882354,0.7331081081081083,0.34374999999999956,0.645833333333333,0.6494565217391305,1.0,Made Tournament,False,False,False,False,False,False,False,False,False,False,False,False,False,False,False,False,False,False,False,False,False,False,False,False,True,False,False,False,False,False,False,False
0.625,0.5671641791044776,0.7579787234042556,0.33839779005524884,0.8616796792572273,0.6687500000000002,0.5277777777777781,0.47236180904522596,0.7083333333333335,0.5601851851851853,0.5145705521472392,0.35838150289017334,0.4048442906574392,0.6875,0.4147058823529415,0.5777027027027026,0.703125,0.5347222222222223,0.7092391304347827,1.0,Made Tournament,False,False,False,False,False,False,False,False,False,False,False,False,False,False,False,False,False,False,False,False,False,False,False,False,False,False,True,False,False,False,False,False
0.708333333333333,0.6567164179104478,0.8537234042553195,0.3080110497237567,0.9193922768516565,0.7625000000000002,0.47916666666666696,0.57286432160804,0.6064814814814814,0.7685185185185186,0.5329754601226995,0.4277456647398845,0.3564013840830449,0.7272727272727271,0.42647058823529393,0.7060810810810811,0.5703125000000004,0.4861111111111116,0.8070652173913044,1.0,Made Tournament,False,False,False,False,False,False,False,False,False,False,False,False,False,False,False,False,False,False,False,False,False,False,False,False,False,False,True,False,False,False,False,False
0.375,0.7761194029850746,0.42819148936170226,0.41574585635359096,0.5062249419708799,0.59375,0.44444444444444464,0.38190954773869357,0.9583333333333335,0.4120370370370372,0.4654907975460123,0.4778420038535647,0.570934256055363,0.5056818181818179,0.5088235294117647,0.7060810810810811,0.38281249999999956,0.3541666666666661,0.6141304347826088,1.0,Made Tournament,False,False,False,False,False,False,False,False,False,False,False,False,False,False,False,False,False,False,False,False,False,False,False,False,False,False,False,False,True,False,False,False
0.625,0.5373134328358209,0.579787234042553,0.645027624309392,0.4328972357037349,0.6937500000000001,0.7083333333333339,0.2211055276381908,0.1342592592592593,0.12037037037037057,0.3059815950920246,0.40847784200385373,0.16262975778546707,0.6534090909090908,0.6735294117647062,0.6385135135135136,0.671875,0.3125,0.45108695652173914,1.0,Made Tournament,False,False,False,False,False,False,False,False,False,False,False,False,False,False,False,False,False,False,False,False,False,False,False,False,False,False,False,False,False,True,False,False
0.625,0.8656716417910448,0.7180851063829787,0.34668508287292843,0.8323485967503692,0.7312500000000002,0.3819444444444451,0.4321608040201006,0.5694444444444446,0.875,0.0973926380368102,0.5009633911368017,0.37024221453287187,0.9147727272727275,0.40294117647058814,0.45608108108108114,0.39843749999999956,0.3541666666666661,0.7228260869565217,1.0,Made Tournament,False,False,False,False,False,False,False,False,False,False,False,False,False,False,False,False,False,False,False,False,False,False,False,False,False,False,False,False,False,False,True,False
0.708333333333333,0.6268656716417911,0.7526595744680851,0.2941988950276242,0.8832032074277274,0.7124999999999999,0.3819444444444451,0.27135678391959783,0.31018518518518534,0.6064814814814816,0.1280674846625769,0.2890173410404626,0.25259515570934243,0.6647727272727271,0.473529411764706,0.7128378378378377,0.28906249999999956,0.14583333333333215,0.6630434782608696,1.0,Made Tournament,False,False,False,False,False,False,False,False,False,False,False,False,False,False,False,False,False,False,False,False,False,False,False,False,False,False,False,False,False,False,False,True
0.625,0.6567164179104478,0.6542553191489362,0.3301104972375688,0.8018569318421608,0.46875,0.5000000000000009,0.2211055276381908,0.7083333333333335,0.40740740740740744,0.5084355828220859,0.4200385356454721,0.4186851211072662,0.5397727272727271,0.6088235294117648,0.3885135135135136,0.35156249999999956,0.5694444444444446,0.7336956521739131,1.0,Made Tournament,False,False,False,False,True,False,False,False,False,False,False,False,False,False,False,False,False,False,False,False,False,False,False,False,False,False,False,False,False,False,False,False
0.708333333333333,0.5970149253731344,0.6010638297872344,0.38259668508287303,0.717556446507702,0.59375,0.5069444444444451,0.08040201005025138,0.7638888888888888,0.1712962962962965,0.5207055214723926,0.3044315992292872,0.6193771626297577,0.5738636363636362,0.5382352941176469,0.5777027027027026,0.453125,0.7152777777777777,0.6521739130434783,1.0,Made Tournament,False,False,False,False,False,False,False,True,False,False,False,False,False,False,False,False,False,False,False,False,False,False,False,False,False,False,False,False,False,False,False,False
0.45833333333333304,0.5074626865671642,0.35106382978723394,0.6256906077348061,0.22663009073644227,0.46875,0.4513888888888893,0.9246231155778892,0.4212962962962963,0.7731481481481481,0.3673312883435582,0.4585741811175339,0.3321799307958475,0.607954545454545,0.5735294117647061,0.2871621621621623,0.28124999999999956,0.30555555555555536,0.38858695652173914,1.0,Made Tournament,False,False,False,False,False,False,False,False,False,False,False,False,False,False,False,False,False,True,False,False,False,False,False,False,False,False,False,False,False,False,False,False
0.708333333333333,0.6268656716417911,0.4494680851063828,0.5538674033149169,0.38457480481114154,0.4125000000000001,0.5416666666666674,0.3919597989949748,1.0,0.5370370370370372,0.8213190184049077,0.8285163776493261,0.8442906574394462,0.48863636363636376,0.7382352941176475,0.3479729729729728,0.21874999999999956,0.7083333333333339,0.49184782608695654,1.0,Made Tournament,False,False,False,False,False,False,False,False,False,False,False,False,False,False,False,False,False,False,False,False,False,False,False,False,False,False,False,True,False,False,False,False
0.958333333333333,0.835820895522388,0.7154255319148937,0.14502762430939287,0.9369065203629457,0.5062500000000001,0.2638888888888897,0.5427135678391959,0.6805555555555556,0.6805555555555556,0.3734662576687118,0.5472061657032756,0.4809688581314877,0.5852272727272725,0.24411764705882355,0.4020270270270272,0.39843749999999956,0.5555555555555554,0.891304347826087,1.0,Made Tournament,False,True,False,False,False,False,False,False,False,False,False,False,False,False,False,False,False,False,False,False,False,False,False,False,False,False,False,False,False,False,False,False
0.875,0.835820895522388,0.938829787234043,0.15883977900552537,0.9829077864528382,0.65625,0.3819444444444451,0.3718592964824119,0.49537037037037046,0.7962962962962963,0.11579754601227021,0.3314065510597304,0.22837370242214516,0.6534090909090908,0.3970588235294117,0.6047297297297298,0.39843749999999956,0.9722222222222232,0.9565217391304348,1.0,Made Tournament,False,True,False,False,False,False,False,False,False,False,False,False,False,False,False,False,False,False,False,False,False,False,False,False,False,False,False,False,False,False,False,False
0.7916666666666665,0.746268656716418,0.8776595744680855,0.2140883977900554,0.9591686009706688,0.8250000000000002,0.3888888888888897,0.38190954773869357,0.800925925925926,0.5324074074074077,0.38573619631901845,0.39691714836223513,0.15570934256055358,0.6988636363636362,0.4617647058823531,0.820945945945946,0.3359375,0.2152777777777768,0.8206521739130436,1.0,Made Tournament,False,True,False,False,False,False,False,False,False,False,False,False,False,False,False,False,False,False,False,False,False,False,False,False,False,False,False,False,False,False,False,False
0.958333333333333,0.9552238805970149,0.8218085106382982,0.1339779005524866,0.9678202152352816,0.6062500000000002,0.0,0.3015075376884422,0.48611111111111116,0.7546296296296295,0.31211656441717817,0.38535645472061675,0.5363321799307956,0.607954545454545,0.10882352941176476,0.5574324324324325,0.0,0.36805555555555536,0.8967391304347827,1.0,Made Tournament,False,False,False,False,True,False,False,False,False,False,False,False,False,False,False,False,False,False,False,False,False,False,False,False,False,False,False,False,False,False,False,False
0.958333333333333,0.8656716417910448,0.792553191489362,0.0,0.9916649082084827,0.5750000000000002,0.04861111111111205,0.04020100502512558,0.46759259259259256,0.3055555555555558,0.23849693251533766,0.22736030828516385,0.07958477508650519,0.6363636363636358,0.1852941176470586,0.46959459459459474,0.05468749999999911,0.27083333333333304,0.9347826086956522,1.0,Made Tournament,False,False,False,False,False,True,False,False,False,False,False,False,False,False,False,False,False,False,False,False,False,False,False,False,False,False,False,False,False,False,False,False
1.0,0.7164179104477612,0.6196808510638299,0.16712707182320452,0.8884785819793205,0.6000000000000001,0.20833333333333393,0.4321608040201006,0.7361111111111109,0.5324074074074077,0.48389570552147254,0.300578034682081,0.4186851211072662,0.625,0.44999999999999973,0.5304054054054057,0.04687499999999911,0.2361111111111116,0.6548913043478262,1.0,Made Tournament,False,False,False,False,False,False,False,False,False,False,False,False,False,False,False,False,False,False,False,False,False,False,True,False,False,False,False,False,False,False,False,False
0.7916666666666665,0.8059701492537313,0.8803191489361706,0.3024861878453038,0.9300485334458747,0.5500000000000003,0.4513888888888893,0.4422110552763818,0.6620370370370372,0.8611111111111112,0.60659509202454,0.597302504816956,0.39100346020761245,0.6988636363636362,0.4852941176470589,0.31418918918918903,0.4140625,0.6388888888888893,0.8831521739130436,1.0,Made Tournament,False,False,False,False,False,False,False,False,False,False,False,False,False,False,False,False,False,False,False,False,False,False,False,False,False,False,True,False,False,False,False,False
0.875,0.8955223880597015,1.0,0.26381215469613295,0.9729900822958428,0.8062499999999999,0.3263888888888897,0.23115577889447247,0.46759259259259256,0.6250000000000002,0.5697852760736195,0.4508670520231215,0.45328719723183375,0.8409090909090908,0.20882352941176485,0.6385135135135136,0.546875,0.4722222222222223,0.953804347826087,1.0,Made Tournament,False,False,False,False,False,False,False,False,False,False,False,False,False,False,False,False,False,False,False,False,False,False,False,False,False,False,True,False,False,False,False,False
